name,domain,dns_status,whois_status,parking_detected,registrar_hint
anchorblend,anchorblend.com,likely_available,pending,False,
anchordock,anchordock.com,likely_available,registered,False,
anchorgather,anchorgather.com,likely_available,pending,False,
anchorjoin,anchorjoin.com,likely_available,available,False,
anchorline,anchorline.com,likely_available,pending,False,
anchorlink,anchorlink.com,likely_available,pending,False,
anchormerge,anchormerge.com,likely_available,pending,False,
anchornect,anchornect.com,likely_available,available,False,
apexgather,apexgather.com,likely_available,pending,False,
apexknit,apexknit.com,likely_available,pending,False,
apexnect,apexnect.com,likely_available,available,False,
apextie,apextie.com,likely_available,pending,False,
artistbase,artistbase.com,likely_available,pending,False,
artistbeacon,artistbeacon.com,likely_available,pending,False,
artistbrave,artistbrave.com,likely_available,pending,False,
artistcataly,artistcataly.com,likely_available,pending,False,
artistelev,artistelev.com,likely_available,pending,False,
artistflour,artistflour.com,likely_available,pending,False,
artistfresh,artistfresh.com,likely_available,pending,False,
artistfuse,artistfuse.com,likely_available,pending,False,
artistignite,artistignite.com,likely_available,pending,False,
artistknit,artistknit.com,likely_available,pending,False,
artistlink,artistlink.com,likely_available,pending,False,
artistmerge,artistmerge.com,likely_available,pending,False,
artistnect,artistnect.com,likely_available,pending,False,
artistopen,artistopen.com,likely_available,pending,False,
artistrally,artistrally.com,likely_available,pending,False,
artistrapid,artistrapid.com,likely_available,pending,False,
artistscale,artistscale.com,likely_available,pending,False,
artistsoar,artistsoar.com,likely_available,pending,False,
artistsurge,artistsurge.com,likely_available,pending,False,
artistswift,artistswift.com,likely_available,pending,False,
artisttie,artisttie.com,likely_available,pending,False,
artisttrail,artisttrail.com,likely_available,pending,False,
artisttrue,artisttrue.com,likely_available,pending,False,
artistvivid,artistvivid.com,likely_available,pending,False,
artistweave,artistweave.com,likely_available,pending,False,
artnecta,artnecta.com,likely_available,available,False,
audiolynk,audiolynk.com,likely_available,available,False,
beaconalign,beaconalign.com,likely_available,pending,False,
beacongather,beacongather.com,likely_available,pending,False,
beaconjoin,beaconjoin.com,likely_available,pending,False,
beaconknit,beaconknit.com,likely_available,pending,False,
beaconmerge,beaconmerge.com,likely_available,pending,False,
beaconrelay,beaconrelay.com,likely_available,pending,False,
beaconsync,beaconsync.com,likely_available,pending,False,
beacontie,beacontie.com,likely_available,pending,False,
beaconweave,beaconweave.com,likely_available,pending,False,
beaconweb,beaconweb.com,likely_available,pending,False,
bloomcircle,bloomcircle.com,likely_available,pending,False,
bloomlynk,bloomlynk.com,likely_available,available,False,
bloomnect,bloomnect.com,likely_available,available,False,
boldgather,boldgather.com,likely_available,pending,False,
boldjoin,boldjoin.com,likely_available,pending,False,
boldknit,boldknit.com,likely_available,pending,False,
boldlynk,boldlynk.com,likely_available,registered,False,
boldnect,boldnect.com,likely_available,available,False,
boldwave,boldwave.com,likely_available,pending,False,
boostjoin,boostjoin.com,likely_available,pending,False,
boostknit,boostknit.com,likely_available,pending,False,
boostnect,boostnect.com,likely_available,available,False,
boosttie,boosttie.com,likely_available,pending,False,
boostweave,boostweave.com,likely_available,pending,False,
bravedock,bravedock.com,likely_available,pending,False,
bravefuse,bravefuse.com,likely_available,pending,False,
bravegather,bravegather.com,likely_available,pending,False,
bravelynk,bravelynk.com,likely_available,available,False,
bravemeet,bravemeet.com,likely_available,pending,False,
bravenect,bravenect.com,likely_available,available,False,
braverelay,braverelay.com,likely_available,pending,False,
bravetie,bravetie.com,likely_available,pending,False,
braveweave,braveweave.com,likely_available,pending,False,
brightbase,brightbase.com,likely_available,pending,False,
brightjoin,brightjoin.com,likely_available,pending,False,
brightknit,brightknit.com,likely_available,pending,False,
brightnect,brightnect.com,likely_available,available,False,
brightnode,brightnode.com,likely_available,pending,False,
brightunion,brightunion.com,likely_available,pending,False,
buildblend,buildblend.com,likely_available,pending,False,
buildgrid,buildgrid.com,likely_available,pending,False,
buildjoin,buildjoin.com,likely_available,pending,False,
buildknit,buildknit.com,likely_available,pending,False,
buildpath,buildpath.com,likely_available,pending,False,
buildsync,buildsync.com,likely_available,pending,False,
buildtie,buildtie.com,likely_available,pending,False,
catalyalign,catalyalign.com,likely_available,pending,False,
catalybase,catalybase.com,likely_available,pending,False,
catalyblend,catalyblend.com,likely_available,pending,False,
catalybond,catalybond.com,likely_available,pending,False,
catalybridge,catalybridge.com,likely_available,pending,False,
catalychain,catalychain.com,likely_available,pending,False,
catalycircle,catalycircle.com,likely_available,pending,False,
catalycore,catalycore.com,likely_available,pending,False,
catalydock,catalydock.com,likely_available,pending,False,
catalyecho,catalyecho.com,likely_available,pending,False,
catalyflow,catalyflow.com,likely_available,pending,False,
catalyfuse,catalyfuse.com,likely_available,pending,False,
catalygather,catalygather.com,likely_available,pending,False,
catalygrid,catalygrid.com,likely_available,pending,False,
catalyhub,catalyhub.com,likely_available,pending,False,
catalyjoin,catalyjoin.com,likely_available,pending,False,
catalyknit,catalyknit.com,likely_available,pending,False,
catalylane,catalylane.com,likely_available,pending,False,
catalyline,catalyline.com,likely_available,pending,False,
catalylink,catalylink.com,likely_available,pending,False,
catalyloop,catalyloop.com,likely_available,pending,False,
catalylynk,catalylynk.com,likely_available,pending,False,
catalymeet,catalymeet.com,likely_available,pending,False,
catalymerge,catalymerge.com,likely_available,pending,False,
catalymesh,catalymesh.com,likely_available,available,False,
catalynect,catalynect.com,likely_available,available,False,
catalynest,catalynest.com,likely_available,pending,False,
catalynet,catalynet.com,likely_available,pending,False,
catalynode,catalynode.com,likely_available,pending,False,
catalypath,catalypath.com,likely_available,pending,False,
catalyport,catalyport.com,likely_available,pending,False,
catalyrelay,catalyrelay.com,likely_available,pending,False,
catalyring,catalyring.com,likely_available,pending,False,
catalyroute,catalyroute.com,likely_available,pending,False,
catalysignal,catalysignal.com,likely_available,pending,False,
catalyspot,catalyspot.com,likely_available,pending,False,
catalysync,catalysync.com,likely_available,pending,False,
catalytie,catalytie.com,likely_available,pending,False,
catalytrail,catalytrail.com,likely_available,pending,False,
catalyunion,catalyunion.com,likely_available,pending,False,
catalywave,catalywave.com,likely_available,pending,False,
catalyweave,catalyweave.com,likely_available,pending,False,
catalywire,catalywire.com,likely_available,pending,False,
clearbase,clearbase.com,likely_available,pending,False,
clearrelay,clearrelay.com,likely_available,pending,False,
cleartrail,cleartrail.com,likely_available,pending,False,
collectalign,collectalign.com,likely_available,pending,False,
collectblend,collectblend.com,likely_available,pending,False,
collectbloom,collectbloom.com,likely_available,pending,False,
collectbold,collectbold.com,likely_available,pending,False,
collectbond,collectbond.com,likely_available,pending,False,
collectbrave,collectbrave.com,likely_available,pending,False,
collectbuild,collectbuild.com,likely_available,pending,False,
collectdash,collectdash.com,likely_available,pending,False,
collectdock,collectdock.com,likely_available,pending,False,
collectdrive,collectdrive.com,likely_available,pending,False,
collectelev,collectelev.com,likely_available,pending,False,
collectflame,collectflame.com,likely_available,pending,False,
collectflour,collectflour.com,likely_available,pending,False,
collectfuel,collectfuel.com,likely_available,pending,False,
collectfuse,collectfuse.com,likely_available,pending,False,
collectglow,collectglow.com,likely_available,pending,False,
collectgrow,collectgrow.com,likely_available,pending,False,
collectjoin,collectjoin.com,likely_available,pending,False,
collectknit,collectknit.com,likely_available,pending,False,
collectlift,collectlift.com,likely_available,pending,False,
collectloop,collectloop.com,likely_available,pending,False,
collectlynk,collectlynk.com,likely_available,pending,False,
collectmeet,collectmeet.com,likely_available,pending,False,
collectmerge,collectmerge.com,likely_available,pending,False,
collectmesh,collectmesh.com,likely_available,pending,False,
collectnect,collectnect.com,likely_available,pending,False,
collectopen,collectopen.com,likely_available,pending,False,
collectpush,collectpush.com,likely_available,pending,False,
collectrally,collectrally.com,likely_available,pending,False,
collectrapid,collectrapid.com,likely_available,pending,False,
collectrise,collectrise.com,likely_available,pending,False,
collectroot,collectroot.com,likely_available,pending,False,
collectscale,collectscale.com,likely_available,pending,False,
collectsoar,collectsoar.com,likely_available,pending,False,
collectspark,collectspark.com,likely_available,pending,False,
collectsurge,collectsurge.com,likely_available,pending,False,
collecttie,collecttie.com,likely_available,pending,False,
collecttrail,collecttrail.com,likely_available,pending,False,
collecttrue,collecttrue.com,likely_available,pending,False,
collectunion,collectunion.com,likely_available,pending,False,
collectvivid,collectvivid.com,likely_available,pending,False,
collectweave,collectweave.com,likely_available,pending,False,
createlynk,createlynk.com,likely_available,available,False,
creatlynk,creatlynk.com,likely_available,available,False,
creatnect,creatnect.com,likely_available,available,False,
creatnecta,creatnecta.com,likely_available,available,False,
creatorelev,creatorelev.com,likely_available,pending,False,
creatorflour,creatorflour.com,likely_available,pending,False,
creatorfuse,creatorfuse.com,likely_available,pending,False,
creatorknit,creatorknit.com,likely_available,pending,False,
creatorlane,creatorlane.com,likely_available,pending,False,
creatorlynk,creatorlynk.com,likely_available,available,False,
creatornect,creatornect.com,likely_available,pending,False,
creatorprime,creatorprime.com,likely_available,pending,False,
creatorpure,creatorpure.com,likely_available,pending,False,
creatorring,creatorring.com,likely_available,pending,False,
creatorshine,creatorshine.com,likely_available,pending,False,
creatorsoar,creatorsoar.com,likely_available,pending,False,
creatorspot,creatorspot.com,likely_available,pending,False,
creatortie,creatortie.com,likely_available,pending,False,
creatortrue,creatortrue.com,likely_available,pending,False,
creatorvivid,creatorvivid.com,likely_available,pending,False,
crowdanchor,crowdanchor.com,likely_available,pending,False,
crowdbrave,crowdbrave.com,likely_available,pending,False,
crowdcataly,crowdcataly.com,likely_available,pending,False,
crowdelev,crowdelev.com,likely_available,pending,False,
crowdflour,crowdflour.com,likely_available,pending,False,
crowdknit,crowdknit.com,likely_available,pending,False,
crowdlink,crowdlink.com,likely_available,pending,False,
crowdmeet,crowdmeet.com,likely_available,pending,False,
crowdrapid,crowdrapid.com,likely_available,pending,False,
crowdvivid,crowdvivid.com,likely_available,pending,False,
dashgather,dashgather.com,likely_available,pending,False,
dashknit,dashknit.com,likely_available,pending,False,
dashnect,dashnect.com,likely_available,available,False,
dashunion,dashunion.com,likely_available,pending,False,
directbrave,directbrave.com,likely_available,pending,False,
directcataly,directcataly.com,likely_available,pending,False,
directelev,directelev.com,likely_available,pending,False,
directflour,directflour.com,likely_available,pending,False,
directgather,directgather.com,likely_available,pending,False,
directignite,directignite.com,likely_available,pending,False,
directknit,directknit.com,likely_available,pending,False,
directnect,directnect.com,likely_available,pending,False,
directsoar,directsoar.com,likely_available,pending,False,
directtrue,directtrue.com,likely_available,pending,False,
directvivid,directvivid.com,likely_available,pending,False,
drivejoin,drivejoin.com,likely_available,pending,False,
driveknit,driveknit.com,likely_available,pending,False,
drivelink,drivelink.com,likely_available,pending,False,
drivemerge,drivemerge.com,likely_available,pending,False,
drivenet,drivenet.com,likely_available,pending,False,
drivetie,drivetie.com,likely_available,pending,False,
driveweave,driveweave.com,likely_available,pending,False,
elevalign,elevalign.com,likely_available,pending,False,
elevalynk,elevalynk.com,likely_available,available,False,
elevbase,elevbase.com,likely_available,pending,False,
elevblend,elevblend.com,likely_available,pending,False,
elevbond,elevbond.com,likely_available,pending,False,
elevbridge,elevbridge.com,likely_available,pending,False,
elevchain,elevchain.com,likely_available,pending,False,
elevcircle,elevcircle.com,likely_available,pending,False,
elevdock,elevdock.com,likely_available,pending,False,
elevecho,elevecho.com,likely_available,pending,False,
elevfuse,elevfuse.com,likely_available,pending,False,
elevgather,elevgather.com,likely_available,pending,False,
elevjoin,elevjoin.com,likely_available,pending,False,
elevknit,elevknit.com,likely_available,pending,False,
elevlane,elevlane.com,likely_available,pending,False,
elevline,elevline.com,likely_available,pending,False,
elevlink,elevlink.com,likely_available,pending,False,
elevloop,elevloop.com,likely_available,pending,False,
elevlynk,elevlynk.com,likely_available,available,False,
elevmeet,elevmeet.com,likely_available,pending,False,
elevmerge,elevmerge.com,likely_available,pending,False,
elevmesh,elevmesh.com,likely_available,available,False,
elevnect,elevnect.com,likely_available,available,False,
elevnode,elevnode.com,likely_available,pending,False,
elevport,elevport.com,likely_available,pending,False,
elevrelay,elevrelay.com,likely_available,pending,False,
elevring,elevring.com,likely_available,pending,False,
elevroute,elevroute.com,likely_available,pending,False,
elevsignal,elevsignal.com,likely_available,pending,False,
elevspot,elevspot.com,likely_available,pending,False,
elevsync,elevsync.com,likely_available,pending,False,
elevtie,elevtie.com,likely_available,pending,False,
elevtrail,elevtrail.com,likely_available,pending,False,
elevunion,elevunion.com,likely_available,pending,False,
elevwave,elevwave.com,likely_available,pending,False,
elevweave,elevweave.com,likely_available,pending,False,
elevwire,elevwire.com,likely_available,pending,False,
fanbrave,fanbrave.com,likely_available,pending,False,
fancataly,fancataly.com,likely_available,pending,False,
fanclear,fanclear.com,likely_available,pending,False,
fanelev,fanelev.com,likely_available,pending,False,
fanflour,fanflour.com,likely_available,pending,False,
fanknit,fanknit.com,likely_available,pending,False,
fanmeet,fanmeet.com,likely_available,pending,False,
fanmesh,fanmesh.com,likely_available,registered,False,
fannecta,fannecta.com,likely_available,available,False,
fanpath,fanpath.com,likely_available,pending,False,
fanrapid,fanrapid.com,likely_available,pending,False,
fanring,fanring.com,likely_available,pending,False,
fanscale,fanscale.com,likely_available,pending,False,
fansurge,fansurge.com,likely_available,pending,False,
fanvivid,fanvivid.com,likely_available,pending,False,
flamealign,flamealign.com,likely_available,pending,False,
flameblend,flameblend.com,likely_available,pending,False,
flamegather,flamegather.com,likely_available,pending,False,
flamegrid,flamegrid.com,likely_available,pending,False,
flamejoin,flamejoin.com,likely_available,pending,False,
flameknit,flameknit.com,likely_available,pending,False,
flamelynk,flamelynk.com,likely_available,available,False,
flamemeet,flamemeet.com,likely_available,pending,False,
flamemesh,flamemesh.com,likely_available,available,False,
flamenect,flamenect.com,likely_available,available,False,
flametie,flametie.com,likely_available,pending,False,
flameunion,flameunion.com,likely_available,pending,False,
flouralign,flouralign.com,likely_available,pending,False,
flourblend,flourblend.com,likely_available,pending,False,
flourbridge,flourbridge.com,likely_available,pending,False,
flourchain,flourchain.com,likely_available,pending,False,
flourcore,flourcore.com,likely_available,pending,False,
flourdock,flourdock.com,likely_available,pending,False,
flourecho,flourecho.com,likely_available,pending,False,
flourfuse,flourfuse.com,likely_available,pending,False,
flourgather,flourgather.com,likely_available,pending,False,
flourgrid,flourgrid.com,likely_available,pending,False,
flourjoin,flourjoin.com,likely_available,pending,False,
flourknit,flourknit.com,likely_available,pending,False,
flourlink,flourlink.com,likely_available,pending,False,
flourloop,flourloop.com,likely_available,pending,False,
flourlynk,flourlynk.com,likely_available,available,False,
flourmeet,flourmeet.com,likely_available,pending,False,
flourmerge,flourmerge.com,likely_available,pending,False,
flourmesh,flourmesh.com,likely_available,available,False,
flournect,flournect.com,likely_available,available,False,
flournet,flournet.com,likely_available,pending,False,
flournode,flournode.com,likely_available,pending,False,
flourpath,flourpath.com,likely_available,pending,False,
flourport,flourport.com,likely_available,pending,False,
flourrelay,flourrelay.com,likely_available,pending,False,
flourring,flourring.com,likely_available,pending,False,
flourroute,flourroute.com,likely_available,pending,False,
floursignal,floursignal.com,likely_available,pending,False,
flourspot,flourspot.com,likely_available,pending,False,
floursync,floursync.com,likely_available,pending,False,
flourtie,flourtie.com,likely_available,pending,False,
flourtrail,flourtrail.com,likely_available,pending,False,
flourwave,flourwave.com,likely_available,pending,False,
flourweave,flourweave.com,likely_available,pending,False,
flourweb,flourweb.com,likely_available,pending,False,
flourwire,flourwire.com,likely_available,pending,False,
forgealign,forgealign.com,likely_available,pending,False,
forgegather,forgegather.com,likely_available,pending,False,
forgejoin,forgejoin.com,likely_available,pending,False,
forgeknit,forgeknit.com,likely_available,pending,False,
forgenect,forgenect.com,likely_available,available,False,
forgeport,forgeport.com,likely_available,pending,False,
forgesignal,forgesignal.com,likely_available,pending,False,
forgetie,forgetie.com,likely_available,pending,False,
freelane,freelane.com,likely_available,pending,False,
freeline,freeline.com,likely_available,pending,False,
freshlane,freshlane.com,likely_available,pending,False,
freshmeet,freshmeet.com,likely_available,pending,False,
freshpath,freshpath.com,likely_available,pending,False,
freshwave,freshwave.com,likely_available,pending,False,
fuelalign,fuelalign.com,likely_available,pending,False,
fuelgather,fuelgather.com,likely_available,pending,False,
fueljoin,fueljoin.com,likely_available,pending,False,
fuelknit,fuelknit.com,likely_available,pending,False,
fuelmerge,fuelmerge.com,likely_available,pending,False,
fuelnect,fuelnect.com,likely_available,available,False,
fueltie,fueltie.com,likely_available,pending,False,
fuelweb,fuelweb.com,likely_available,pending,False,
gigbrave,gigbrave.com,likely_available,pending,False,
gigbuild,gigbuild.com,likely_available,pending,False,
gigcataly,gigcataly.com,likely_available,pending,False,
gigflame,gigflame.com,likely_available,pending,False,
gigflour,gigflour.com,likely_available,pending,False,
gigfuel,gigfuel.com,likely_available,pending,False,
giggather,giggather.com,likely_available,pending,False,
gigignite,gigignite.com,likely_available,pending,False,
gigknit,gigknit.com,likely_available,pending,False,
giglynk,giglynk.com,likely_available,available,False,
gigopen,gigopen.com,likely_available,pending,False,
gigpure,gigpure.com,likely_available,pending,False,
gigrapid,gigrapid.com,likely_available,pending,False,
gigsoar,gigsoar.com,likely_available,pending,False,
gigtie,gigtie.com,likely_available,pending,False,
glowlynk,glowlynk.com,likely_available,registered,False,
glownect,glownect.com,likely_available,available,False,
growchain,growchain.com,likely_available,pending,False,
growknit,growknit.com,likely_available,pending,False,
growlane,growlane.com,likely_available,pending,False,
growrelay,growrelay.com,likely_available,pending,False,
harborblend,harborblend.com,likely_available,pending,False,
harborfuse,harborfuse.com,likely_available,pending,False,
harborjoin,harborjoin.com,likely_available,pending,False,
harborknit,harborknit.com,likely_available,pending,False,
harborlynk,harborlynk.com,likely_available,available,False,
harbormeet,harbormeet.com,likely_available,pending,False,
harbormerge,harbormerge.com,likely_available,pending,False,
harbornect,harbornect.com,likely_available,available,False,
harbortie,harbortie.com,likely_available,pending,False,
igniteblend,igniteblend.com,likely_available,pending,False,
igniteecho,igniteecho.com,likely_available,pending,False,
ignitegather,ignitegather.com,likely_available,pending,False,
ignitejoin,ignitejoin.com,likely_available,pending,False,
igniteknit,igniteknit.com,likely_available,pending,False,
ignitelink,ignitelink.com,likely_available,pending,False,
ignitelynk,ignitelynk.com,likely_available,available,False,
ignitemeet,ignitemeet.com,likely_available,pending,False,
ignitemerge,ignitemerge.com,likely_available,pending,False,
ignitenect,ignitenect.com,likely_available,available,False,
igniterelay,igniterelay.com,likely_available,pending,False,
ignitering,ignitering.com,likely_available,pending,False,
ignitetie,ignitetie.com,likely_available,pending,False,
igniteunion,igniteunion.com,likely_available,pending,False,
igniteweave,igniteweave.com,likely_available,pending,False,
indiebeacon,indiebeacon.com,likely_available,pending,False,
indiebond,indiebond.com,likely_available,pending,False,
indiebrave,indiebrave.com,likely_available,pending,False,
indiebright,indiebright.com,likely_available,pending,False,
indiecataly,indiecataly.com,likely_available,pending,False,
indieecho,indieecho.com,likely_available,pending,False,
indieelev,indieelev.com,likely_available,pending,False,
indieflour,indieflour.com,likely_available,pending,False,
indiegather,indiegather.com,likely_available,pending,False,
indiejoin,indiejoin.com,likely_available,pending,False,
indieknit,indieknit.com,likely_available,pending,False,
indienect,indienect.com,likely_available,pending,False,
indierally,indierally.com,likely_available,pending,False,
indierapid,indierapid.com,likely_available,pending,False,
indieseed,indieseed.com,likely_available,pending,False,
indiesoar,indiesoar.com,likely_available,pending,False,
indieswift,indieswift.com,likely_available,pending,False,
indietie,indietie.com,likely_available,pending,False,
indietrue,indietrue.com,likely_available,pending,False,
indievivid,indievivid.com,likely_available,pending,False,
indieweave,indieweave.com,likely_available,pending,False,
launchcircle,launchcircle.com,likely_available,pending,False,
launchjoin,launchjoin.com,likely_available,pending,False,
launchknit,launchknit.com,likely_available,pending,False,
launchlynk,launchlynk.com,likely_available,available,False,
launchmerge,launchmerge.com,likely_available,pending,False,
launchnect,launchnect.com,likely_available,available,False,
launchsync,launchsync.com,likely_available,pending,False,
launchtie,launchtie.com,likely_available,pending,False,
liftblend,liftblend.com,likely_available,pending,False,
liftgather,liftgather.com,likely_available,pending,False,
liftjoin,liftjoin.com,likely_available,pending,False,
liftknit,liftknit.com,likely_available,pending,False,
liftlane,liftlane.com,likely_available,pending,False,
liftmerge,liftmerge.com,likely_available,pending,False,
liftnect,liftnect.com,likely_available,available,False,
liftnode,liftnode.com,likely_available,pending,False,
lifttie,lifttie.com,likely_available,pending,False,
liftweave,liftweave.com,likely_available,pending,False,
liveanchor,liveanchor.com,likely_available,pending,False,
livecataly,livecataly.com,likely_available,pending,False,
liveelev,liveelev.com,likely_available,pending,False,
liveflour,liveflour.com,likely_available,pending,False,
liveline,liveline.com,likely_available,pending,False,
livelynk,livelynk.com,likely_available,registered,False,
livenova,livenova.com,likely_available,pending,False,
liveweb,liveweb.com,likely_available,pending,False,
lynkartist,lynkartist.com,likely_available,pending,False,
lynkcreator,lynkcreator.com,likely_available,pending,False,
lynkecho,lynkecho.com,likely_available,available,False,
lynkfan,lynkfan.com,likely_available,available,False,
lynkfirst,lynkfirst.com,likely_available,available,False,
lynkgig,lynkgig.com,likely_available,available,False,
lynkgrow,lynkgrow.com,likely_available,available,False,
lynkhome,lynkhome.com,likely_available,available,False,
lynkorigin,lynkorigin.com,likely_available,pending,False,
lynkown,lynkown.com,likely_available,available,False,
lynkshow,lynkshow.com,likely_available,available,False,
lynkstage,lynkstage.com,likely_available,available,False,
lynkunity,lynkunity.com,likely_available,available,False,
lynkvenue,lynkvenue.com,likely_available,available,False,
musiclynk,musiclynk.com,likely_available,pending,False,
nectlynk,nectlynk.com,likely_available,available,False,
nestjoin,nestjoin.com,likely_available,pending,False,
nestnect,nestnect.com,likely_available,available,False,
nestring,nestring.com,likely_available,pending,False,
nesttie,nesttie.com,likely_available,pending,False,
novaunion,novaunion.com,likely_available,pending,False,
novawave,novawave.com,likely_available,pending,False,
orbitgather,orbitgather.com,likely_available,pending,False,
orbitjoin,orbitjoin.com,likely_available,pending,False,
orbitknit,orbitknit.com,likely_available,pending,False,
orbitmerge,orbitmerge.com,likely_available,pending,False,
orbitnect,orbitnect.com,likely_available,available,False,
ownalign,ownalign.com,likely_available,pending,False,
ownanchor,ownanchor.com,likely_available,pending,False,
ownapex,ownapex.com,likely_available,pending,False,
ownbeacon,ownbeacon.com,likely_available,pending,False,
ownblend,ownblend.com,likely_available,pending,False,
owncataly,owncataly.com,likely_available,pending,False,
ownelev,ownelev.com,likely_available,pending,False,
ownflame,ownflame.com,likely_available,pending,False,
ownflour,ownflour.com,likely_available,pending,False,
owngather,owngather.com,likely_available,pending,False,
ownignite,ownignite.com,likely_available,pending,False,
ownjoin,ownjoin.com,likely_available,pending,False,
ownlynk,ownlynk.com,likely_available,available,False,
ownmerge,ownmerge.com,likely_available,pending,False,
ownnect,ownnect.com,likely_available,pending,False,
ownnode,ownnode.com,likely_available,pending,False,
ownrally,ownrally.com,likely_available,pending,False,
ownrapid,ownrapid.com,likely_available,pending,False,
ownring,ownring.com,likely_available,pending,False,
ownsoar,ownsoar.com,likely_available,pending,False,
ownsurge,ownsurge.com,likely_available,pending,False,
owntie,owntie.com,likely_available,pending,False,
ownunion,ownunion.com,likely_available,pending,False,
ownvivid,ownvivid.com,likely_available,pending,False,
peakflow,peakflow.com,likely_available,pending,False,
peakknit,peakknit.com,likely_available,pending,False,
peaklynk,peaklynk.com,likely_available,available,False,
peaknect,peaknect.com,likely_available,available,False,
peaktie,peaktie.com,likely_available,pending,False,
peaktrail,peaktrail.com,likely_available,pending,False,
peakwave,peakwave.com,likely_available,pending,False,
primebridge,primebridge.com,likely_available,pending,False,
primelynk,primelynk.com,likely_available,registered,False,
primemeet,primemeet.com,likely_available,pending,False,
primenect,primenect.com,likely_available,available,False,
primewave,primewave.com,likely_available,pending,False,
pulseknit,pulseknit.com,likely_available,pending,False,
pulseline,pulseline.com,likely_available,pending,False,
pulsenect,pulsenect.com,likely_available,available,False,
pulsetie,pulsetie.com,likely_available,pending,False,
pulsetrail,pulsetrail.com,likely_available,pending,False,
pulsewire,pulsewire.com,likely_available,pending,False,
purerelay,purerelay.com,likely_available,pending,False,
pushalign,pushalign.com,likely_available,pending,False,
pushbase,pushbase.com,likely_available,pending,False,
pushbond,pushbond.com,likely_available,pending,False,
pushgather,pushgather.com,likely_available,pending,False,
pushjoin,pushjoin.com,likely_available,pending,False,
pushnect,pushnect.com,likely_available,available,False,
pushnest,pushnest.com,likely_available,pending,False,
pushtie,pushtie.com,likely_available,pending,False,
pushweave,pushweave.com,likely_available,pending,False,
rallyalign,rallyalign.com,likely_available,pending,False,
rallyblend,rallyblend.com,likely_available,pending,False,
rallybond,rallybond.com,likely_available,pending,False,
rallyecho,rallyecho.com,likely_available,pending,False,
rallyfuse,rallyfuse.com,likely_available,pending,False,
rallygather,rallygather.com,likely_available,pending,False,
rallyhub,rallyhub.com,likely_available,pending,False,
rallyknit,rallyknit.com,likely_available,pending,False,
rallylynk,rallylynk.com,likely_available,available,False,
rallymerge,rallymerge.com,likely_available,pending,False,
rallymesh,rallymesh.com,likely_available,registered,False,
rallynect,rallynect.com,likely_available,available,False,
rallyrelay,rallyrelay.com,likely_available,pending,False,
rallyring,rallyring.com,likely_available,pending,False,
rallytie,rallytie.com,likely_available,pending,False,
rallyweave,rallyweave.com,likely_available,pending,False,
rapidbase,rapidbase.com,likely_available,pending,False,
rapidecho,rapidecho.com,likely_available,pending,False,
rapidgather,rapidgather.com,likely_available,pending,False,
rapidnect,rapidnect.com,likely_available,available,False,
rapidtie,rapidtie.com,likely_available,pending,False,
rapidwave,rapidwave.com,likely_available,pending,False,
rapidweb,rapidweb.com,likely_available,pending,False,
riseflow,riseflow.com,likely_available,pending,False,
risegather,risegather.com,likely_available,pending,False,
risenect,risenect.com,likely_available,available,False,
risetie,risetie.com,likely_available,pending,False,
rootalign,rootalign.com,likely_available,pending,False,
rootgather,rootgather.com,likely_available,pending,False,
rootjoin,rootjoin.com,likely_available,pending,False,
rootknit,rootknit.com,likely_available,pending,False,
rootlink,rootlink.com,likely_available,pending,False,
rootnect,rootnect.com,likely_available,available,False,
rootring,rootring.com,likely_available,pending,False,
roottie,roottie.com,likely_available,pending,False,
rootweave,rootweave.com,likely_available,pending,False,
scalelynk,scalelynk.com,likely_available,available,False,
scaletie,scaletie.com,likely_available,pending,False,
scenealign,scenealign.com,likely_available,pending,False,
sceneapex,sceneapex.com,likely_available,pending,False,
scenebeacon,scenebeacon.com,likely_available,pending,False,
scenebold,scenebold.com,likely_available,pending,False,
scenebond,scenebond.com,likely_available,pending,False,
scenebrave,scenebrave.com,likely_available,pending,False,
scenebright,scenebright.com,likely_available,pending,False,
scenecataly,scenecataly.com,likely_available,pending,False,
scenedrive,scenedrive.com,likely_available,pending,False,
sceneelev,sceneelev.com,likely_available,pending,False,
sceneflame,sceneflame.com,likely_available,pending,False,
sceneflour,sceneflour.com,likely_available,pending,False,
scenefree,scenefree.com,likely_available,pending,False,
scenefresh,scenefresh.com,likely_available,pending,False,
scenefuel,scenefuel.com,likely_available,pending,False,
scenegather,scenegather.com,likely_available,pending,False,
scenegrow,scenegrow.com,likely_available,pending,False,
sceneignite,sceneignite.com,likely_available,pending,False,
scenejoin,scenejoin.com,likely_available,pending,False,
sceneknit,sceneknit.com,likely_available,pending,False,
scenelynk,scenelynk.com,likely_available,available,False,
scenemerge,scenemerge.com,likely_available,pending,False,
scenenect,scenenect.com,likely_available,pending,False,
scenenova,scenenova.com,likely_available,pending,False,
sceneprime,sceneprime.com,likely_available,pending,False,
scenepush,scenepush.com,likely_available,pending,False,
scenerally,scenerally.com,likely_available,pending,False,
scenerapid,scenerapid.com,likely_available,pending,False,
scenerelay,scenerelay.com,likely_available,pending,False,
scenering,scenering.com,likely_available,pending,False,
sceneroute,sceneroute.com,likely_available,pending,False,
scenesoar,scenesoar.com,likely_available,pending,False,
scenespot,scenespot.com,likely_available,pending,False,
scenesync,scenesync.com,likely_available,pending,False,
scenetie,scenetie.com,likely_available,pending,False,
scenetrue,scenetrue.com,likely_available,pending,False,
sceneunion,sceneunion.com,likely_available,pending,False,
scenevivid,scenevivid.com,likely_available,pending,False,
seedalign,seedalign.com,likely_available,pending,False,
seedjoin,seedjoin.com,likely_available,pending,False,
seedknit,seedknit.com,likely_available,pending,False,
seedlink,seedlink.com,likely_available,pending,False,
seedmerge,seedmerge.com,likely_available,pending,False,
seedtie,seedtie.com,likely_available,pending,False,
shinebond,shinebond.com,likely_available,pending,False,
shinegather,shinegather.com,likely_available,pending,False,
shineknit,shineknit.com,likely_available,pending,False,
shinelynk,shinelynk.com,likely_available,available,False,
shinenect,shinenect.com,likely_available,available,False,
shinerelay,shinerelay.com,likely_available,pending,False,
signallynk,signallynk.com,likely_available,available,False,
soaralign,soaralign.com,likely_available,pending,False,
soarblend,soarblend.com,likely_available,pending,False,
soarbond,soarbond.com,likely_available,pending,False,
soarecho,soarecho.com,likely_available,pending,False,
soarfuse,soarfuse.com,likely_available,pending,False,
soargather,soargather.com,likely_available,pending,False,
soargrid,soargrid.com,likely_available,pending,False,
soarjoin,soarjoin.com,likely_available,pending,False,
soarknit,soarknit.com,likely_available,pending,False,
soarlynk,soarlynk.com,likely_available,available,False,
soarmeet,soarmeet.com,likely_available,pending,False,
soarmerge,soarmerge.com,likely_available,pending,False,
soarnect,soarnect.com,likely_available,available,False,
soarnode,soarnode.com,likely_available,pending,False,
soarrelay,soarrelay.com,likely_available,pending,False,
soarroute,soarroute.com,likely_available,pending,False,
soartie,soartie.com,likely_available,pending,False,
soartrail,soartrail.com,likely_available,pending,False,
soarweave,soarweave.com,likely_available,pending,False,
sparkknit,sparkknit.com,likely_available,pending,False,
sparklynk,sparklynk.com,likely_available,registered,False,
sparknest,sparknest.com,likely_available,pending,False,
sparkweb,sparkweb.com,likely_available,pending,False,
stageapex,stageapex.com,likely_available,pending,False,
stagebold,stagebold.com,likely_available,pending,False,
stagebond,stagebond.com,likely_available,pending,False,
stagecataly,stagecataly.com,likely_available,pending,False,
stageelev,stageelev.com,likely_available,pending,False,
stageflour,stageflour.com,likely_available,pending,False,
stagegather,stagegather.com,likely_available,pending,False,
stageignite,stageignite.com,likely_available,pending,False,
stagejoin,stagejoin.com,likely_available,pending,False,
stageknit,stageknit.com,likely_available,pending,False,
stagenect,stagenect.com,likely_available,available,False,
stagerapid,stagerapid.com,likely_available,pending,False,
stagesignal,stagesignal.com,likely_available,pending,False,
stagesoar,stagesoar.com,likely_available,pending,False,
stagevivid,stagevivid.com,likely_available,pending,False,
stagnecta,stagnecta.com,likely_available,available,False,
supportalign,supportalign.com,likely_available,pending,False,
supportbold,supportbold.com,likely_available,pending,False,
supportbond,supportbond.com,likely_available,pending,False,
supportbrave,supportbrave.com,likely_available,pending,False,
supportelev,supportelev.com,likely_available,pending,False,
supportflour,supportflour.com,likely_available,pending,False,
supportglow,supportglow.com,likely_available,pending,False,
supporthub,supporthub.com,likely_available,pending,False,
supportknit,supportknit.com,likely_available,pending,False,
supportlynk,supportlynk.com,likely_available,available,False,
supportmeet,supportmeet.com,likely_available,pending,False,
supportmerge,supportmerge.com,likely_available,pending,False,
supportnect,supportnect.com,likely_available,pending,False,
supportrally,supportrally.com,likely_available,pending,False,
supportrapid,supportrapid.com,likely_available,pending,False,
supportsoar,supportsoar.com,likely_available,pending,False,
supporttie,supporttie.com,likely_available,pending,False,
supporttrail,supporttrail.com,likely_available,pending,False,
supportvivid,supportvivid.com,likely_available,pending,False,
surgeblend,surgeblend.com,likely_available,pending,False,
surgegather,surgegather.com,likely_available,pending,False,
surgejoin,surgejoin.com,likely_available,pending,False,
surgeknit,surgeknit.com,likely_available,pending,False,
surgelynk,surgelynk.com,likely_available,available,False,
surgemeet,surgemeet.com,likely_available,pending,False,
surgenect,surgenect.com,likely_available,available,False,
surgerelay,surgerelay.com,likely_available,pending,False,
surgering,surgering.com,likely_available,pending,False,
surgetie,surgetie.com,likely_available,pending,False,
surgeunion,surgeunion.com,likely_available,pending,False,
surgeweave,surgeweave.com,likely_available,pending,False,
swiftnect,swiftnect.com,likely_available,available,False,
swiftspot,swiftspot.com,likely_available,pending,False,
thrivehub,thrivehub.com,likely_available,pending,False,
thrivejoin,thrivejoin.com,likely_available,pending,False,
thriveknit,thriveknit.com,likely_available,pending,False,
thrivelynk,thrivelynk.com,likely_available,available,False,
thrivenect,thrivenect.com,likely_available,available,False,
thriverelay,thriverelay.com,likely_available,pending,False,
thrivetie,thrivetie.com,likely_available,pending,False,
tribeanchor,tribeanchor.com,likely_available,pending,False,
tribeapex,tribeapex.com,likely_available,pending,False,
tribebeacon,tribebeacon.com,likely_available,pending,False,
tribebold,tribebold.com,likely_available,pending,False,
tribebrave,tribebrave.com,likely_available,pending,False,
tribecataly,tribecataly.com,likely_available,pending,False,
tribeclear,tribeclear.com,likely_available,pending,False,
tribeelev,tribeelev.com,likely_available,pending,False,
tribeflour,tribeflour.com,likely_available,pending,False,
tribeharbor,tribeharbor.com,likely_available,pending,False,
tribeknit,tribeknit.com,likely_available,pending,False,
tribeloop,tribeloop.com,likely_available,pending,False,
tribemerge,tribemerge.com,likely_available,pending,False,
tribenect,tribenect.com,likely_available,pending,False,
tribeorbit,tribeorbit.com,likely_available,pending,False,
tribepush,tribepush.com,likely_available,pending,False,
triberapid,triberapid.com,likely_available,pending,False,
triberelay,triberelay.com,likely_available,pending,False,
tribeshine,tribeshine.com,likely_available,pending,False,
tribesoar,tribesoar.com,likely_available,pending,False,
tribesurge,tribesurge.com,likely_available,pending,False,
tribeswift,tribeswift.com,likely_available,pending,False,
tribevivid,tribevivid.com,likely_available,pending,False,
tribeweave,tribeweave.com,likely_available,pending,False,
truechain,truechain.com,likely_available,pending,False,
truecore,truecore.com,likely_available,pending,False,
truenect,truenect.com,likely_available,available,False,
truesignal,truesignal.com,likely_available,pending,False,
trueunion,trueunion.com,likely_available,pending,False,
unitylynk,unitylynk.com,likely_available,available,False,
venuealign,venuealign.com,likely_available,pending,False,
venueanchor,venueanchor.com,likely_available,pending,False,
venueapex,venueapex.com,likely_available,pending,False,
venueblend,venueblend.com,likely_available,pending,False,
venuebold,venuebold.com,likely_available,pending,False,
venuebond,venuebond.com,likely_available,pending,False,
venuebrave,venuebrave.com,likely_available,pending,False,
venuecataly,venuecataly.com,likely_available,pending,False,
venueelev,venueelev.com,likely_available,pending,False,
venueflame,venueflame.com,likely_available,pending,False,
venueflour,venueflour.com,likely_available,pending,False,
venuegather,venuegather.com,likely_available,pending,False,
venueglow,venueglow.com,likely_available,pending,False,
venuejoin,venuejoin.com,likely_available,pending,False,
venueknit,venueknit.com,likely_available,pending,False,
venuelynk,venuelynk.com,likely_available,available,False,
venuemerge,venuemerge.com,likely_available,pending,False,
venuenect,venuenect.com,likely_available,pending,False,
venuenecta,venuenecta.com,likely_available,available,False,
venuenova,venuenova.com,likely_available,pending,False,
venueopen,venueopen.com,likely_available,pending,False,
venuerally,venuerally.com,likely_available,pending,False,
venuerapid,venuerapid.com,likely_available,pending,False,
venuering,venuering.com,likely_available,pending,False,
venueroot,venueroot.com,likely_available,pending,False,
venuescale,venuescale.com,likely_available,pending,False,
venuesoar,venuesoar.com,likely_available,pending,False,
venueswift,venueswift.com,likely_available,pending,False,
venuethrive,venuethrive.com,likely_available,pending,False,
venuetie,venuetie.com,likely_available,pending,False,
venueunion,venueunion.com,likely_available,pending,False,
venuevivid,venuevivid.com,likely_available,pending,False,
venueweave,venueweave.com,likely_available,pending,False,
vividalign,vividalign.com,likely_available,pending,False,
vividbond,vividbond.com,likely_available,pending,False,
vividcircle,vividcircle.com,likely_available,pending,False,
vividdock,vividdock.com,likely_available,pending,False,
vividgather,vividgather.com,likely_available,pending,False,
vividjoin,vividjoin.com,likely_available,pending,False,
vividlynk,vividlynk.com,likely_available,available,False,
vividmeet,vividmeet.com,likely_available,pending,False,
vividnect,vividnect.com,likely_available,available,False,
artistflame,artistflame.com,parked_or_active_no_ns,pending,True,207.148.248.143
artistfuel,artistfuel.com,parked_or_active_no_ns,pending,True,207.148.248.143
artistshine,artistshine.com,parked_or_active_no_ns,pending,True,207.148.248.143
bloomwire,bloomwire.com,parked_or_active_no_ns,pending,True,74.220.199.6
boldspot,boldspot.com,parked_or_active_no_ns,pending,True,74.220.199.6
boostblend,boostblend.com,parked_or_active_no_ns,pending,True,208.73.209.18
boostbridge,boostbridge.com,parked_or_active_no_ns,pending,True,207.148.248.143
boostwave,boostwave.com,parked_or_active_no_ns,pending,True,164.90.244.158
braveecho,braveecho.com,parked_or_active_no_ns,pending,True,208.91.197.132
bravepath,bravepath.com,parked_or_active_no_ns,pending,True,192.185.4.34
brightchain,brightchain.com,parked_or_active_no_ns,pending,True,74.220.199.6
buildnest,buildnest.com,parked_or_active_no_ns,pending,True,192.254.250.159
buildroute,buildroute.com,parked_or_active_no_ns,pending,True,207.148.248.143
clearblend,clearblend.com,parked_or_active_no_ns,pending,True,208.73.209.18
crowdfresh,crowdfresh.com,parked_or_active_no_ns,pending,True,207.148.248.143
crowdgrow,crowdgrow.com,parked_or_active_no_ns,pending,True,207.148.248.143
directprime,directprime.com,parked_or_active_no_ns,pending,True,207.148.248.143
fanapex,fanapex.com,parked_or_active_no_ns,pending,True,104.248.106.33
fanmerge,fanmerge.com,parked_or_active_no_ns,pending,True,127.0.0.1
fanspot,fanspot.com,parked_or_active_no_ns,pending,True,159.89.244.183
freshhub,freshhub.com,parked_or_active_no_ns,pending,True,164.90.244.158
gigweb,gigweb.com,parked_or_active_no_ns,pending,True,207.148.248.143
glowline,glowline.com,parked_or_active_no_ns,pending,True,207.148.248.143
harborpath,harborpath.com,parked_or_active_no_ns,pending,True,66.81.203.137
indiefuel,indiefuel.com,parked_or_active_no_ns,pending,True,66.96.149.32
indielaunch,indielaunch.com,parked_or_active_no_ns,pending,True,207.148.248.143
indiepulse,indiepulse.com,parked_or_active_no_ns,pending,True,207.148.248.143
liftpath,liftpath.com,parked_or_active_no_ns,pending,True,74.220.199.6
liverally,liverally.com,parked_or_active_no_ns,pending,True,207.148.248.143
pulsepath,pulsepath.com,parked_or_active_no_ns,pending,True,159.89.244.183
rallynet,rallynet.com,parked_or_active_no_ns,pending,True,207.148.248.143
rallyspot,rallyspot.com,parked_or_active_no_ns,pending,True,208.73.209.18
rootblend,rootblend.com,parked_or_active_no_ns,pending,True,207.148.248.143
soarloop,soarloop.com,parked_or_active_no_ns,pending,True,127.0.0.1
supportfresh,supportfresh.com,parked_or_active_no_ns,pending,True,207.148.248.143
thrivealign,thrivealign.com,parked_or_active_no_ns,pending,True,208.91.197.195
thriveweave,thriveweave.com,parked_or_active_no_ns,pending,True,103.7.9.22
venuebuild,venuebuild.com,parked_or_active_no_ns,pending,True,207.148.248.143
venuefresh,venuefresh.com,parked_or_active_no_ns,pending,True,207.148.248.143
venueline,venueline.com,parked_or_active_no_ns,pending,True,207.148.248.143
venueweb,venueweb.com,parked_or_active_no_ns,pending,True,207.148.248.143
vividbase,vividbase.com,parked_or_active_no_ns,pending,True,216.55.155.71
vividgrid,vividgrid.com,parked_or_active_no_ns,pending,True,207.148.248.143
vividhub,vividhub.com,parked_or_active_no_ns,pending,True,207.148.248.143
vividwave,vividwave.com,parked_or_active_no_ns,pending,True,207.148.248.143
amplynk,amplynk.com,taken,registered,False,ns1.xserver.jp.
anchoralign,anchoralign.com,taken,pending,False,ns14.domaincontrol.com.
anchorbase,anchorbase.com,taken,pending,False,ns08.domaincontrol.com.
anchorbond,anchorbond.com,taken,pending,False,ns42.domaincontrol.com.
anchorbridge,anchorbridge.com,taken,pending,False,ns14.domaincontrol.com.
anchorchain,anchorchain.com,taken,pending,False,ns01.hostnet.nl.
anchorcore,anchorcore.com,taken,pending,False,ns.udag.de.
anchorecho,anchorecho.com,taken,pending,False,ns1.tld-ns.net.
anchorflow,anchorflow.com,taken,pending,False,ns76.domaincontrol.com.
anchorhub,anchorhub.com,taken,pending,False,ns1124.ui-dns.org.
anchorknit,anchorknit.com,taken,pending,False,ns53.domaincontrol.com.
anchorlynk,anchorlynk.com,taken,pending,False,raina.ns.cloudflare.com.
anchormeet,anchormeet.com,taken,pending,False,dns2.registrar-servers.com.
anchormesh,anchormesh.com,taken,pending,False,ns61.domaincontrol.com.
anchorpath,anchorpath.com,taken,pending,False,pscddns02.acml.com.
anchorrelay,anchorrelay.com,taken,pending,False,ns2.dyna-ns.net.
anchorring,anchorring.com,taken,pending,False,ns3.bdm.microsoftonline.com.
anchorroute,anchorroute.com,taken,pending,False,ns36.domaincontrol.com.
anchortie,anchortie.com,taken,pending,False,ns27.domaincontrol.com.
anchortrail,anchortrail.com,taken,pending,False,elliot.ns.cloudflare.com.
anchorunion,anchorunion.com,taken,pending,False,ns14.midphase.com.
anchorwave,anchorwave.com,taken,pending,False,darl.ns.cloudflare.com.
anchorweave,anchorweave.com,taken,pending,False,ns1.name.si.
apexalign,apexalign.com,taken,pending,False,maceio.ns.porkbun.com.
apexbase,apexbase.com,taken,pending,False,ns78.domaincontrol.com.
apexblend,apexblend.com,taken,pending,False,ns3.dreamhost.com.
apexchain,apexchain.com,taken,pending,False,dns2.doteasy.com.
apexcore,apexcore.com,taken,pending,False,ns6.wixdns.net.
apexecho,apexecho.com,taken,pending,False,b.share-dns.net.
apexflow,apexflow.com,taken,pending,False,ns3.dnspackage.com.
apexfuse,apexfuse.com,taken,pending,False,dns1.supremedns.com.
apexjoin,apexjoin.com,taken,pending,False,ns38.domaincontrol.com.
apexlane,apexlane.com,taken,pending,False,kiki.bunny.net.
apexlink,apexlink.com,taken,pending,False,alex.ns.cloudflare.com.
apexlynk,apexlynk.com,taken,pending,False,ns44.domaincontrol.com.
apexmeet,apexmeet.com,taken,pending,False,west.ns.cloudflare.com.
apexmerge,apexmerge.com,taken,pending,False,ns70.domaincontrol.com.
apexnest,apexnest.com,taken,pending,False,rayden.ns.cloudflare.com.
apexnet,apexnet.com,taken,pending,False,ns38.domaincontrol.com.
apexnode,apexnode.com,taken,pending,False,launch2.spaceship.net.
apexpath,apexpath.com,taken,pending,False,frida.ns.cloudflare.com.
apexrelay,apexrelay.com,taken,pending,False,ns2.dns-parking.com.
apexring,apexring.com,taken,pending,False,alec.ns.cloudflare.com.
apexroute,apexroute.com,taken,pending,False,ns1.brandbucket.com.
apexsignal,apexsignal.com,taken,pending,False,ns70.domaincontrol.com.
apexunion,apexunion.com,taken,pending,False,ns57.domaincontrol.com.
apexwave,apexwave.com,taken,pending,False,coco.bunny.net.
apexweave,apexweave.com,taken,pending,False,tessa.ns.cloudflare.com.
apexweb,apexweb.com,taken,pending,False,ns6092.hostgator.com.
apexwire,apexwire.com,taken,pending,False,ns37.domaincontrol.com.
artistalign,artistalign.com,taken,pending,False,ns2.dnsowl.com.
artistapex,artistapex.com,taken,pending,False,ns21.domaincontrol.com.
artistblend,artistblend.com,taken,pending,False,ns100.worldnic.com.
artistbold,artistbold.com,taken,pending,False,ns1089.ui-dns.org.
artistbond,artistbond.com,taken,pending,False,ns50.domaincontrol.com.
artistboost,artistboost.com,taken,pending,False,ns17.domaincontrol.com.
artistbridge,artistbridge.com,taken,pending,False,bailey.ns.cloudflare.com.
artistbright,artistbright.com,taken,pending,False,grace.ns.cloudflare.com.
artistbuild,artistbuild.com,taken,pending,False,ns76.domaincontrol.com.
artistclear,artistclear.com,taken,pending,False,roxy.ns.cloudflare.com.
artistecho,artistecho.com,taken,pending,False,ns65.domaincontrol.com.
artistflow,artistflow.com,taken,pending,False,ns01.one.com.
artistgather,artistgather.com,taken,pending,False,ns1.162-240-160-133.bluehost.com.
artistglow,artistglow.com,taken,pending,False,grace.ns.cloudflare.com.
artistgrid,artistgrid.com,taken,pending,False,ns1031.ui-dns.biz.
artistgrow,artistgrow.com,taken,pending,False,ns21.domaincontrol.com.
artistharbor,artistharbor.com,taken,pending,False,coco.bunny.net.
artisthub,artisthub.com,taken,pending,False,gordon.ns.cloudflare.com.
artistjoin,artistjoin.com,taken,pending,False,a.share-dns.com.
artistlane,artistlane.com,taken,pending,False,ns10.dnsmadeeasy.com.
artistlaunch,artistlaunch.com,taken,pending,False,ns1.hostmonster.com.
artistlift,artistlift.com,taken,pending,False,ns47.domaincontrol.com.
artistloop,artistloop.com,taken,pending,False,martin.ns.cloudflare.com.
artistlynk,artistlynk.com,taken,pending,False,ns03.squarespacedns.com.
artistmesh,artistmesh.com,taken,pending,False,ns2.brandbucket.com.
artistnest,artistnest.com,taken,pending,False,ns1.vercel-dns.com.
artistnet,artistnet.com,taken,pending,False,ns1.eftydns.com.
artistnode,artistnode.com,taken,pending,False,ns2.eftydns.com.
artistnova,artistnova.com,taken,pending,False,ns-cloud-b2.googledomains.com.
artistorbit,artistorbit.com,taken,pending,False,ns44.domaincontrol.com.
artistpath,artistpath.com,taken,pending,False,ns1.artspan.com.
artistpeak,artistpeak.com,taken,pending,False,grace.ns.cloudflare.com.
artistprime,artistprime.com,taken,pending,False,ns2.hostmonster.com.
artistpulse,artistpulse.com,taken,pending,False,ns1.artistpulse.com.
artistpure,artistpure.com,taken,pending,False,launch1.spaceship.net.
artistrelay,artistrelay.com,taken,pending,False,ns68.domaincontrol.com.
artistrise,artistrise.com,taken,pending,False,cass.ns.cloudflare.com.
artistroot,artistroot.com,taken,pending,False,ns22.domaincontrol.com.
artistroute,artistroute.com,taken,pending,False,dns2.registrar-servers.com.
artistseed,artistseed.com,taken,pending,False,ns72.domaincontrol.com.
artistspot,artistspot.com,taken,pending,False,ns1.ibspark.com.
artistsync,artistsync.com,taken,pending,False,pdns1.registrar-servers.com.
artistthrive,artistthrive.com,taken,pending,False,ns34.domaincontrol.com.
artistunion,artistunion.com,taken,pending,False,ns3.anydns.com.
artistwave,artistwave.com,taken,pending,False,ns1.digitalocean.com.
artistwire,artistwire.com,taken,pending,False,ns1.dyna-ns.net.
artnect,artnect.com,taken,pending,False,ns27.domaincontrol.com.
baselynk,baselynk.com,taken,pending,False,ns-1605.awsdns-08.co.uk.
beaconbridge,beaconbridge.com,taken,pending,False,ns01.domaincontrol.com.
beaconchain,beaconchain.com,taken,pending,False,launch2.spaceship.net.
beaconcircle,beaconcircle.com,taken,pending,False,ns30.domaincontrol.com.
beaconecho,beaconecho.com,taken,pending,False,ns2.captainwebspace.com.
beaconflow,beaconflow.com,taken,pending,False,ns-978.awsdns-58.net.
beacongrid,beacongrid.com,taken,pending,False,ns-cloud-c3.googledomains.com.
beaconlynk,beaconlynk.com,taken,pending,False,vda2000a.trouble-free.net.
beaconmeet,beaconmeet.com,taken,pending,False,ns08.domaincontrol.com.
beaconnet,beaconnet.com,taken,pending,False,ns2.chesco.com.
beaconnode,beaconnode.com,taken,pending,False,dns2.registrar-servers.com.
beaconpath,beaconpath.com,taken,pending,False,ns53.domaincontrol.com.
beaconring,beaconring.com,taken,pending,False,langston.ns.cloudflare.com.
beaconroute,beaconroute.com,taken,pending,False,ns1.dns-parking.com.
beaconsignal,beaconsignal.com,taken,pending,False,ns61.domaincontrol.com.
beaconunion,beaconunion.com,taken,pending,False,adam.ns.cloudflare.com.
beaconwire,beaconwire.com,taken,pending,False,millie.ns.cloudflare.com.
beatlynk,beatlynk.com,taken,pending,False,ns09.domaincontrol.com.
bloomalign,bloomalign.com,taken,pending,False,ns04.domaincontrol.com.
bloombase,bloombase.com,taken,pending,False,l.ns.buddyns.com.
bloombond,bloombond.com,taken,pending,False,matt.ns.cloudflare.com.
bloombridge,bloombridge.com,taken,pending,False,ns1.phase8.net.
bloomchain,bloomchain.com,taken,pending,False,coco.bunny.net.
bloomflow,bloomflow.com,taken,pending,False,jason.ns.cloudflare.com.
bloomgather,bloomgather.com,taken,pending,False,ns-cloud-d4.googledomains.com.
bloomhub,bloomhub.com,taken,pending,False,launch1.spaceship.net.
bloomjoin,bloomjoin.com,taken,pending,False,ns-cloud-e3.googledomains.com.
bloomknit,bloomknit.com,taken,pending,False,ns2.renewyourname.net.
bloomline,bloomline.com,taken,pending,False,dns2.p02.nsone.net.
bloomlink,bloomlink.com,taken,pending,False,dns2.cscdns.net.
bloommeet,bloommeet.com,taken,pending,False,dns27.hichina.com.
bloommesh,bloommesh.com,taken,pending,False,launch1.spaceship.net.
bloomnet,bloomnet.com,taken,pending,False,ns5.ruraltel.net.
bloomnode,bloomnode.com,taken,pending,False,ns70.domaincontrol.com.
bloomrelay,bloomrelay.com,taken,pending,False,ns1.dns-parking.com.
bloomring,bloomring.com,taken,pending,False,dns2.registrar-servers.com.
bloomsignal,bloomsignal.com,taken,pending,False,ns1.brandbucket.com.
bloomspot,bloomspot.com,taken,pending,False,ns0087.secondary.cloudflare.com.
bloomtie,bloomtie.com,taken,pending,False,dns1.registrar-servers.com.
bloomunion,bloomunion.com,taken,pending,False,ns-cloud-b4.googledomains.com.
bloomwave,bloomwave.com,taken,pending,False,dns4.name-services.com.
bloomweave,bloomweave.com,taken,pending,False,ns8.wixdns.net.
bloomweb,bloomweb.com,taken,pending,False,ns1.bloomfieldknoble.com.
boldbase,boldbase.com,taken,pending,False,nsusa.comlaude.net.
boldblend,boldblend.com,taken,pending,False,ns118550.ztomy.com.
boldbridge,boldbridge.com,taken,pending,False,ns62.worldnic.com.
boldcore,boldcore.com,taken,pending,False,dns1.registrar-servers.com.
boldecho,boldecho.com,taken,pending,False,ns29.domaincontrol.com.
boldgrid,boldgrid.com,taken,pending,False,ns1.boldgrid.com.
boldlink,boldlink.com,taken,pending,False,kipp.ns.cloudflare.com.
boldloop,boldloop.com,taken,pending,False,ns54.domaincontrol.com.
boldnest,boldnest.com,taken,pending,False,ns8501.hostgator.com.
boldnet,boldnet.com,taken,pending,False,yangguang.ns.giantpanda.com.
boldpath,boldpath.com,taken,pending,False,ns38.domaincontrol.com.
boldport,boldport.com,taken,pending,False,greg.ns.cloudflare.com.
boldrelay,boldrelay.com,taken,pending,False,ns53.domaincontrol.com.
boldsignal,boldsignal.com,taken,pending,False,ns1056.ui-dns.org.
boldtie,boldtie.com,taken,pending,False,ns-cloud-a2.googledomains.com.
boldtrail,boldtrail.com,taken,pending,False,apollo.ns.cloudflare.com.
boldunion,boldunion.com,taken,pending,False,meg.ns.cloudflare.com.
boldweb,boldweb.com,taken,pending,False,ns1.hostmonster.com.
boostbase,boostbase.com,taken,pending,False,ns3.livedns.co.uk.
boostchain,boostchain.com,taken,pending,False,ns2.hover.com.
boostcircle,boostcircle.com,taken,pending,False,ns2.brandbucket.com.
boostflow,boostflow.com,taken,pending,False,carlos.ns.cloudflare.com.
boostgather,boostgather.com,taken,pending,False,dns1.registrar-servers.com.
boosthub,boosthub.com,taken,pending,False,ns-1634.awsdns-12.co.uk.
boostlane,boostlane.com,taken,pending,False,bayan.ns.cloudflare.com.
boostline,boostline.com,taken,pending,False,2.namestar.com.
boostloop,boostloop.com,taken,pending,False,dns4.p01.nsone.net.
boostlynk,boostlynk.com,taken,pending,False,ns5-2.cvtdns.com.
boostmeet,boostmeet.com,taken,pending,False,dns.home.pl.
boostmesh,boostmesh.com,taken,pending,False,ns36.domaincontrol.com.
boostnest,boostnest.com,taken,pending,False,ns2.brandbucket.com.
boostnode,boostnode.com,taken,pending,False,ns2.bluehost.com.
boostport,boostport.com,taken,pending,False,macy.ns.cloudflare.com.
boostrelay,boostrelay.com,taken,pending,False,dns1.registrar-servers.com.
boostsignal,boostsignal.com,taken,pending,False,ns2.cpicom.com.
boostwire,boostwire.com,taken,pending,False,ns-227.awsdns-28.com.
bravebridge,bravebridge.com,taken,pending,False,ns2.monikerdns.net.
bravecircle,bravecircle.com,taken,pending,False,02.dnsv.jp.
bravehub,bravehub.com,taken,pending,False,ns-cloud-a4.googledomains.com.
braveknit,braveknit.com,taken,pending,False,ns04.domaincontrol.com.
braveline,braveline.com,taken,pending,False,ns12.domaincontrol.com.
bravelink,bravelink.com,taken,pending,False,ns3.livedns.co.uk.
bravemesh,bravemesh.com,taken,pending,False,dara.ns.cloudflare.com.
bravenet,bravenet.com,taken,pending,False,dns1.easydns.com.
braveport,braveport.com,taken,pending,False,aurora.ns.cloudflare.com.
bravering,bravering.com,taken,pending,False,02.dnsv.jp.
bravewave,bravewave.com,taken,pending,False,ns1103.ui-dns.org.
bravewire,bravewire.com,taken,pending,False,ns1.siteground.net.
bridgelynk,bridgelynk.com,taken,pending,False,ns15.wixdns.net.
brightbond,brightbond.com,taken,pending,False,ns3.totalnameservers.com.
brightbridge,brightbridge.com,taken,pending,False,ns55.worldnic.com.
brightcircle,brightcircle.com,taken,pending,False,uns01.lolipop.jp.
brightcore,brightcore.com,taken,pending,False,ns1113.ui-dns.de.
brightdock,brightdock.com,taken,pending,False,ns17.domaincontrol.com.
brightecho,brightecho.com,taken,pending,False,ns76.domaincontrol.com.
brightflow,brightflow.com,taken,pending,False,dns12.ovh.net.
brightfuse,brightfuse.com,taken,pending,False,misty.cbjobs.net.
brightgather,brightgather.com,taken,pending,False,ns11.wixdns.net.
brightgrid,brightgrid.com,taken,pending,False,ns47.domaincontrol.com.
brighthub,brighthub.com,taken,pending,False,ns-1287.awsdns-32.org.
brightlane,brightlane.com,taken,pending,False,dns3.p01.nsone.net.
brightline,brightline.com,taken,pending,False,rustam.ns.cloudflare.com.
brightlink,brightlink.com,taken,pending,False,vita.ns.cloudflare.com.
brightloop,brightloop.com,taken,pending,False,hans.ns.cloudflare.com.
brightlynk,brightlynk.com,taken,pending,False,ns68.domaincontrol.com.
brightmeet,brightmeet.com,taken,pending,False,ns21.domaincontrol.com.
brightmerge,brightmerge.com,taken,pending,False,ns68.domaincontrol.com.
brightmesh,brightmesh.com,taken,pending,False,ns1.domain-is-4-sale-at-domainmarket.com.
brightnest,brightnest.com,taken,pending,False,marty.ns.cloudflare.com.
brightnet,brightnet.com,taken,pending,False,ns49.domaincontrol.com.
brightpath,brightpath.com,taken,pending,False,ns38.domaincontrol.com.
brightport,brightport.com,taken,pending,False,ns2.datacenter.no.
brightring,brightring.com,taken,pending,False,titan.ns.cloudflare.com.
brightspot,brightspot.com,taken,pending,False,ns-210.awsdns-26.com.
brightsync,brightsync.com,taken,pending,False,ns09.domaincontrol.com.
brighttie,brighttie.com,taken,pending,False,dns1.namecheaphosting.com.
brighttrail,brighttrail.com,taken,pending,False,ns-968.awsdns-57.net.
brightwave,brightwave.com,taken,pending,False,ns-644.awsdns-16.net.
brightweb,brightweb.com,taken,pending,False,ns1506.websitewelcome.com.
buildalign,buildalign.com,taken,pending,False,ns10.domaincontrol.com.
buildbase,buildbase.com,taken,pending,False,ns24.domaincontrol.com.
buildchain,buildchain.com,taken,pending,False,dns2.registrar-servers.com.
buildcircle,buildcircle.com,taken,pending,False,ns32.domaincontrol.com.
buildcore,buildcore.com,taken,pending,False,dns4.cmdg.com.
buildflow,buildflow.com,taken,pending,False,ns2.buildflow.com.
buildgather,buildgather.com,taken,pending,False,ns12.domaincontrol.com.
buildhub,buildhub.com,taken,pending,False,ns76.domaincontrol.com.
buildlane,buildlane.com,taken,pending,False,ns1.digitalocean.com.
buildline,buildline.com,taken,pending,False,ns52.domaincontrol.com.
buildlink,buildlink.com,taken,pending,False,ns-1090.awsdns-08.org.
buildloop,buildloop.com,taken,pending,False,ns1.mediatemple.net.
buildlynk,buildlynk.com,taken,pending,False,ns-1434.awsdns-51.org.
buildmesh,buildmesh.com,taken,pending,False,launch1.spaceship.net.
buildnect,buildnect.com,taken,pending,False,ulla.ns.cloudflare.com.
buildnet,buildnet.com,taken,pending,False,ns56.worldnic.com.
buildport,buildport.com,taken,pending,False,ns-cloud-b3.googledomains.com.
buildsignal,buildsignal.com,taken,pending,False,ns2.brandbucket.com.
buildspot,buildspot.com,taken,pending,False,ns1.domaincityservers.com.
buildunion,buildunion.com,taken,pending,False,ns1.gridfast.net.
buildwave,buildwave.com,taken,pending,False,ns37.domaincontrol.com.
buildweave,buildweave.com,taken,pending,False,jacob.ns.cloudflare.com.
buildweb,buildweb.com,taken,pending,False,ns2.abdulbasit.ns.namepros-dns.is.
buildwire,buildwire.com,taken,pending,False,ns2-04.azure-dns.net.
catalyweb,catalyweb.com,taken,pending,False,b.ns36.de.
clearalign,clearalign.com,taken,pending,False,a.dns.hostway.net.
clearbridge,clearbridge.com,taken,pending,False,khloe.ns.cloudflare.com.
clearchain,clearchain.com,taken,pending,False,frank.ns.cloudflare.com.
clearcircle,clearcircle.com,taken,pending,False,fonzie.ns.cloudflare.com.
clearcore,clearcore.com,taken,pending,False,ns2.zoneedit.com.
cleardock,cleardock.com,taken,pending,False,indie.ns.cloudflare.com.
clearecho,clearecho.com,taken,pending,False,dns2.easydns.net.
clearflow,clearflow.com,taken,pending,False,luke.ns.cloudflare.com.
clearfuse,clearfuse.com,taken,pending,False,ns1.yourhostingaccount.com.
cleargather,cleargather.com,taken,pending,False,ns32.domaincontrol.com.
cleargrid,cleargrid.com,taken,pending,False,launch2.spaceship.net.
clearknit,clearknit.com,taken,pending,False,ns1.dnsowl.com.
clearlane,clearlane.com,taken,pending,False,ns10.gcd-dns.com.
clearline,clearline.com,taken,pending,False,dns1.shepher.net.
clearlink,clearlink.com,taken,pending,False,ns-1029.awsdns-00.org.
clearloop,clearloop.com,taken,pending,False,64.29.151.209.
clearlynk,clearlynk.com,taken,pending,False,ns7.markmonitor.com.
clearmeet,clearmeet.com,taken,pending,False,ns54.domaincontrol.com.
clearnet,clearnet.com,taken,pending,False,dns2.cidc.telus.com.
clearnode,clearnode.com,taken,pending,False,ns-cloud-b1.googledomains.com.
clearpath,clearpath.com,taken,pending,False,ns-1838.awsdns-37.co.uk.
clearport,clearport.com,taken,pending,False,dns2.earthlink.net.
clearroute,clearroute.com,taken,pending,False,ns8371.hostgator.com.
clearsignal,clearsignal.com,taken,pending,False,ns2.csisdns.com.
clearspot,clearspot.com,taken,pending,False,ns3.ciberserver.com.
cleartie,cleartie.com,taken,pending,False,cheryl.ns.cloudflare.com.
clearwave,clearwave.com,taken,pending,False,ns4.clearwave.com.
clearweave,clearweave.com,taken,pending,False,ns1.wpdns.host.
clearweb,clearweb.com,taken,pending,False,ns2.hover.com.
clearwire,clearwire.com,taken,pending,False,dns2.cscdns.net.
collectapex,collectapex.com,taken,pending,False,rick.ns.cloudflare.com.
collectbase,collectbase.com,taken,pending,False,dns1.registrar-servers.com.
collectclear,collectclear.com,taken,pending,False,ns-1200.awsdns-22.org.
collectcore,collectcore.com,taken,pending,False,art.ns.cloudflare.com.
collectecho,collectecho.com,taken,pending,False,amos.ns.cloudflare.com.
collectflow,collectflow.com,taken,pending,False,tadeo.ns.cloudflare.com.
collectforge,collectforge.com,taken,pending,False,ns1121.ui-dns.biz.
collectfree,collectfree.com,taken,pending,False,ns2.hover.com.
collectfresh,collectfresh.com,taken,pending,False,ns36.domaincontrol.com.
collectgrid,collectgrid.com,taken,pending,False,connie.ns.cloudflare.com.
collecthub,collecthub.com,taken,pending,False,dns1.registrar-servers.com.
collectlane,collectlane.com,taken,pending,False,dns1.registrar-servers.com.
collectline,collectline.com,taken,pending,False,coco.bunny.net.
collectlink,collectlink.com,taken,pending,False,kinsley.ns.cloudflare.com.
collectnet,collectnet.com,taken,pending,False,ns2.turbify.com.
collectnova,collectnova.com,taken,pending,False,sevki.ns.cloudflare.com.
collectpath,collectpath.com,taken,pending,False,pdns09.domaincontrol.com.
collectpeak,collectpeak.com,taken,pending,False,ns-cloud-a2.googledomains.com.
collectport,collectport.com,taken,pending,False,ns08.domaincontrol.com.
collectprime,collectprime.com,taken,pending,False,cesar.ns.cloudflare.com.
collectpulse,collectpulse.com,taken,pending,False,ns45.domaincontrol.com.
collectpure,collectpure.com,taken,pending,False,jerry.ns.cloudflare.com.
collectrelay,collectrelay.com,taken,pending,False,marty.ns.cloudflare.com.
collectring,collectring.com,taken,pending,False,b.share-dns.net.
collectroute,collectroute.com,taken,pending,False,connie.ns.cloudflare.com.
collectseed,collectseed.com,taken,pending,False,ns22.domaincontrol.com.
collectshine,collectshine.com,taken,pending,False,ns-2007.awsdns-58.co.uk.
collectspot,collectspot.com,taken,pending,False,ns-cloud-c2.googledomains.com.
collectswift,collectswift.com,taken,pending,False,ajay.ns.cloudflare.com.
collectsync,collectsync.com,taken,pending,False,pdns04.domaincontrol.com.
collectwave,collectwave.com,taken,pending,False,yolanda.ns.cloudflare.com.
collectweb,collectweb.com,taken,pending,False,ns2.yourwebhoster.com.
collectwire,collectwire.com,taken,pending,False,ns-295.awsdns-36.com.
craftlynk,craftlynk.com,taken,pending,False,ns.checkdomain.de.
creatoralign,creatoralign.com,taken,pending,False,ns26.domaincontrol.com.
creatorbase,creatorbase.com,taken,pending,False,ns98.worldnic.com.
creatorbold,creatorbold.com,taken,pending,False,ns39.domaincontrol.com.
creatorbond,creatorbond.com,taken,pending,False,ns61.domaincontrol.com.
creatorboost,creatorboost.com,taken,pending,False,pdns14.domaincontrol.com.
creatorbrave,creatorbrave.com,taken,pending,False,ns-cloud-e3.googledomains.com.
creatorchain,creatorchain.com,taken,pending,False,ns1.dyna-ns.net.
creatorclear,creatorclear.com,taken,pending,False,ns53.domaincontrol.com.
creatorcore,creatorcore.com,taken,pending,False,ns32.domaincontrol.com.
creatordash,creatordash.com,taken,pending,False,dns1.registrar-servers.com.
creatorecho,creatorecho.com,taken,pending,False,dns1.registrar-servers.com.
creatorflame,creatorflame.com,taken,pending,False,launch1.spaceship.net.
creatorforge,creatorforge.com,taken,pending,False,sue.ns.cloudflare.com.
creatorfresh,creatorfresh.com,taken,pending,False,ns38.domaincontrol.com.
creatorglow,creatorglow.com,taken,pending,False,verify-contact-details.namecheap.com.
creatorgrid,creatorgrid.com,taken,pending,False,ns17.domaincontrol.com.
creatorgrow,creatorgrow.com,taken,pending,False,ns-cloud-c3.googledomains.com.
creatorhub,creatorhub.com,taken,pending,False,ns-249.awsdns-31.com.
creatorjoin,creatorjoin.com,taken,pending,False,erin.ns.cloudflare.com.
creatorlift,creatorlift.com,taken,pending,False,ns2.brandbucket.com.
creatorlink,creatorlink.com,taken,pending,False,ns-cloud-d1.googledomains.com.
creatorloop,creatorloop.com,taken,pending,False,jim.ns.cloudflare.com.
creatormerge,creatormerge.com,taken,pending,False,lana.ns.cloudflare.com.
creatornode,creatornode.com,taken,pending,False,dns2.namecheaphosting.com.
creatornova,creatornova.com,taken,pending,False,dns1.registrar-servers.com.
creatoropen,creatoropen.com,taken,pending,False,ns03.squarespacedns.com.
creatororbit,creatororbit.com,taken,pending,False,dns2.registrar-servers.com.
creatorpush,creatorpush.com,taken,pending,False,ns39.domaincontrol.com.
creatorrapid,creatorrapid.com,taken,pending,False,ns53.domaincontrol.com.
creatorrelay,creatorrelay.com,taken,pending,False,erin.ns.cloudflare.com.
creatorrise,creatorrise.com,taken,pending,False,dns1.registrar-servers.com.
creatorroot,creatorroot.com,taken,pending,False,dns1.registrar-servers.com.
creatorroute,creatorroute.com,taken,pending,False,dns1.registrar-servers.com.
creatorscale,creatorscale.com,taken,pending,False,ns-cloud-d1.googledomains.com.
creatorspark,creatorspark.com,taken,pending,False,ns63.domaincontrol.com.
creatorsurge,creatorsurge.com,taken,pending,False,ollie.ns.cloudflare.com.
creatorswift,creatorswift.com,taken,pending,False,ns21.domaincontrol.com.
creatorsync,creatorsync.com,taken,pending,False,dns1.registrar-servers.com.
creatortrail,creatortrail.com,taken,pending,False,apollo.dns-parking.com.
creatorunion,creatorunion.com,taken,pending,False,dns19.hichina.com.
creatorweave,creatorweave.com,taken,pending,False,helios.dns-parking.com.
creatorweb,creatorweb.com,taken,pending,False,damao.ns.giantpanda.com.
creatorwire,creatorwire.com,taken,pending,False,patryk.ns.cloudflare.com.
crowdapex,crowdapex.com,taken,pending,False,laura.ns.cloudflare.com.
crowdbase,crowdbase.com,taken,pending,False,ns4.dnsimple-edge.org.
crowdbeacon,crowdbeacon.com,taken,pending,False,ns2.brandbucket.com.
crowdbloom,crowdbloom.com,taken,pending,False,zod.ns.cloudflare.com.
crowdbold,crowdbold.com,taken,pending,False,ns-cloud-c3.googledomains.com.
crowdbond,crowdbond.com,taken,pending,False,ns3.openprovider.eu.
crowdboost,crowdboost.com,taken,pending,False,ns50.domaincontrol.com.
crowdbridge,crowdbridge.com,taken,pending,False,ns38.domaincontrol.com.
crowdchain,crowdchain.com,taken,pending,False,ns24.domaincontrol.com.
crowdcore,crowdcore.com,taken,pending,False,ns-270.awsdns-33.com.
crowddock,crowddock.com,taken,pending,False,ns2.brandbucket.com.
crowdecho,crowdecho.com,taken,pending,False,ns14.domaincontrol.com.
crowdflow,crowdflow.com,taken,pending,False,ns1.dreamhost.com.
crowdforge,crowdforge.com,taken,pending,False,ns2.sawsells.com.
crowdfuel,crowdfuel.com,taken,pending,False,ns1.parkingcrew.net.
crowdgather,crowdgather.com,taken,pending,False,ns48.domaincontrol.com.
crowdglow,crowdglow.com,taken,pending,False,ns66.domaincontrol.com.
crowdharbor,crowdharbor.com,taken,pending,False,dns1.registrar-servers.com.
crowdhub,crowdhub.com,taken,pending,False,tara.ns.cloudflare.com.
crowdignite,crowdignite.com,taken,pending,False,justin.ns.cloudflare.com.
crowdlaunch,crowdlaunch.com,taken,pending,False,ns04.domaincontrol.com.
crowdlift,crowdlift.com,taken,pending,False,ns2.namepros-dns.is.
crowdline,crowdline.com,taken,pending,False,ns01.cashparking.com.
crowdloop,crowdloop.com,taken,pending,False,shades08.rzone.de.
crowdlynk,crowdlynk.com,taken,pending,False,ns1.dyna-ns.net.
crowdmesh,crowdmesh.com,taken,pending,False,melina.ns.cloudflare.com.
crowdnect,crowdnect.com,taken,pending,False,ns69.domaincontrol.com.
crowdnest,crowdnest.com,taken,pending,False,ns2.dnsowl.com.
crowdnode,crowdnode.com,taken,pending,False,ns3-09.azure-dns.org.
crowdpath,crowdpath.com,taken,pending,False,ns15.domaincontrol.com.
crowdpeak,crowdpeak.com,taken,pending,False,ns19.domaincontrol.com.
crowdprime,crowdprime.com,taken,pending,False,ns27.domaincontrol.com.
crowdpulse,crowdpulse.com,taken,pending,False,ns2.eftydns.com.
crowdpush,crowdpush.com,taken,pending,False,ns55.domaincontrol.com.
crowdrelay,crowdrelay.com,taken,pending,False,02.dnsv.jp.
crowdring,crowdring.com,taken,pending,False,ns17.domaincontrol.com.
crowdrise,crowdrise.com,taken,pending,False,ns-480.awsdns-60.com.
crowdscale,crowdscale.com,taken,pending,False,ns19.domaincontrol.com.
crowdseed,crowdseed.com,taken,pending,False,ns10.gcd-dns.com.
crowdshine,crowdshine.com,taken,pending,False,mid113.ns1.sslparking.com.
crowdsignal,crowdsignal.com,taken,pending,False,ns2.automattic.com.
crowdspark,crowdspark.com,taken,pending,False,amir.ns.cloudflare.com.
crowdspot,crowdspot.com,taken,pending,False,ns-cloud-c4.googledomains.com.
crowdsurge,crowdsurge.com,taken,pending,False,dns2.cscdns.net.
crowdswift,crowdswift.com,taken,pending,False,ns09.domaincontrol.com.
crowdsync,crowdsync.com,taken,pending,False,ns54.domaincontrol.com.
crowdtie,crowdtie.com,taken,pending,False,ns71.domaincontrol.com.
crowdtrail,crowdtrail.com,taken,pending,False,ns1.parkingcrew.net.
crowdwave,crowdwave.com,taken,pending,False,ns-1177.awsdns-19.org.
crowdweave,crowdweave.com,taken,pending,False,ns2.dns-parking.com.
crowdweb,crowdweb.com,taken,pending,False,ns1.abovedomains.com.
crowdwire,crowdwire.com,taken,pending,False,ns3.bdm.microsoftonline.com.
dashalign,dashalign.com,taken,pending,False,dns1.p04.nsone.net.
dashbase,dashbase.com,taken,pending,False,dns1.registrar-servers.com.
dashbridge,dashbridge.com,taken,pending,False,ns77.domaincontrol.com.
dashcore,dashcore.com,taken,pending,False,nataly.ns.cloudflare.com.
dashecho,dashecho.com,taken,pending,False,ns65.domaincontrol.com.
dashflow,dashflow.com,taken,pending,False,1.namestar.com.
dashfuse,dashfuse.com,taken,pending,False,ns1.gofruits.co.
dashgrid,dashgrid.com,taken,pending,False,ns-1277.awsdns-31.org.
dashjoin,dashjoin.com,taken,pending,False,adrian.ns.cloudflare.com.
dashlane,dashlane.com,taken,pending,False,ns-396.awsdns-49.com.
dashline,dashline.com,taken,pending,False,jade.ns.cloudflare.com.
dashlink,dashlink.com,taken,pending,False,kolton.ns.cloudflare.com.
dashloop,dashloop.com,taken,pending,False,ns1.namelot.com.
dashlynk,dashlynk.com,taken,pending,False,mina.ns.cloudflare.com.
dashmeet,dashmeet.com,taken,pending,False,ns75.domaincontrol.com.
dashmerge,dashmerge.com,taken,pending,False,dns1.registrar-servers.com.
dashmesh,dashmesh.com,taken,pending,False,ns6357.hostgator.com.
dashnet,dashnet.com,taken,pending,False,ns2.da.hostns.io.
dashport,dashport.com,taken,pending,False,liberty.ns.cloudflare.com.
dashrelay,dashrelay.com,taken,pending,False,aaden.ns.cloudflare.com.
dashspot,dashspot.com,taken,pending,False,d.ns14.net.
dashsync,dashsync.com,taken,pending,False,trey.ns.cloudflare.com.
dashtie,dashtie.com,taken,pending,False,ns16.domaincontrol.com.
dashwave,dashwave.com,taken,pending,False,ns20.domaincontrol.com.
dashweb,dashweb.com,taken,pending,False,ns1.dreamhost.com.
dashwire,dashwire.com,taken,pending,False,ns3.a2hosting.com.
directanchor,directanchor.com,taken,pending,False,ns2.bluehost.com.
directbloom,directbloom.com,taken,pending,False,ns65.domaincontrol.com.
directbold,directbold.com,taken,pending,False,dns1.registrar-servers.com.
directbuild,directbuild.com,taken,pending,False,ns01.cashparking.com.
directchain,directchain.com,taken,pending,False,ns31.domaincontrol.com.
directcore,directcore.com,taken,pending,False,rocco.ns.cloudflare.com.
directdrive,directdrive.com,taken,pending,False,ella.dnspod.net.
directflow,directflow.com,taken,pending,False,ns1.parklogic.com.
directfresh,directfresh.com,taken,pending,False,a9-64.akam.net.
directfuse,directfuse.com,taken,pending,False,ns51.domaincontrol.com.
directglow,directglow.com,taken,pending,False,ns28.domaincontrol.com.
directgrid,directgrid.com,taken,pending,False,meadow.ns.cloudflare.com.
directhub,directhub.com,taken,pending,False,tara.ns.cloudflare.com.
directlift,directlift.com,taken,pending,False,zita.ns.cloudflare.com.
directline,directline.com,taken,pending,False,ns-297.awsdns-37.com.
directlink,directlink.com,taken,pending,False,ns2.p201.dns.oraclecloud.net.
directloop,directloop.com,taken,pending,False,ns1.brandhosts.com.
directlynk,directlynk.com,taken,pending,False,dns3.p01.nsone.net.
directmesh,directmesh.com,taken,pending,False,ns57.domaincontrol.com.
directnest,directnest.com,taken,pending,False,kiki.bunny.net.
directnet,directnet.com,taken,pending,False,mercury.ubs.com.
directpath,directpath.com,taken,pending,False,chloe.ns.cloudflare.com.
directport,directport.com,taken,pending,False,ns08.domaincontrol.com.
directpulse,directpulse.com,taken,pending,False,ns3hjx.name.com.
directrally,directrally.com,taken,pending,False,ns48.domaincontrol.com.
directrelay,directrelay.com,taken,pending,False,ns11.infomaniak.ch.
directring,directring.com,taken,pending,False,1.namestar.com.
directscale,directscale.com,taken,pending,False,ns2-05.azure-dns.net.
directseed,directseed.com,taken,pending,False,ns21.domaincontrol.com.
directshine,directshine.com,taken,pending,False,ns2.stackdns.com.
directspark,directspark.com,taken,pending,False,ns1.messagingengine.com.
directswift,directswift.com,taken,pending,False,gordon.ns.cloudflare.com.
directthrive,directthrive.com,taken,pending,False,dns2.registrar-servers.com.
directtie,directtie.com,taken,pending,False,ns70.domaincontrol.com.
directwave,directwave.com,taken,pending,False,dns1.mho.net.
directweave,directweave.com,taken,pending,False,ns1.tierra.net.
directweb,directweb.com,taken,pending,False,ns1.dyna-ns.net.
directwire,directwire.com,taken,pending,False,ns59.domaincontrol.com.
drivealign,drivealign.com,taken,pending,False,ns1.dns-h.com.
drivebase,drivebase.com,taken,pending,False,kiki.bunny.net.
driveblend,driveblend.com,taken,pending,False,ns-cloud-a1.googledomains.com.
drivebond,drivebond.com,taken,pending,False,ns73.domaincontrol.com.
drivechain,drivechain.com,taken,pending,False,dns2.cscdns.net.
drivecore,drivecore.com,taken,pending,False,pdns2.cscdns.net.
drivedock,drivedock.com,taken,pending,False,ns-1813.awsdns-34.co.uk.
driveecho,driveecho.com,taken,pending,False,ns73.domaincontrol.com.
driveflow,driveflow.com,taken,pending,False,blue.foundationdns.net.
drivefuse,drivefuse.com,taken,pending,False,ns1.gofruits.co.
drivehub,drivehub.com,taken,pending,False,pete.ns.cloudflare.com.
drivelane,drivelane.com,taken,pending,False,ns66.domaincontrol.com.
driveline,driveline.com,taken,pending,False,ns2.siteground.net.
driveloop,driveloop.com,taken,pending,False,ns42.domaincontrol.com.
drivelynk,drivelynk.com,taken,pending,False,ns9.wixdns.net.
drivemeet,drivemeet.com,taken,pending,False,ns2.eftydns.com.
drivenect,drivenect.com,taken,pending,False,ns4.domaintechnik.at.
drivenest,drivenest.com,taken,pending,False,ns2.algolysis.com.
drivenode,drivenode.com,taken,pending,False,ns1.gofruits.co.
driveport,driveport.com,taken,pending,False,ns43.domaincontrol.com.
driverelay,driverelay.com,taken,pending,False,ns18.domaincontrol.com.
drivespot,drivespot.com,taken,pending,False,ns2.dyna-ns.net.
drivesync,drivesync.com,taken,pending,False,ns-1832.awsdns-37.co.uk.
driveweb,driveweb.com,taken,pending,False,ns2.inmotionhosting.com.
drivewire,drivewire.com,taken,pending,False,ns-1033.awsdns-01.org.
echolynk,echolynk.com,taken,pending,False,ns1075.ui-dns.org.
elevcore,elevcore.com,taken,pending,False,lorna.ns.cloudflare.com.
elevflow,elevflow.com,taken,pending,False,teresa.ns.cloudflare.com.
elevgrid,elevgrid.com,taken,pending,False,gannon.ns.cloudflare.com.
elevhub,elevhub.com,taken,pending,False,ns13.domaincontrol.com.
elevnest,elevnest.com,taken,pending,False,ns-cloud-e1.googledomains.com.
elevnet,elevnet.com,taken,pending,False,a.share-dns.com.
elevpath,elevpath.com,taken,pending,False,ns1.dns-parking.com.
elevweb,elevweb.com,taken,pending,False,aitana.ns.cloudflare.com.
fanalign,fanalign.com,taken,pending,False,ns71.domaincontrol.com.
fanbase,fanbase.com,taken,pending,False,nina.ns.cloudflare.com.
fanbeacon,fanbeacon.com,taken,pending,False,ns27.domaincontrol.com.
fanbloom,fanbloom.com,taken,pending,False,ns-cloud-e4.googledomains.com.
fanbold,fanbold.com,taken,pending,False,ns1.unstoppabledomains.com.
fanbond,fanbond.com,taken,pending,False,ns64.domaincontrol.com.
fanboost,fanboost.com,taken,pending,False,ns34.domaincontrol.com.
fanbridge,fanbridge.com,taken,pending,False,ns-48.awsdns-06.com.
fanbuild,fanbuild.com,taken,pending,False,izabella.ns.cloudflare.com.
fanchain,fanchain.com,taken,pending,False,uma.ns.cloudflare.com.
fancircle,fancircle.com,taken,pending,False,ns1.dyna-ns.net.
fancore,fancore.com,taken,pending,False,bella.ns.cloudflare.com.
fandash,fandash.com,taken,pending,False,dns2.stabletransit.com.
fanflow,fanflow.com,taken,pending,False,aiden.ns.cloudflare.com.
fanforge,fanforge.com,taken,pending,False,ns3.dreamhost.com.
fanfresh,fanfresh.com,taken,pending,False,ns1118.ui-dns.de.
fanfuel,fanfuel.com,taken,pending,False,ns19.domaincontrol.com.
fanfuse,fanfuse.com,taken,pending,False,ridge.ns.cloudflare.com.
fangather,fangather.com,taken,pending,False,curitiba.ns.porkbun.com.
fanglow,fanglow.com,taken,pending,False,ns-1403.awsdns-47.org.
fangrid,fangrid.com,taken,pending,False,ns24.domaincontrol.com.
fangrow,fangrow.com,taken,pending,False,kiki.bunny.net.
fanhub,fanhub.com,taken,pending,False,sdns3.ultradns.biz.
fanignite,fanignite.com,taken,pending,False,ns13.domaincontrol.com.
fanlift,fanlift.com,taken,pending,False,ns60.domaincontrol.com.
fanline,fanline.com,taken,pending,False,ns06.domaincontrol.com.
fanlink,fanlink.com,taken,pending,False,ns41.worldnic.com.
fanloop,fanloop.com,taken,pending,False,ns-794.awsdns-35.net.
fanlynk,fanlynk.com,taken,pending,False,marge.ns.cloudflare.com.
fannet,fannet.com,taken,pending,False,ns2.rentondc.com.
fannode,fannode.com,taken,pending,False,ns08.domaincontrol.com.
fannova,fannova.com,taken,pending,False,dns9.hichina.com.
fanopen,fanopen.com,taken,pending,False,ns2.reg.ru.
fanpeak,fanpeak.com,taken,pending,False,ns157.superhosting.bg.
fanport,fanport.com,taken,pending,False,ns11.domaincontrol.com.
fanprime,fanprime.com,taken,pending,False,ns-a2.conoha.io.
fanpulse,fanpulse.com,taken,pending,False,ns27.domaincontrol.com.
fanpush,fanpush.com,taken,pending,False,launch1.spaceship.net.
fanrally,fanrally.com,taken,pending,False,dell.ns.cloudflare.com.
fanseed,fanseed.com,taken,pending,False,ns1.dreamhost.com.
fanshine,fanshine.com,taken,pending,False,dns9.hichina.com.
fansignal,fansignal.com,taken,pending,False,ns3ghw.name.com.
fansoar,fansoar.com,taken,pending,False,saanvi.ns.cloudflare.com.
fanspark,fanspark.com,taken,pending,False,ns01.cashparking.com.
fantie,fantie.com,taken,pending,False,ns2.ename.net.
fanunion,fanunion.com,taken,pending,False,ns51.domaincontrol.com.
fanwave,fanwave.com,taken,pending,False,curitiba.ns.porkbun.com.
fanweave,fanweave.com,taken,pending,False,ns1.dns-parking.com.
fanweb,fanweb.com,taken,pending,False,ns1.dingodns.com.
fanwire,fanwire.com,taken,pending,False,hugh.ns.cloudflare.com.
flamebond,flamebond.com,taken,pending,False,docks18.rzone.de.
flamechain,flamechain.com,taken,pending,False,ns23.domaincontrol.com.
flamecircle,flamecircle.com,taken,pending,False,z.ns.joker.com.
flamecore,flamecore.com,taken,pending,False,ns4.name.com.
flamelane,flamelane.com,taken,pending,False,ns01.one.com.
flamelink,flamelink.com,taken,pending,False,nucum.ns.cloudflare.com.
flameloop,flameloop.com,taken,pending,False,ns2.dns-parking.com.
flamenest,flamenest.com,taken,pending,False,ns-cloud-e1.googledomains.com.
flamenode,flamenode.com,taken,pending,False,ns57.domaincontrol.com.
flameport,flameport.com,taken,pending,False,y.ns.joker.com.
flamerelay,flamerelay.com,taken,pending,False,ns20.domaincontrol.com.
flamering,flamering.com,taken,pending,False,ns04.domaincontrol.com.
flamespot,flamespot.com,taken,pending,False,2.namestar.com.
flamesync,flamesync.com,taken,pending,False,ns72.domaincontrol.com.
flamewave,flamewave.com,taken,pending,False,ns.rackspace.com.
flameweave,flameweave.com,taken,pending,False,ns1.dnsowl.com.
flamewire,flamewire.com,taken,pending,False,ns-cloud-d2.googledomains.com.
flourbase,flourbase.com,taken,pending,False,ns4.bdm.microsoftonline.com.
flourbond,flourbond.com,taken,pending,False,dns.w3line.fr.
flourcircle,flourcircle.com,taken,pending,False,olof.ns.cloudflare.com.
flourflow,flourflow.com,taken,pending,False,ns1.loopia.se.
flourlane,flourlane.com,taken,pending,False,ns-cloud-e4.googledomains.com.
flourline,flourline.com,taken,pending,False,ns40.domaincontrol.com.
flourunion,flourunion.com,taken,pending,False,ns53.domaincontrol.com.
forgebase,forgebase.com,taken,pending,False,ns67.domaincontrol.com.
forgecore,forgecore.com,taken,pending,False,ns-cloud-c4.googledomains.com.
forgedock,forgedock.com,taken,pending,False,ns1.dyna-ns.net.
forgeflow,forgeflow.com,taken,pending,False,ns-cloud-e1.googledomains.com.
forgefuse,forgefuse.com,taken,pending,False,ns1.brandbucket.com.
forgegrid,forgegrid.com,taken,pending,False,ns30.domaincontrol.com.
forgehub,forgehub.com,taken,pending,False,ns-1364.awsdns-42.org.
forgeline,forgeline.com,taken,pending,False,vicente.ns.cloudflare.com.
forgelink,forgelink.com,taken,pending,False,marge.ns.cloudflare.com.
forgelynk,forgelynk.com,taken,pending,False,ns25.domaincontrol.com.
forgenode,forgenode.com,taken,pending,False,ns2.gofruits.co.
forgepath,forgepath.com,taken,pending,False,cash.ns.cloudflare.com.
forgerelay,forgerelay.com,taken,pending,False,ns2.domain-sale-on.sodomains.com.
forgering,forgering.com,taken,pending,False,ns-cloud-a1.googledomains.com.
forgeroute,forgeroute.com,taken,pending,False,edna.ns.cloudflare.com.
forgeunion,forgeunion.com,taken,pending,False,ns-1086.awsdns-07.org.
forgewave,forgewave.com,taken,pending,False,ns20.domaincontrol.com.
forgeweave,forgeweave.com,taken,pending,False,clyde.ns.cloudflare.com.
forgeweb,forgeweb.com,taken,pending,False,yangguang.ns.giantpanda.com.
forgewire,forgewire.com,taken,pending,False,ns2.siteground.net.
freebase,freebase.com,taken,pending,False,ns1.google.com.
freeblend,freeblend.com,taken,pending,False,dns1.registrar-servers.com.
freechain,freechain.com,taken,pending,False,dns9.hichina.com.
freecore,freecore.com,taken,pending,False,ns2.hyp.net.
freeecho,freeecho.com,taken,pending,False,dns20.hichina.com.
freeflow,freeflow.com,taken,pending,False,sgdnz005.flextronics.com.
freefuse,freefuse.com,taken,pending,False,ns-122.awsdns-15.com.
freegrid,freegrid.com,taken,pending,False,docks19.rzone.de.
freehub,freehub.com,taken,pending,False,ns38.domaincontrol.com.
freelink,freelink.com,taken,pending,False,ns-1121.awsdns-12.org.
freemeet,freemeet.com,taken,pending,False,ns2.slicehost.net.
freemerge,freemerge.com,taken,pending,False,ns52.domaincontrol.com.
freemesh,freemesh.com,taken,pending,False,ns2.dyna-ns.net.
freenect,freenect.com,taken,pending,False,valentin.ns.cloudflare.com.
freenet,freenet.com,taken,pending,False,ns32.worldnic.com.
freenode,freenode.com,taken,pending,False,dina.ns.cloudflare.com.
freepath,freepath.com,taken,pending,False,ns1.dnsimple-edge.com.
freeport,freeport.com,taken,pending,False,ns60.domaincontrol.com.
freespot,freespot.com,taken,pending,False,ns-1917.awsdns-47.co.uk.
freesync,freesync.com,taken,pending,False,ns21.domaincontrol.com.
freetrail,freetrail.com,taken,pending,False,ns2.hover.com.
freeunion,freeunion.com,taken,pending,False,ns4.he.net.
freewave,freewave.com,taken,pending,False,alexia.ns.cloudflare.com.
freeweb,freeweb.com,taken,pending,False,ns2.hover.com.
freewire,freewire.com,taken,pending,False,ns23.domaincontrol.com.
freshblend,freshblend.com,taken,pending,False,ns70.domaincontrol.com.
freshbond,freshbond.com,taken,pending,False,ns13.domaincontrol.com.
freshchain,freshchain.com,taken,pending,False,nolan.ns.cloudflare.com.
freshecho,freshecho.com,taken,pending,False,ns1.dreamhost.com.
freshflow,freshflow.com,taken,pending,False,yangguang.ns.giantpanda.com.
freshgrid,freshgrid.com,taken,pending,False,ns78.domaincontrol.com.
freshjoin,freshjoin.com,taken,pending,False,n2.xundns.com.
freshline,freshline.com,taken,pending,False,algin.ns.cloudflare.com.
freshlink,freshlink.com,taken,pending,False,ns-1700.awsdns-20.co.uk.
freshloop,freshloop.com,taken,pending,False,ns17.domaincontrol.com.
freshlynk,freshlynk.com,taken,pending,False,dns26.hichina.com.
freshnect,freshnect.com,taken,pending,False,ns13.domaincontrol.com.
freshnest,freshnest.com,taken,pending,False,ns66.domaincontrol.com.
freshnode,freshnode.com,taken,pending,False,ns1.hyp.net.
freshport,freshport.com,taken,pending,False,vip4.alidns.com.
freshroute,freshroute.com,taken,pending,False,ns1.parkingcrew.net.
freshspot,freshspot.com,taken,pending,False,ns60.domaincontrol.com.
freshsync,freshsync.com,taken,pending,False,c.ns14.net.
freshwire,freshwire.com,taken,pending,False,ns77.domaincontrol.com.
fuelbase,fuelbase.com,taken,pending,False,ns57.domaincontrol.com.
fuelblend,fuelblend.com,taken,pending,False,ns1.dyna-ns.net.
fuelchain,fuelchain.com,taken,pending,False,ns1.hostinguk.net.
fuelcore,fuelcore.com,taken,pending,False,olga.ns.cloudflare.com.
fuelflow,fuelflow.com,taken,pending,False,ns4.anydns.com.
fuellane,fuellane.com,taken,pending,False,darwin.ns.cloudflare.com.
fuelloop,fuelloop.com,taken,pending,False,kiki.bunny.net.
fuellynk,fuellynk.com,taken,pending,False,a18-64.akam.net.
fuelmeet,fuelmeet.com,taken,pending,False,ns05.domaincontrol.com.
fuelnet,fuelnet.com,taken,pending,False,ns2.abovedomains.com.
fuelnode,fuelnode.com,taken,pending,False,standard3.encirca.net.
fuelport,fuelport.com,taken,pending,False,dns4.name-services.com.
fuelrelay,fuelrelay.com,taken,pending,False,anna.ns.cloudflare.com.
fuelweave,fuelweave.com,taken,pending,False,adam.ns.cloudflare.com.
fuelwire,fuelwire.com,taken,pending,False,kareem.ns.cloudflare.com.
gigalign,gigalign.com,taken,pending,False,ns-cloud-e2.googledomains.com.
giganchor,giganchor.com,taken,pending,False,ns1.hover.com.
gigapex,gigapex.com,taken,pending,False,dns34.saveonhosting.com.
gigbase,gigbase.com,taken,pending,False,ns2.livedns.co.uk.
gigbeacon,gigbeacon.com,taken,pending,False,ns2.gransy.com.
gigbridge,gigbridge.com,taken,pending,False,ns21.domaincontrol.com.
gigchain,gigchain.com,taken,pending,False,ns2.drupsco.com.
gigcore,gigcore.com,taken,pending,False,ns71.domaincontrol.com.
gigdash,gigdash.com,taken,pending,False,ns35.domaincontrol.com.
gigdock,gigdock.com,taken,pending,False,ed.ns.cloudflare.com.
gigdrive,gigdrive.com,taken,pending,False,ns37.domaincontrol.com.
gigecho,gigecho.com,taken,pending,False,ns28.domaincontrol.com.
gigelev,gigelev.com,taken,pending,False,ns-cloud-c4.googledomains.com.
gigflow,gigflow.com,taken,pending,False,dns1.registrar-servers.com.
gigforge,gigforge.com,taken,pending,False,ns2.inmotionhosting.com.
gigglow,gigglow.com,taken,pending,False,failed-whois-verification.namecheap.com.
gigharbor,gigharbor.com,taken,pending,False,ns2.1orange.com.
gighub,gighub.com,taken,pending,False,ns1.vercel-dns.com.
gigjoin,gigjoin.com,taken,pending,False,ns1.goneo.de.
giglift,giglift.com,taken,pending,False,ns47.domaincontrol.com.
gigline,gigline.com,taken,pending,False,salvador.ns.porkbun.com.
gigmeet,gigmeet.com,taken,pending,False,ns1.aftermarket.pl.
gignect,gignect.com,taken,pending,False,ns1.dns-parking.com.
gignet,gignet.com,taken,pending,False,ns54.worldnic.com.
gignode,gignode.com,taken,pending,False,ns2.brandbucket.com.
gigpath,gigpath.com,taken,pending,False,ns05.domaincontrol.com.
gigpeak,gigpeak.com,taken,pending,False,ns29.domaincontrol.com.
gigrelay,gigrelay.com,taken,pending,False,ns2.gigrelay.com.
gigroot,gigroot.com,taken,pending,False,ns2.domain.com.
gigscale,gigscale.com,taken,pending,False,ns-cloud-e1.googledomains.com.
gigshine,gigshine.com,taken,pending,False,dns1.registrar-servers.com.
gigsignal,gigsignal.com,taken,pending,False,ns25.domaincontrol.com.
gigspot,gigspot.com,taken,pending,False,dns2.easydns.net.
gigsurge,gigsurge.com,taken,pending,False,verify-contact-details.namecheap.com.
gigswift,gigswift.com,taken,pending,False,ns67.domaincontrol.com.
gigsync,gigsync.com,taken,pending,False,ns1.bluehost.com.
gigtrue,gigtrue.com,taken,pending,False,ns56.domaincontrol.com.
gigvivid,gigvivid.com,taken,pending,False,ns1.crazydomains.com.
gigwave,gigwave.com,taken,pending,False,ns2.dyna-ns.net.
gigweave,gigweave.com,taken,pending,False,ns08.domaincontrol.com.
gigwire,gigwire.com,taken,pending,False,yahir.ns.cloudflare.com.
glowbase,glowbase.com,taken,pending,False,a.regfish-ns.net.
glowbridge,glowbridge.com,taken,pending,False,augustus.ns.cloudflare.com.
glowchain,glowchain.com,taken,pending,False,dns1.registrar-servers.com.
glowcore,glowcore.com,taken,pending,False,augustus.ns.cloudflare.com.
glowecho,glowecho.com,taken,pending,False,ns2.abovedomains.com.
glowflow,glowflow.com,taken,pending,False,ns3.dreamhost.com.
glowfuse,glowfuse.com,taken,pending,False,jack.ns.cloudflare.com.
glowgather,glowgather.com,taken,pending,False,ns01.domaincontrol.com.
glowhub,glowhub.com,taken,pending,False,ns59.domaincontrol.com.
glowjoin,glowjoin.com,taken,pending,False,ns-cloud-e1.googledomains.com.
glowknit,glowknit.com,taken,pending,False,ns29.domaincontrol.com.
glowlink,glowlink.com,taken,pending,False,ns50.domaincontrol.com.
glowmesh,glowmesh.com,taken,pending,False,ns1.nitrowebhost.com.
glownest,glownest.com,taken,pending,False,ns4.protondns.net.
glownet,glownet.com,taken,pending,False,ns-367.awsdns-45.com.
glowrelay,glowrelay.com,taken,pending,False,ns2.dyna-ns.net.
glowring,glowring.com,taken,pending,False,ns3.systemdns.com.
glowsignal,glowsignal.com,taken,pending,False,dns1.registrar-servers.com.
glowtrail,glowtrail.com,taken,pending,False,ns50.domaincontrol.com.
glowunion,glowunion.com,taken,pending,False,ns1.dreamhost.com.
glowwave,glowwave.com,taken,pending,False,ns1.syd6.hostingplatform.net.au.
growbase,growbase.com,taken,pending,False,dns1.registrar-servers.com.
growbond,growbond.com,taken,pending,False,ns71.domaincontrol.com.
growdock,growdock.com,taken,pending,False,ns2.brandbucket.com.
growflow,growflow.com,taken,pending,False,piotr.ns.cloudflare.com.
growfuse,growfuse.com,taken,pending,False,ns1.brandbucket.com.
growgather,growgather.com,taken,pending,False,ns27.domaincontrol.com.
growhub,growhub.com,taken,pending,False,ns2.mydomain.com.
growjoin,growjoin.com,taken,pending,False,fatima.ns.cloudflare.com.
growline,growline.com,taken,pending,False,dom1.omnis.com.
growlink,growlink.com,taken,pending,False,ns2.bdm.microsoftonline.com.
growloop,growloop.com,taken,pending,False,ns1.hover.com.
growmesh,growmesh.com,taken,pending,False,ns06.domaincontrol.com.
grownect,grownect.com,taken,pending,False,theo.ns.cloudflare.com.
grownest,grownest.com,taken,pending,False,dns106.register.com.
grownet,grownet.com,taken,pending,False,launch1.spaceship.net.
grownode,grownode.com,taken,pending,False,ns1.linode.com.
growpath,growpath.com,taken,pending,False,ns-cloud-d3.googledomains.com.
growport,growport.com,taken,pending,False,ns1090.ui-dns.de.
growroute,growroute.com,taken,pending,False,ns2.gofruits.co.
growspot,growspot.com,taken,pending,False,ns61.domaincontrol.com.
growsync,growsync.com,taken,pending,False,ns105.ovh.net.
growtie,growtie.com,taken,pending,False,ns2.ukhost4u.com.
growtrail,growtrail.com,taken,pending,False,ns1.whois.com.
growweave,growweave.com,taken,pending,False,salvador.ns.porkbun.com.
growwire,growwire.com,taken,pending,False,ns4.p201.dns.oraclecloud.net.
harboralign,harboralign.com,taken,pending,False,gemma.ns.cloudflare.com.
harborbase,harborbase.com,taken,pending,False,ns2.brandbucket.com.
harborbond,harborbond.com,taken,pending,False,carmelo.ns.cloudflare.com.
harborchain,harborchain.com,taken,pending,False,ns1.eftydns.com.
harborgather,harborgather.com,taken,pending,False,deb.ns.cloudflare.com.
harborgrid,harborgrid.com,taken,pending,False,ns64.domaincontrol.com.
harborlane,harborlane.com,taken,pending,False,ns1051.ui-dns.org.
harborline,harborline.com,taken,pending,False,myns1.fabulous.com.
harborlink,harborlink.com,taken,pending,False,ns5.markmonitor.com.
harborloop,harborloop.com,taken,pending,False,ns1.dyna-ns.net.
harbornest,harbornest.com,taken,pending,False,ns9.wixdns.net.
harbornet,harbornet.com,taken,pending,False,ns3.rainierconnect.com.
harborport,harborport.com,taken,pending,False,ns2.turbify.com.
harborrelay,harborrelay.com,taken,pending,False,ns1.validatedhost.com.
harborroute,harborroute.com,taken,pending,False,dns2.registrar-servers.com.
harborsignal,harborsignal.com,taken,pending,False,ns3.digitalocean.com.
harborspot,harborspot.com,taken,pending,False,ns55.domaincontrol.com.
harborsync,harborsync.com,taken,pending,False,ns1.bluehost.com.
harbortrail,harbortrail.com,taken,pending,False,ns02.cashparking.com.
harborwave,harborwave.com,taken,pending,False,ns1.parkingcrew.net.
harborweave,harborweave.com,taken,pending,False,hayes.ns.cloudflare.com.
harborweb,harborweb.com,taken,pending,False,ns86.gkg.net.
havenlynk,havenlynk.com,taken,pending,False,ns1.dns-parking.com.
homelynk,homelynk.com,taken,pending,False,piotr.ns.cloudflare.com.
ignitedock,ignitedock.com,taken,pending,False,3-get.njalla.fo.
igniteflow,igniteflow.com,taken,pending,False,ns40.domaincontrol.com.
igniteloop,igniteloop.com,taken,pending,False,ns1.brandbucket.com.
ignitenest,ignitenest.com,taken,pending,False,ns09.domaincontrol.com.
ignitenet,ignitenet.com,taken,pending,False,ns-cloud-a3.googledomains.com.
ignitenode,ignitenode.com,taken,pending,False,ns2.dns-parking.com.
igniteport,igniteport.com,taken,pending,False,dns3.p15.nsone.net.
ignitesignal,ignitesignal.com,taken,pending,False,ns32.domaincontrol.com.
ignitespot,ignitespot.com,taken,pending,False,ns27.domaincontrol.com.
ignitesync,ignitesync.com,taken,pending,False,ns1.abovedomains.com.
igniteweb,igniteweb.com,taken,pending,False,launch1.spaceship.net.
indiealign,indiealign.com,taken,pending,False,kyle.ns.cloudflare.com.
indieanchor,indieanchor.com,taken,pending,False,jerome.ns.cloudflare.com.
indieapex,indieapex.com,taken,pending,False,dns1.registrar-servers.com.
indiebase,indiebase.com,taken,pending,False,launch1.spaceship.net.
indiebloom,indiebloom.com,taken,pending,False,ns2.brandbucket.com.
indiebold,indiebold.com,taken,pending,False,dns3.p02.nsone.net.
indieboost,indieboost.com,taken,pending,False,ns44.domaincontrol.com.
indiebuild,indiebuild.com,taken,pending,False,ns-1108.awsdns-10.org.
indiechain,indiechain.com,taken,pending,False,ns42.domaincontrol.com.
indieclear,indieclear.com,taken,pending,False,ns2.webhostinghub.com.
indiedock,indiedock.com,taken,pending,False,ns73.domaincontrol.com.
indieflame,indieflame.com,taken,pending,False,dns1.registrar-servers.com.
indieforge,indieforge.com,taken,pending,False,ns06.domaincontrol.com.
indiefresh,indiefresh.com,taken,pending,False,suzanne.ns.cloudflare.com.
indiefuse,indiefuse.com,taken,pending,False,ns60.domaincontrol.com.
indiegrow,indiegrow.com,taken,pending,False,dns3.name-services.com.
indieharbor,indieharbor.com,taken,pending,False,zoe.ns.cloudflare.com.
indiehub,indiehub.com,taken,pending,False,ns2.dnsowl.com.
indielane,indielane.com,taken,pending,False,zoe.ns.cloudflare.com.
indielift,indielift.com,taken,pending,False,mariah.ns.cloudflare.com.
indieloop,indieloop.com,taken,pending,False,dangerous.dnspod.net.
indielynk,indielynk.com,taken,pending,False,ns-cloud-d2.googledomains.com.
indiemeet,indiemeet.com,taken,pending,False,kianchau.ns.cloudflare.com.
indiemerge,indiemerge.com,taken,pending,False,maceio.ns.porkbun.com.
indienova,indienova.com,taken,pending,False,f1g1ns1.dnspod.net.
indiepeak,indiepeak.com,taken,pending,False,dns1.registrar-servers.com.
indieprime,indieprime.com,taken,pending,False,ns2.xenocom.com.
indierelay,indierelay.com,taken,pending,False,kyle.ns.cloudflare.com.
indiering,indiering.com,taken,pending,False,launch1.spaceship.net.
indierise,indierise.com,taken,pending,False,ns15.domaincontrol.com.
indieroute,indieroute.com,taken,pending,False,randall.ns.cloudflare.com.
indiescale,indiescale.com,taken,pending,False,p.dnh.net.
indieshine,indieshine.com,taken,pending,False,ns64.domaincontrol.com.
indiesignal,indiesignal.com,taken,pending,False,ns1.brandbucket.com.
indiespark,indiespark.com,taken,pending,False,ns2.dreamhost.com.
indiespot,indiespot.com,taken,pending,False,ns1.eftydns.com.
indiesurge,indiesurge.com,taken,pending,False,cody.ns.cloudflare.com.
indiewave,indiewave.com,taken,pending,False,ivy.ns.cloudflare.com.
indieweb,indieweb.com,taken,pending,False,ns20.domaincontrol.com.
indiewire,indiewire.com,taken,pending,False,ns-772.awsdns-32.net.
launchbase,launchbase.com,taken,pending,False,ns20.domaincontrol.com.
launchbond,launchbond.com,taken,pending,False,ns45.domaincontrol.com.
launchbridge,launchbridge.com,taken,pending,False,ns22.domaincontrol.com.
launchchain,launchchain.com,taken,pending,False,gordon.ns.cloudflare.com.
launchecho,launchecho.com,taken,pending,False,ns1080.ui-dns.com.
launchflow,launchflow.com,taken,pending,False,piotr.ns.cloudflare.com.
launchfuse,launchfuse.com,taken,pending,False,ns26.domaincontrol.com.
launchgather,launchgather.com,taken,pending,False,ns-1656.awsdns-15.co.uk.
launchgrid,launchgrid.com,taken,pending,False,ns48.domaincontrol.com.
launchhub,launchhub.com,taken,pending,False,ns73.domaincontrol.com.
launchlane,launchlane.com,taken,pending,False,julian.ns.cloudflare.com.
launchline,launchline.com,taken,pending,False,ns1075.ui-dns.biz.
launchloop,launchloop.com,taken,pending,False,ns1.rimuhosting.com.
launchmesh,launchmesh.com,taken,pending,False,pns61.cloudns.net.
launchnet,launchnet.com,taken,pending,False,ns1045.ui-dns.com.
launchpath,launchpath.com,taken,pending,False,ns57.domaincontrol.com.
launchport,launchport.com,taken,pending,False,ns48.worldnic.com.
launchring,launchring.com,taken,pending,False,dns2.registrar-servers.com.
launchroute,launchroute.com,taken,pending,False,ns2.brandbucket.com.
launchsignal,launchsignal.com,taken,pending,False,ns1.hover.com.
launchspot,launchspot.com,taken,pending,False,ns2.dreamhost.com.
launchunion,launchunion.com,taken,pending,False,dns2.registrar-servers.com.
launchweave,launchweave.com,taken,pending,False,ns2.lightmeternetwork.com.
launchwire,launchwire.com,taken,pending,False,ns1.dyna-ns.net.
liftbridge,liftbridge.com,taken,pending,False,ns6427.hostgator.com.
liftchain,liftchain.com,taken,pending,False,ns68.domaincontrol.com.
liftcore,liftcore.com,taken,pending,False,ns.udag.net.
liftecho,liftecho.com,taken,pending,False,ns2.dyna-ns.net.
liftgrid,liftgrid.com,taken,pending,False,dns2.registrar-servers.com.
liftline,liftline.com,taken,pending,False,ns1.parklogic.com.
liftloop,liftloop.com,taken,pending,False,ns41.domaincontrol.com.
liftlynk,liftlynk.com,taken,pending,False,dns8.hichina.com.
liftmeet,liftmeet.com,taken,pending,False,ns-800.awsdns-36.net.
liftnest,liftnest.com,taken,pending,False,kiki.bunny.net.
liftnet,liftnet.com,taken,pending,False,ns-536.awsdns-03.net.
liftport,liftport.com,taken,pending,False,ns20.domaincontrol.com.
liftrelay,liftrelay.com,taken,pending,False,ns-cloud-a1.googledomains.com.
liftring,liftring.com,taken,pending,False,nancy.ns.cloudflare.com.
liftroute,liftroute.com,taken,pending,False,laura.ns.cloudflare.com.
liftspot,liftspot.com,taken,pending,False,ns31.domaincontrol.com.
lifttrail,lifttrail.com,taken,pending,False,christian.ns.cloudflare.com.
liftunion,liftunion.com,taken,pending,False,ns1052.ui-dns.de.
liftwave,liftwave.com,taken,pending,False,ns1057.ui-dns.org.
liftweb,liftweb.com,taken,pending,False,ns1.messagingengine.com.
liftwire,liftwire.com,taken,pending,False,ns50.domaincontrol.com.
liveapex,liveapex.com,taken,pending,False,ns12.gcd-dns.com.
livebase,livebase.com,taken,pending,False,ns-1880.awsdns-43.co.uk.
livebeacon,livebeacon.com,taken,pending,False,ns1.dreamhost.com.
livebold,livebold.com,taken,pending,False,joan.ns.cloudflare.com.
livebridge,livebridge.com,taken,pending,False,launch1.spaceship.net.
livebright,livebright.com,taken,pending,False,dns2.cscdns.net.
livebuild,livebuild.com,taken,pending,False,aspen.ns.cloudflare.com.
livechain,livechain.com,taken,pending,False,ns31.domaincontrol.com.
livecircle,livecircle.com,taken,pending,False,ivy.ns.cloudflare.com.
liveclear,liveclear.com,taken,pending,False,ns19.domaincontrol.com.
livecore,livecore.com,taken,pending,False,ns2.redfoxdns.com.
livedash,livedash.com,taken,pending,False,ns-uk.topdns.com.
livedock,livedock.com,taken,pending,False,ns1119.ui-dns.de.
livedrive,livedrive.com,taken,pending,False,dns3.easydns.org.
liveecho,liveecho.com,taken,pending,False,ns2.siteground.net.
liveflow,liveflow.com,taken,pending,False,ns06.domaincontrol.com.
liveforge,liveforge.com,taken,pending,False,ns65.domaincontrol.com.
livefree,livefree.com,taken,pending,False,ns1.cpanel.frii.com.
livefresh,livefresh.com,taken,pending,False,ns.udag.org.
livegather,livegather.com,taken,pending,False,ns11.domaincontrol.com.
livegrid,livegrid.com,taken,pending,False,launch2.spaceship.net.
livehub,livehub.com,taken,pending,False,ns-1411.awsdns-48.org.
liveignite,liveignite.com,taken,pending,False,coco.bunny.net.
livejoin,livejoin.com,taken,pending,False,ns64.domaincontrol.com.
liveknit,liveknit.com,taken,pending,False,n1.xundns.com.
livelane,livelane.com,taken,pending,False,ans1.suw1.qualitytech.com.
livelaunch,livelaunch.com,taken,pending,False,ns66.domaincontrol.com.
livelift,livelift.com,taken,pending,False,ns1.domain-is-4-sale-at-domainmarket.com.
livelink,livelink.com,taken,pending,False,dns2.safenames.net.
liveloop,liveloop.com,taken,pending,False,launch2.spaceship.net.
livemesh,livemesh.com,taken,pending,False,ns4-01.azure-dns.info.
livenect,livenect.com,taken,pending,False,ns1.dyna-ns.net.
livenet,livenet.com,taken,pending,False,ns2.eftydns.com.
livenode,livenode.com,taken,pending,False,ns2.alidns.com.
livepath,livepath.com,taken,pending,False,ns-196.awsdns-24.com.
liveport,liveport.com,taken,pending,False,ns18.domaincontrol.com.
livepulse,livepulse.com,taken,pending,False,launch2.spaceship.net.
livepure,livepure.com,taken,pending,False,itzel.ns.cloudflare.com.
livepush,livepush.com,taken,pending,False,dns3.name-services.com.
liverelay,liverelay.com,taken,pending,False,ns-1725.awsdns-23.co.uk.
livering,livering.com,taken,pending,False,cns1.cloudpit.de.
liveroute,liveroute.com,taken,pending,False,ns-450.awsdns-56.com.
livescale,livescale.com,taken,pending,False,ns1.bluehost.com.
livesignal,livesignal.com,taken,pending,False,lola.ns.cloudflare.com.
livesoar,livesoar.com,taken,pending,False,ns76.domaincontrol.com.
livespark,livespark.com,taken,pending,False,ns57.domaincontrol.com.
livespot,livespot.com,taken,pending,False,angelina.ns.cloudflare.com.
livesurge,livesurge.com,taken,pending,False,dns1.registrar-servers.com.
livesync,livesync.com,taken,pending,False,ns.ovh.net.
livethrive,livethrive.com,taken,pending,False,ns04.squarespacedns.com.
livetie,livetie.com,taken,pending,False,ns-cloud-b3.googledomains.com.
livetrue,livetrue.com,taken,pending,False,dns1.cscdns.net.
liveunion,liveunion.com,taken,pending,False,ariella.ns.cloudflare.com.
livewave,livewave.com,taken,pending,False,ns1.parkingcrew.net.
liveweave,liveweave.com,taken,pending,False,cns401.hostgator.com.
livewire,livewire.com,taken,pending,False,ns4-01.azure-dns.info.
lynkbase,lynkbase.com,taken,pending,False,ns2.dyna-ns.net.
lynkdirect,lynkdirect.com,taken,pending,False,ns16.domaincontrol.com.
lynkforge,lynkforge.com,taken,pending,False,ns1.dns-parking.com.
lynkhq,lynkhq.com,taken,pending,False,ns74.domaincontrol.com.
lynkhub,lynkhub.com,taken,pending,False,ns01.cashparking.com.
lynklive,lynklive.com,taken,pending,False,ns2.renewyourname.net.
lynkone,lynkone.com,taken,pending,False,ns65.domaincontrol.com.
lynksignal,lynksignal.com,taken,pending,False,ns3.saser.tw.
lynktrack,lynktrack.com,taken,pending,False,ns59.domaincontrol.com.
lynktribe,lynktribe.com,taken,pending,False,dns1.registrar-servers.com.
meshlynk,meshlynk.com,taken,pending,False,dns2.registrar-servers.com.
nestbase,nestbase.com,taken,pending,False,pete.ns.cloudflare.com.
nestbond,nestbond.com,taken,pending,False,ns11.xincache.com.
nestbridge,nestbridge.com,taken,pending,False,kiki.bunny.net.
nestcircle,nestcircle.com,taken,pending,False,ns1.eftydns.com.
nestdock,nestdock.com,taken,pending,False,launch1.spaceship.net.
nestecho,nestecho.com,taken,pending,False,dns10.hichina.com.
nestflow,nestflow.com,taken,pending,False,dns2.registrar-servers.com.
nestgather,nestgather.com,taken,pending,False,aurora.dns-parking.com.
nesthub,nesthub.com,taken,pending,False,ns-1782.awsdns-30.co.uk.
nestknit,nestknit.com,taken,pending,False,aleena.ns.cloudflare.com.
nestlane,nestlane.com,taken,pending,False,ns05.domaincontrol.com.
nestlink,nestlink.com,taken,pending,False,ns1.dnsowl.com.
nestloop,nestloop.com,taken,pending,False,kiki.bunny.net.
nestlynk,nestlynk.com,taken,pending,False,ns-cloud-e1.googledomains.com.
nestnet,nestnet.com,taken,pending,False,hermes.dns-parking.com.
nestport,nestport.com,taken,pending,False,ns18.domaincontrol.com.
nestrelay,nestrelay.com,taken,pending,False,luciana.ns.cloudflare.com.
nestsignal,nestsignal.com,taken,pending,False,ns62.domaincontrol.com.
nesttrail,nesttrail.com,taken,pending,False,bethany.ns.cloudflare.com.
nestunion,nestunion.com,taken,pending,False,launch1.spaceship.net.
nestwave,nestwave.com,taken,pending,False,ns1.domaindiscover.com.
nestweave,nestweave.com,taken,pending,False,ns3.markmonitor.com.
nestweb,nestweb.com,taken,pending,False,josephine.ns.cloudflare.com.
nexlynk,nexlynk.com,taken,pending,False,tina.ns.cloudflare.com.
novabase,novabase.com,taken,pending,False,ns4-06.azure-dns.info.
novabridge,novabridge.com,taken,pending,False,ns50.domaincontrol.com.
novachain,novachain.com,taken,pending,False,ns10.domaincontrol.com.
novacircle,novacircle.com,taken,pending,False,ns-185.awsdns-23.com.
novacore,novacore.com,taken,pending,False,ns42.domaincontrol.com.
novaecho,novaecho.com,taken,pending,False,ns43.domaincontrol.com.
novaflow,novaflow.com,taken,pending,False,dns.kivial.it.
novafuse,novafuse.com,taken,pending,False,ns200.anycast.me.
novagrid,novagrid.com,taken,pending,False,ns1.domaindiscover.com.
novahub,novahub.com,taken,pending,False,dns4.hichina.com.
novajoin,novajoin.com,taken,pending,False,ns-cloud-b1.googledomains.com.
novalane,novalane.com,taken,pending,False,ns-180-b.gandi.net.
novaline,novaline.com,taken,pending,False,dns2.netsons.net.
novalink,novalink.com,taken,pending,False,ns1.domain.com.
novaloop,novaloop.com,taken,pending,False,ns1.eftydns.com.
novalynk,novalynk.com,taken,pending,False,ns41.domaincontrol.com.
novamerge,novamerge.com,taken,pending,False,ns16.worldnic.com.
novamesh,novamesh.com,taken,pending,False,brianna.ns.cloudflare.com.
novanect,novanect.com,taken,pending,False,ns01.hostnet.nl.
novanet,novanet.com,taken,pending,False,dns-amer-2.ptns.pearson.com.
novanode,novanode.com,taken,pending,False,ns1.brandbucket.com.
novapath,novapath.com,taken,pending,False,dns105.register.com.
novaport,novaport.com,taken,pending,False,ns48.worldnic.com.
novaring,novaring.com,taken,pending,False,ns2.alidns.com.
novasignal,novasignal.com,taken,pending,False,pdns12.domaincontrol.com.
novaspot,novaspot.com,taken,pending,False,ns111.ovh.net.
novaweave,novaweave.com,taken,pending,False,ns2.wordpress.com.
openalign,openalign.com,taken,pending,False,ns24.domaincontrol.com.
openbase,openbase.com,taken,pending,False,roan.ns.cloudflare.com.
openblend,openblend.com,taken,pending,False,nadia.ns.cloudflare.com.
openbond,openbond.com,taken,pending,False,ns39.domaincontrol.com.
openbridge,openbridge.com,taken,pending,False,ns-1135.awsdns-13.org.
openchain,openchain.com,taken,pending,False,dns1.registrar-servers.com.
opencircle,opencircle.com,taken,pending,False,ns61.domaincontrol.com.
opencore,opencore.com,taken,pending,False,ns-215-a.gandi.net.
opendock,opendock.com,taken,pending,False,ns-375.awsdns-46.com.
openecho,openecho.com,taken,pending,False,ns3.markmonitor.com.
openflow,openflow.com,taken,pending,False,dora.ns.cloudflare.com.
opengrid,opengrid.com,taken,pending,False,ns-572.awsdns-07.net.
openhub,openhub.com,taken,pending,False,ns1.dnsmadeeasy.com.
openknit,openknit.com,taken,pending,False,ns-cloud-a2.googledomains.com.
openlane,openlane.com,taken,pending,False,ns-1041.awsdns-02.org.
openline,openline.com,taken,pending,False,margo.ns.cloudflare.com.
openlink,openlink.com,taken,pending,False,ns31.constellix.com.
openloop,openloop.com,taken,pending,False,ns1.bluehost.com.
openlynk,openlynk.com,taken,pending,False,ns59.domaincontrol.com.
openmeet,openmeet.com,taken,pending,False,marge.ns.cloudflare.com.
openmesh,openmesh.com,taken,pending,False,a5-64.akam.net.
opennect,opennect.com,taken,pending,False,launch1.spaceship.net.
opennest,opennest.com,taken,pending,False,ns2.dyna-ns.net.
opennet,opennet.com,taken,pending,False,ns66.domaincontrol.com.
opennode,opennode.com,taken,pending,False,ns-1375.awsdns-43.org.
openpath,openpath.com,taken,pending,False,ns-316.awsdns-39.com.
openport,openport.com,taken,pending,False,brit.ns.cloudflare.com.
openrelay,openrelay.com,taken,pending,False,kip.ns.cloudflare.com.
openring,openring.com,taken,pending,False,ns1.domain.com.
openroute,openroute.com,taken,pending,False,ns26.worldnic.com.
opensignal,opensignal.com,taken,pending,False,ns-1147.awsdns-15.org.
openspot,openspot.com,taken,pending,False,launch1.spaceship.net.
opensync,opensync.com,taken,pending,False,melina.ns.cloudflare.com.
opentrail,opentrail.com,taken,pending,False,dns102.register.com.
openwave,openwave.com,taken,pending,False,ns2.owmobility.com.
openweave,openweave.com,taken,pending,False,damao.ns.giantpanda.com.
openweb,openweb.com,taken,pending,False,ns-278.awsdns-34.com.
openwire,openwire.com,taken,pending,False,demi.ns.cloudflare.com.
orbitblend,orbitblend.com,taken,pending,False,patrick.ns.cloudflare.com.
orbitcore,orbitcore.com,taken,pending,False,ns2.eftydns.com.
orbitgrid,orbitgrid.com,taken,pending,False,ns2.gofruits.co.
orbitlane,orbitlane.com,taken,pending,False,dns107.ovh.net.
orbitloop,orbitloop.com,taken,pending,False,ns2.siteground.net.
orbitlynk,orbitlynk.com,taken,pending,False,ns25.domaincontrol.com.
orbitmeet,orbitmeet.com,taken,pending,False,ns-cloud-b3.googledomains.com.
orbitnest,orbitnest.com,taken,pending,False,coco.bunny.net.
orbitnet,orbitnet.com,taken,pending,False,salvador.ns.porkbun.com.
orbitpath,orbitpath.com,taken,pending,False,1.namestar.com.
orbitrelay,orbitrelay.com,taken,pending,False,ns2.dyna-ns.net.
orbitring,orbitring.com,taken,pending,False,ns2.hover.com.
orbitroute,orbitroute.com,taken,pending,False,ns2.gofruits.co.
orbitspot,orbitspot.com,taken,pending,False,ns-cloud-d3.googledomains.com.
orbitsync,orbitsync.com,taken,pending,False,ns07.domaincontrol.com.
orbittie,orbittie.com,taken,pending,False,ns-cloud-d4.googledomains.com.
orbitwire,orbitwire.com,taken,pending,False,ns40.domaincontrol.com.
ownbase,ownbase.com,taken,pending,False,ns-cloud-c2.googledomains.com.
ownbold,ownbold.com,taken,pending,False,ns-cloud-e4.googledomains.com.
ownboost,ownboost.com,taken,pending,False,ns08.domaincontrol.com.
ownbrave,ownbrave.com,taken,pending,False,dns1.cscdns.net.
ownbright,ownbright.com,taken,pending,False,dns1.registrar-servers.com.
ownclear,ownclear.com,taken,pending,False,ns55.domaincontrol.com.
owncore,owncore.com,taken,pending,False,ns40.domaincontrol.com.
owndock,owndock.com,taken,pending,False,bill.ns.cloudflare.com.
owndrive,owndrive.com,taken,pending,False,ns1.owndrive.com.
ownecho,ownecho.com,taken,pending,False,ns1.dns-parking.com.
ownflow,ownflow.com,taken,pending,False,ns1.brandbucket.com.
ownforge,ownforge.com,taken,pending,False,ns102.ovh.net.
ownfuse,ownfuse.com,taken,pending,False,dns2.registrar-servers.com.
owngrow,owngrow.com,taken,pending,False,ns1.phase8.net.
ownharbor,ownharbor.com,taken,pending,False,ns1.dns-parking.com.
ownknit,ownknit.com,taken,pending,False,ns1.phase8.net.
ownlane,ownlane.com,taken,pending,False,ns2.eftydns.com.
ownlaunch,ownlaunch.com,taken,pending,False,fish.ns.cloudflare.com.
ownline,ownline.com,taken,pending,False,ns1.namepros-dns.com.
ownloop,ownloop.com,taken,pending,False,ns-cloud-c1.googledomains.com.
ownmeet,ownmeet.com,taken,pending,False,dns31.hichina.com.
ownnet,ownnet.com,taken,pending,False,ns32.domaincontrol.com.
ownnova,ownnova.com,taken,pending,False,ns16.domaincontrol.com.
ownopen,ownopen.com,taken,pending,False,dana.dnspod.net.
ownorbit,ownorbit.com,taken,pending,False,shades17.rzone.de.
ownpath,ownpath.com,taken,pending,False,etienne.ns.cloudflare.com.
ownpeak,ownpeak.com,taken,pending,False,ns2.schupp.io.
ownprime,ownprime.com,taken,pending,False,ns4.epik.com.
ownpulse,ownpulse.com,taken,pending,False,amir.ns.cloudflare.com.
ownrelay,ownrelay.com,taken,pending,False,ns48.domaincontrol.com.
ownroot,ownroot.com,taken,pending,False,charles.ns.cloudflare.com.
ownspark,ownspark.com,taken,pending,False,piotr.ns.cloudflare.com.
ownspot,ownspot.com,taken,pending,False,ns39.domaincontrol.com.
ownsync,ownsync.com,taken,pending,False,ken.ns.cloudflare.com.
ownthrive,ownthrive.com,taken,pending,False,ns2.o2switch.net.
owntrail,owntrail.com,taken,pending,False,ns-cloud-e3.googledomains.com.
ownwave,ownwave.com,taken,pending,False,ns2.reg.ru.
ownweave,ownweave.com,taken,pending,False,dns1.p01.nsone.net.
ownweb,ownweb.com,taken,pending,False,ns2.ownweb.com.
peakbridge,peakbridge.com,taken,pending,False,ns43.domaincontrol.com.
peakchain,peakchain.com,taken,pending,False,launch2.spaceship.net.
peakcore,peakcore.com,taken,pending,False,ns1.wixdns.net.
peakfuse,peakfuse.com,taken,pending,False,kiki.bunny.net.
peakgather,peakgather.com,taken,pending,False,dns1.registrar-servers.com.
peakjoin,peakjoin.com,taken,pending,False,launch1.spaceship.net.
peakline,peakline.com,taken,pending,False,ns08.domaincontrol.com.
peaklink,peaklink.com,taken,pending,False,dns.frws.com.
peakloop,peakloop.com,taken,pending,False,eu.guzelhosting.com.
peakmesh,peakmesh.com,taken,pending,False,dean.ns.cloudflare.com.
peaknest,peaknest.com,taken,pending,False,dns1.registrar-servers.com.
peaknet,peaknet.com,taken,pending,False,ns20.duke-energy.com.
peakpath,peakpath.com,taken,pending,False,ns63.domaincontrol.com.
peakport,peakport.com,taken,pending,False,ns25.domaincontrol.com.
peakrelay,peakrelay.com,taken,pending,False,maisie.ns.cloudflare.com.
peakring,peakring.com,taken,pending,False,ns2.domain-sale-on.sodomains.com.
peaksignal,peaksignal.com,taken,pending,False,ns15.midphase.com.
peakspot,peakspot.com,taken,pending,False,ns39.domaincontrol.com.
peaksync,peaksync.com,taken,pending,False,ns2.wixdns.net.
peakunion,peakunion.com,taken,pending,False,ns2.unstoppabledomains.com.
peakweb,peakweb.com,taken,pending,False,ns30.domaincontrol.com.
peakwire,peakwire.com,taken,pending,False,ns72.domaincontrol.com.
primealign,primealign.com,taken,pending,False,ns1.telekom.net.
primebase,primebase.com,taken,pending,False,ns3.plusserver.com.
primeblend,primeblend.com,taken,pending,False,ns1.nsmabenic.com.
primecircle,primecircle.com,taken,pending,False,ns2.parklogic.com.
primecore,primecore.com,taken,pending,False,ns78.domaincontrol.com.
primedock,primedock.com,taken,pending,False,ns40.domaincontrol.com.
primeflow,primeflow.com,taken,pending,False,ns-cloud-a3.googledomains.com.
primegather,primegather.com,taken,pending,False,dns1.registrar-servers.com.
primegrid,primegrid.com,taken,pending,False,ns1.dnsexit.com.
primehub,primehub.com,taken,pending,False,ns69.domaincontrol.com.
primejoin,primejoin.com,taken,pending,False,ns15.domaincontrol.com.
primelane,primelane.com,taken,pending,False,ns29.domaincontrol.com.
primeline,primeline.com,taken,pending,False,ns15.dnsmadeeasy.com.
primelink,primelink.com,taken,pending,False,ns41.constellix.net.
primenest,primenest.com,taken,pending,False,launch2.spaceship.net.
primenet,primenet.com,taken,pending,False,ns78.worldnic.com.
primepath,primepath.com,taken,pending,False,ns49.domaincontrol.com.
primerelay,primerelay.com,taken,pending,False,ns1.primerelay.net.
primeroute,primeroute.com,taken,pending,False,ns2.power-dns.com.
primespot,primespot.com,taken,pending,False,ns9.imsbiz.com.
primeunion,primeunion.com,taken,pending,False,fortaleza.ns.porkbun.com.
primeweave,primeweave.com,taken,pending,False,launch2.spaceship.net.
primewire,primewire.com,taken,pending,False,ns-1620.awsdns-10.co.uk.
pulsealign,pulsealign.com,taken,pending,False,ns60.domaincontrol.com.
pulseblend,pulseblend.com,taken,pending,False,helios.dns-parking.com.
pulsebond,pulsebond.com,taken,pending,False,maceio.ns.porkbun.com.
pulsebridge,pulsebridge.com,taken,pending,False,dns1.registrar-servers.com.
pulsechain,pulsechain.com,taken,pending,False,b.c01.pulsedns.link.
pulsecore,pulsecore.com,taken,pending,False,ns1.argewebhosting.eu.
pulseflow,pulseflow.com,taken,pending,False,joselyn.ns.cloudflare.com.
pulsegather,pulsegather.com,taken,pending,False,ns2.dns-parking.com.
pulsegrid,pulsegrid.com,taken,pending,False,ishaan.ns.cloudflare.com.
pulsehub,pulsehub.com,taken,pending,False,ns4.epik.com.
pulselane,pulselane.com,taken,pending,False,ns2.brandbucket.com.
pulselink,pulselink.com,taken,pending,False,ns2.dreamhost.com.
pulselynk,pulselynk.com,taken,pending,False,ns64.domaincontrol.com.
pulsemeet,pulsemeet.com,taken,pending,False,lara.ns.cloudflare.com.
pulsenest,pulsenest.com,taken,pending,False,ns26.domaincontrol.com.
pulsenet,pulsenet.com,taken,pending,False,maleah.ns.cloudflare.com.
pulsenode,pulsenode.com,taken,pending,False,ns-cloud-e3.googledomains.com.
pulserelay,pulserelay.com,taken,pending,False,sp2.gname-dns.com.
pulsering,pulsering.com,taken,pending,False,ns1.dyna-ns.net.
pulsesignal,pulsesignal.com,taken,pending,False,dns2.registrar-servers.com.
pulsesync,pulsesync.com,taken,pending,False,ns3.vodien.com.
pulseunion,pulseunion.com,taken,pending,False,ns12.wixdns.net.
pulsewave,pulsewave.com,taken,pending,False,ns1.greengeeks.net.
pulseweb,pulseweb.com,taken,pending,False,ns2.host-h.net.
purebase,purebase.com,taken,pending,False,ns46.worldnic.com.
pureblend,pureblend.com,taken,pending,False,ns1.hover.com.
purebond,purebond.com,taken,pending,False,ns4-02.azure-dns.info.
purebridge,purebridge.com,taken,pending,False,ns-cloud-b1.googledomains.com.
purechain,purechain.com,taken,pending,False,ns-1504.awsdns-60.org.
purecircle,purecircle.com,taken,pending,False,nsptc.ps.net.
purecore,purecore.com,taken,pending,False,ns73.domaincontrol.com.
pureecho,pureecho.com,taken,pending,False,kiki.bunny.net.
pureflow,pureflow.com,taken,pending,False,ns49.worldnic.com.
puregather,puregather.com,taken,pending,False,a.share-dns.com.
purehub,purehub.com,taken,pending,False,dns2.registrar-servers.com.
purejoin,purejoin.com,taken,pending,False,penny.ns.cloudflare.com.
pureknit,pureknit.com,taken,pending,False,ns2.domainmarket.com.
purelane,purelane.com,taken,pending,False,ns2dqr.name.com.
pureline,pureline.com,taken,pending,False,ns69.domaincontrol.com.
purelink,purelink.com,taken,pending,False,ns77.domaincontrol.com.
pureloop,pureloop.com,taken,pending,False,dns2.a1.net.
purelynk,purelynk.com,taken,pending,False,ns1.eftydns.com.
puremerge,puremerge.com,taken,pending,False,ns2.brandbucket.com.
puremesh,puremesh.com,taken,pending,False,ns78.domaincontrol.com.
purenect,purenect.com,taken,pending,False,ns63.domaincontrol.com.
purenest,purenest.com,taken,pending,False,ns03.domaincontrol.com.
purenet,purenet.com,taken,pending,False,ns1.eftydns.com.
purenode,purenode.com,taken,pending,False,launch1.spaceship.net.
purepath,purepath.com,taken,pending,False,dns3.p06.nsone.net.
pureport,pureport.com,taken,pending,False,ns-1266.awsdns-30.org.
pureroute,pureroute.com,taken,pending,False,ns-311.awsdns-38.com.
puresignal,puresignal.com,taken,pending,False,nile.ns.cloudflare.com.
purespot,purespot.com,taken,pending,False,ns1.parklogic.com.
puresync,puresync.com,taken,pending,False,seans54.hostwindsdns.com.
puretrail,puretrail.com,taken,pending,False,ns3.meganameservers.eu.
purewave,purewave.com,taken,pending,False,ns3.bigcommerce.com.
pureweave,pureweave.com,taken,pending,False,ns34.domaincontrol.com.
pureweb,pureweb.com,taken,pending,False,brenna.ns.cloudflare.com.
purewire,purewire.com,taken,pending,False,ns2-05.azure-dns.net.
pushcircle,pushcircle.com,taken,pending,False,ns4cjp.name.com.
pushcore,pushcore.com,taken,pending,False,cash.ns.cloudflare.com.
pushecho,pushecho.com,taken,pending,False,ns-cloud-e3.googledomains.com.
pushfuse,pushfuse.com,taken,pending,False,dns1.registrar-servers.com.
pushknit,pushknit.com,taken,pending,False,dns1.registrar-servers.com.
pushline,pushline.com,taken,pending,False,emerie.ns.cloudflare.com.
pushlink,pushlink.com,taken,pending,False,ns1.dnsimple.com.
pushlynk,pushlynk.com,taken,pending,False,ns2.hostfoxx.com.
pushmerge,pushmerge.com,taken,pending,False,dns2.registrar-servers.com.
pushnet,pushnet.com,taken,pending,False,ns2.monikerdns.net.
pushnode,pushnode.com,taken,pending,False,ns35.domaincontrol.com.
pushpath,pushpath.com,taken,pending,False,ns33.domaincontrol.com.
pushport,pushport.com,taken,pending,False,docks08.rzone.de.
pushrelay,pushrelay.com,taken,pending,False,ns1.contabo.net.
pushring,pushring.com,taken,pending,False,ns01.cashparking.com.
pushspot,pushspot.com,taken,pending,False,ns06.domaincontrol.com.
pushunion,pushunion.com,taken,pending,False,ns30.domaincontrol.com.
pushwave,pushwave.com,taken,pending,False,ns1.fabulous.com.
rallybridge,rallybridge.com,taken,pending,False,ns02.squarespacedns.com.
rallychain,rallychain.com,taken,pending,False,ns2.hover.com.
rallycircle,rallycircle.com,taken,pending,False,ns7.wixdns.net.
rallycore,rallycore.com,taken,pending,False,ns4.a2hosting.com.
rallydock,rallydock.com,taken,pending,False,drake.ns.cloudflare.com.
rallyflow,rallyflow.com,taken,pending,False,ns32.domaincontrol.com.
rallygrid,rallygrid.com,taken,pending,False,dns1.registrar-servers.com.
rallyjoin,rallyjoin.com,taken,pending,False,ns1.dnsowl.com.
rallylane,rallylane.com,taken,pending,False,ns1.zen.co.uk.
rallylink,rallylink.com,taken,pending,False,dns.seeweb.it.
rallyloop,rallyloop.com,taken,pending,False,ns1.brandbucket.com.
rallynest,rallynest.com,taken,pending,False,ulla.ns.cloudflare.com.
rallynode,rallynode.com,taken,pending,False,ns51.domaincontrol.com.
rallyport,rallyport.com,taken,pending,False,adrian.ns.cloudflare.com.
rapidalign,rapidalign.com,taken,pending,False,wren.ns.cloudflare.com.
rapidcircle,rapidcircle.com,taken,pending,False,ns1-03.azure-dns.com.
rapidcore,rapidcore.com,taken,pending,False,ns2.netfirms.com.
rapidfuse,rapidfuse.com,taken,pending,False,dns3.comlaude-dns.co.uk.
rapidgrid,rapidgrid.com,taken,pending,False,ns2.eftydns.com.
rapidhub,rapidhub.com,taken,pending,False,yangguang.ns.giantpanda.com.
rapidjoin,rapidjoin.com,taken,pending,False,ns-cloud-b2.googledomains.com.
rapidknit,rapidknit.com,taken,pending,False,ns73.domaincontrol.com.
rapidline,rapidline.com,taken,pending,False,dns1.namesecure.com.
rapidlink,rapidlink.com,taken,pending,False,ns1.rapidlink.com.
rapidloop,rapidloop.com,taken,pending,False,ns2.digitalocean.com.
rapidmeet,rapidmeet.com,taken,pending,False,ns2.domainmanage.com.
rapidmesh,rapidmesh.com,taken,pending,False,ns1.partnerconsole.net.
rapidnet,rapidnet.com,taken,pending,False,ns1.gwtc.net.
rapidnode,rapidnode.com,taken,pending,False,ns2.power-dns.com.
rapidpath,rapidpath.com,taken,pending,False,pdns05.domaincontrol.com.
rapidring,rapidring.com,taken,pending,False,ns16.worldnic.com.
rapidroute,rapidroute.com,taken,pending,False,dns2.p07.nsone.net.
rapidspot,rapidspot.com,taken,pending,False,ns56.domaincontrol.com.
rapidweave,rapidweave.com,taken,pending,False,ns32.wpxhosting.com.
rapidwire,rapidwire.com,taken,pending,False,ns1.hover.com.
riseblend,riseblend.com,taken,pending,False,sam.ns.cloudflare.com.
risebridge,risebridge.com,taken,pending,False,ns54.domaincontrol.com.
risechain,risechain.com,taken,pending,False,kolton.ns.cloudflare.com.
riseecho,riseecho.com,taken,pending,False,ns05.domaincontrol.com.
risejoin,risejoin.com,taken,pending,False,a.share-dns.com.
riseknit,riseknit.com,taken,pending,False,verify-contact-details.namecheap.com.
riseline,riseline.com,taken,pending,False,ns2.yourhostingaccount.com.
riselink,riselink.com,taken,pending,False,pdns10.domaincontrol.com.
riselynk,riselynk.com,taken,pending,False,ns1.vercel-dns.com.
risenode,risenode.com,taken,pending,False,ns31.domaincontrol.com.
risepath,risepath.com,taken,pending,False,ns-789.awsdns-34.net.
risesignal,risesignal.com,taken,pending,False,ns12.domaincontrol.com.
risespot,risespot.com,taken,pending,False,ns15.domaincontrol.com.
risesync,risesync.com,taken,pending,False,ns68.domaincontrol.com.
riseunion,riseunion.com,taken,pending,False,ns6.myhostadmin.net.
risewave,risewave.com,taken,pending,False,dns7.hichina.com.
riseweave,riseweave.com,taken,pending,False,rafe.ns.cloudflare.com.
risewire,risewire.com,taken,pending,False,ns23.domaincontrol.com.
rootbase,rootbase.com,taken,pending,False,ns1.webhost.company.
rootbridge,rootbridge.com,taken,pending,False,ns-cloud-e2.googledomains.com.
rootchain,rootchain.com,taken,pending,False,dns2.name-services.com.
rootdock,rootdock.com,taken,pending,False,ns2.serveriai.lt.
rootecho,rootecho.com,taken,pending,False,ns2.wixdns.net.
rootfuse,rootfuse.com,taken,pending,False,ns1.vercel-dns.com.
rootgrid,rootgrid.com,taken,pending,False,ns42.domaincontrol.com.
roothub,roothub.com,taken,pending,False,dns3.p07.nsone.net.
rootlane,rootlane.com,taken,pending,False,yoxall.ns.cloudflare.com.
rootline,rootline.com,taken,pending,False,pns43.cloudns.net.
rootlynk,rootlynk.com,taken,pending,False,ns1.dns-parking.com.
rootmerge,rootmerge.com,taken,pending,False,ben.ns.cloudflare.com.
rootnest,rootnest.com,taken,pending,False,ns03.domaincontrol.com.
rootnet,rootnet.com,taken,pending,False,ns4.byet.org.
rootnode,rootnode.com,taken,pending,False,z.ns.joker.com.
rootpath,rootpath.com,taken,pending,False,morgan.ns.cloudflare.com.
rootport,rootport.com,taken,pending,False,ns34.domaincontrol.com.
rootrelay,rootrelay.com,taken,pending,False,ns2.dreamhost.com.
rootroute,rootroute.com,taken,pending,False,ns1.rootr.net.
rootspot,rootspot.com,taken,pending,False,razvan.ns.cloudflare.com.
rootsync,rootsync.com,taken,pending,False,ns32.domaincontrol.com.
roottrail,roottrail.com,taken,pending,False,ns26.domaincontrol.com.
rootwave,rootwave.com,taken,pending,False,ns.heartinternet.uk.
rootweb,rootweb.com,taken,pending,False,ns211484.ztomy.com.
rootwire,rootwire.com,taken,pending,False,agustin.ns.cloudflare.com.
scalebase,scalebase.com,taken,pending,False,ns-946.awsdns-54.net.
scalebond,scalebond.com,taken,pending,False,ns2-07.azure-dns.net.
scalebridge,scalebridge.com,taken,pending,False,ns105b.turnkeywebspace.com.
scalecircle,scalecircle.com,taken,pending,False,ns3.second-ns.de.
scaledock,scaledock.com,taken,pending,False,ns2.brandbucket.com.
scaleflow,scaleflow.com,taken,pending,False,ns-426.awsdns-53.com.
scalefuse,scalefuse.com,taken,pending,False,ns1.brandbucket.com.
scalegather,scalegather.com,taken,pending,False,ace.ns.cloudflare.com.
scalegrid,scalegrid.com,taken,pending,False,ns1.fabulous.com.
scalehub,scalehub.com,taken,pending,False,ns-475.awsdns-59.com.
scalejoin,scalejoin.com,taken,pending,False,ns56.domaincontrol.com.
scaleknit,scaleknit.com,taken,pending,False,ns12.domaincontrol.com.
scalelane,scalelane.com,taken,pending,False,ns1053.ui-dns.org.
scaleline,scaleline.com,taken,pending,False,dns2.earthlink.net.
scalelink,scalelink.com,taken,pending,False,ns1.digitalocean.com.
scaleloop,scaleloop.com,taken,pending,False,ns1.brandbucket.com.
scalemeet,scalemeet.com,taken,pending,False,dns1.registrar-servers.com.
scalenect,scalenect.com,taken,pending,False,ns1.dns-parking.com.
scalenet,scalenet.com,taken,pending,False,ns52.domaincontrol.com.
scalenode,scalenode.com,taken,pending,False,ns72.domaincontrol.com.
scalepath,scalepath.com,taken,pending,False,ns32.domaincontrol.com.
scalerelay,scalerelay.com,taken,pending,False,pns64.cloudns.uk.
scalering,scalering.com,taken,pending,False,ns1094.ui-dns.com.
scaleroute,scaleroute.com,taken,pending,False,ns-1814.awsdns-34.co.uk.
scalesignal,scalesignal.com,taken,pending,False,ns26.domaincontrol.com.
scalespot,scalespot.com,taken,pending,False,ns1.hostpapa.com.
scalesync,scalesync.com,taken,pending,False,dns4.registrar-servers.com.
scaleunion,scaleunion.com,taken,pending,False,ns02.one.com.
scalewave,scalewave.com,taken,pending,False,ns37.domaincontrol.com.
scaleweave,scaleweave.com,taken,pending,False,ns1119.ui-dns.org.
scalewire,scalewire.com,taken,pending,False,ns3.bdm.microsoftonline.com.
sceneanchor,sceneanchor.com,taken,pending,False,katelyn.ns.cloudflare.com.
scenebase,scenebase.com,taken,pending,False,ns3.power-dns.com.
scenebloom,scenebloom.com,taken,pending,False,ns47.domaincontrol.com.
scenebridge,scenebridge.com,taken,pending,False,ns2.websupport.sk.
scenebuild,scenebuild.com,taken,pending,False,ridge.ns.cloudflare.com.
scenechain,scenechain.com,taken,pending,False,dns29.hichina.com.
scenecircle,scenecircle.com,taken,pending,False,ns47.domaincontrol.com.
scenecore,scenecore.com,taken,pending,False,ns52.domaincontrol.com.
sceneecho,sceneecho.com,taken,pending,False,ns78.domaincontrol.com.
sceneflow,sceneflow.com,taken,pending,False,ns-353.awsdns-44.com.
scenefuse,scenefuse.com,taken,pending,False,ns36.domaincontrol.com.
sceneglow,sceneglow.com,taken,pending,False,dns1.name-services.com.
scenegrid,scenegrid.com,taken,pending,False,dns1.registrar-servers.com.
sceneharbor,sceneharbor.com,taken,pending,False,5308.dns1.managedns.org.
scenehub,scenehub.com,taken,pending,False,dns2.registrar-servers.com.
scenelane,scenelane.com,taken,pending,False,denver.ns.cloudflare.com.
scenelaunch,scenelaunch.com,taken,pending,False,ns50.domaincontrol.com.
scenelift,scenelift.com,taken,pending,False,ns2.wordpress.com.
sceneline,sceneline.com,taken,pending,False,ns3.dogado.de.
scenemeet,scenemeet.com,taken,pending,False,dns4.hichina.com.
scenenest,scenenest.com,taken,pending,False,ns8.alidns.com.
scenenode,scenenode.com,taken,pending,False,launch2.spaceship.net.
sceneopen,sceneopen.com,taken,pending,False,many.dnspod.net.
sceneorbit,sceneorbit.com,taken,pending,False,dns1.registrar-servers.com.
scenepeak,scenepeak.com,taken,pending,False,ns1060.ui-dns.org.
sceneport,sceneport.com,taken,pending,False,ns1.natrohost.com.
scenepure,scenepure.com,taken,pending,False,ns10.domaincontrol.com.
scenerise,scenerise.com,taken,pending,False,irma.ns.cloudflare.com.
sceneroot,sceneroot.com,taken,pending,False,ns1.dns-parking.com.
scenescale,scenescale.com,taken,pending,False,ns37.domaincontrol.com.
sceneseed,sceneseed.com,taken,pending,False,ns02.domaincontrol.com.
scenesignal,scenesignal.com,taken,pending,False,george.ns.cloudflare.com.
scenespark,scenespark.com,taken,pending,False,ns2.brandbucket.com.
scenesurge,scenesurge.com,taken,pending,False,becky.ns.cloudflare.com.
sceneswift,sceneswift.com,taken,pending,False,celeste.ns.cloudflare.com.
scenethrive,scenethrive.com,taken,pending,False,ns27.domaincontrol.com.
scenetrail,scenetrail.com,taken,pending,False,rayden.ns.cloudflare.com.
scenewave,scenewave.com,taken,pending,False,ns2.nameserver.net.au.
sceneweave,sceneweave.com,taken,pending,False,ns1.veerotech.net.
seedbase,seedbase.com,taken,pending,False,ns6.kasserver.com.
seedbridge,seedbridge.com,taken,pending,False,ns2.abovedomains.com.
seedchain,seedchain.com,taken,pending,False,aspen.ns.cloudflare.com.
seedcircle,seedcircle.com,taken,pending,False,ns13.domaincontrol.com.
seedcore,seedcore.com,taken,pending,False,myns1.fabulous.com.
seeddock,seeddock.com,taken,pending,False,docks03.rzone.de.
seedecho,seedecho.com,taken,pending,False,dns18.hichina.com.
seedflow,seedflow.com,taken,pending,False,ns46.domaincontrol.com.
seedgather,seedgather.com,taken,pending,False,dns4.hichina.com.
seedhub,seedhub.com,taken,pending,False,ns-1539.awsdns-00.co.uk.
seedline,seedline.com,taken,pending,False,ns80.zingserve.com.
seedloop,seedloop.com,taken,pending,False,roxy.ns.cloudflare.com.
seedlynk,seedlynk.com,taken,pending,False,uns01.lolipop.jp.
seednect,seednect.com,taken,pending,False,damon.ns.cloudflare.com.
seednest,seednest.com,taken,pending,False,ernest.ns.cloudflare.com.
seednet,seednet.com,taken,pending,False,dns2.name-services.com.
seednode,seednode.com,taken,pending,False,ns3fqs.name.com.
seedrelay,seedrelay.com,taken,pending,False,ns3.dnsimple-edge.io.
seedroute,seedroute.com,taken,pending,False,ns.exohosting.sk.
seedsignal,seedsignal.com,taken,pending,False,ns1.brandbucket.com.
seedspot,seedspot.com,taken,pending,False,ns14.domaincontrol.com.
seedtrail,seedtrail.com,taken,pending,False,ns2.brandbucket.com.
seedweb,seedweb.com,taken,pending,False,magali.ns.cloudflare.com.
seedwire,seedwire.com,taken,pending,False,ns1.odibo.net.
shinechain,shinechain.com,taken,pending,False,ns115.accountservergroup.com.
shinedock,shinedock.com,taken,pending,False,dns16.ovh.net.
shineecho,shineecho.com,taken,pending,False,ns66.domaincontrol.com.
shinehub,shinehub.com,taken,pending,False,ns1.power-dns.com.
shineline,shineline.com,taken,pending,False,dns3.aknet.it.
shinelink,shinelink.com,taken,pending,False,dns2.dwx.com.
shineloop,shineloop.com,taken,pending,False,sonia.ns.cloudflare.com.
shinemerge,shinemerge.com,taken,pending,False,dns5.name-services.com.
shinemesh,shinemesh.com,taken,pending,False,ns-cloud-a1.googledomains.com.
shinering,shinering.com,taken,pending,False,ns11.xincache.com.
shineroute,shineroute.com,taken,pending,False,dns1.hichina.com.
shinesignal,shinesignal.com,taken,pending,False,ns2.35.net.
shinespot,shinespot.com,taken,pending,False,graham.ns.cloudflare.com.
shinesync,shinesync.com,taken,pending,False,ns39.domaincontrol.com.
shinetie,shinetie.com,taken,pending,False,ns3.35.net.
shinewave,shinewave.com,taken,pending,False,dns2.shinewave.com.
shineweb,shineweb.com,taken,pending,False,yangguang.ns.giantpanda.com.
shinewire,shinewire.com,taken,pending,False,ns44.worldnic.com.
showlynk,showlynk.com,taken,pending,False,clay.ns.cloudflare.com.
soarbridge,soarbridge.com,taken,pending,False,ns40.domaincontrol.com.
soarchain,soarchain.com,taken,pending,False,ns8.wixdns.net.
soarcircle,soarcircle.com,taken,pending,False,ns07.domaincontrol.com.
soarcore,soarcore.com,taken,pending,False,dns18.hichina.com.
soardock,soardock.com,taken,pending,False,ns2.dyna-ns.net.
soarflow,soarflow.com,taken,pending,False,ns1.flexwebhosting.nl.
soarhub,soarhub.com,taken,pending,False,third-dns.netcup.net.
soarlane,soarlane.com,taken,pending,False,dns3.p01.nsone.net.
soarlink,soarlink.com,taken,pending,False,jessica.ns.cloudflare.com.
soarmesh,soarmesh.com,taken,pending,False,ns15.xincache.com.
soarnest,soarnest.com,taken,pending,False,dns01.muumuu-domain.com.
soarnet,soarnet.com,taken,pending,False,ns4.marketleader.us.
soarsignal,soarsignal.com,taken,pending,False,ns2.inwx.de.
soarsync,soarsync.com,taken,pending,False,ns1.dns-parking.com.
soarunion,soarunion.com,taken,pending,False,dns25.hichina.com.
soarweb,soarweb.com,taken,pending,False,anan.ns.giantpanda.com.
soarwire,soarwire.com,taken,pending,False,ns1.brandbucket.com.
soundlynk,soundlynk.com,taken,pending,False,dns1.registrar-servers.com.
sparkbase,sparkbase.com,taken,pending,False,ns2.milesdns.com.
sparkblend,sparkblend.com,taken,pending,False,ns2.nameoffice.com.
sparkbridge,sparkbridge.com,taken,pending,False,ns1.dyna-ns.net.
sparkchain,sparkchain.com,taken,pending,False,ns39.domaincontrol.com.
sparkcore,sparkcore.com,taken,pending,False,ns1.nameserver.net.au.
sparkdock,sparkdock.com,taken,pending,False,ns58.domaincontrol.com.
sparkflow,sparkflow.com,taken,pending,False,natasha.ns.cloudflare.com.
sparkgrid,sparkgrid.com,taken,pending,False,dns1.registrar-servers.com.
sparkhub,sparkhub.com,taken,pending,False,ns-27.awsdns-03.com.
sparklane,sparklane.com,taken,pending,False,ns1.dnsowl.com.
sparkline,sparkline.com,taken,pending,False,ns14.domaincontrol.com.
sparklink,sparklink.com,taken,pending,False,pns41.cloudns.net.
sparkloop,sparkloop.com,taken,pending,False,ns07.domaincontrol.com.
sparkmeet,sparkmeet.com,taken,pending,False,ns2.dnsowl.com.
sparkmesh,sparkmesh.com,taken,pending,False,ns3.dreamhost.com.
sparknect,sparknect.com,taken,pending,False,ns-cloud-e4.googledomains.com.
sparknet,sparknet.com,taken,pending,False,ns1.systemdns.com.
sparknode,sparknode.com,taken,pending,False,ns-uk.topdns.com.
sparkpath,sparkpath.com,taken,pending,False,ns02.domaincontrol.com.
sparkring,sparkring.com,taken,pending,False,ns23.domaincontrol.com.
sparkroute,sparkroute.com,taken,pending,False,ns1.brandbucket.com.
sparkspot,sparkspot.com,taken,pending,False,ns15.domaincontrol.com.
sparktie,sparktie.com,taken,pending,False,f1g1ns2.dnspod.net.
sparktrail,sparktrail.com,taken,pending,False,marjory.ns.cloudflare.com.
sparkwave,sparkwave.com,taken,pending,False,ns-cloud-a3.googledomains.com.
sparkweave,sparkweave.com,taken,pending,False,dns3.registrar-servers.com.
sparkwire,sparkwire.com,taken,pending,False,may.ns.cloudflare.com.
stageanchor,stageanchor.com,taken,pending,False,ns2.dns-parking.com.
stagebase,stagebase.com,taken,pending,False,ns24.domaincontrol.com.
stagebeacon,stagebeacon.com,taken,pending,False,ns1.fabulous.com.
stageblend,stageblend.com,taken,pending,False,ns43.domaincontrol.com.
stagebloom,stagebloom.com,taken,pending,False,ns63.domaincontrol.com.
stageboost,stageboost.com,taken,pending,False,cns47.hostgator.com.
stagebrave,stagebrave.com,taken,pending,False,ns01.domaincontrol.com.
stagebridge,stagebridge.com,taken,pending,False,ns2.dotster.com.
stagecircle,stagecircle.com,taken,pending,False,ns1.axcoredns.com.
stageclear,stageclear.com,taken,pending,False,ns1.parkingcrew.net.
stagecore,stagecore.com,taken,pending,False,ns1.bluehost.com.
stagedock,stagedock.com,taken,pending,False,ns43.domaincontrol.com.
stageecho,stageecho.com,taken,pending,False,donald.ns.cloudflare.com.
stageflame,stageflame.com,taken,pending,False,kiki.bunny.net.
stageforge,stageforge.com,taken,pending,False,ns39.domaincontrol.com.
stagefresh,stagefresh.com,taken,pending,False,pete.ns.cloudflare.com.
stagefuel,stagefuel.com,taken,pending,False,ns16.domaincontrol.com.
stagefuse,stagefuse.com,taken,pending,False,ns15.domaincontrol.com.
stageharbor,stageharbor.com,taken,pending,False,ns1.bluehost.com.
stagehub,stagehub.com,taken,pending,False,dina.ns.cloudflare.com.
stagelift,stagelift.com,taken,pending,False,ns69.domaincontrol.com.
stageline,stageline.com,taken,pending,False,ns46.domaincontrol.com.
stagelink,stagelink.com,taken,pending,False,ns1.amazon.com.
stagelynk,stagelynk.com,taken,pending,False,clyde.ns.cloudflare.com.
stagemerge,stagemerge.com,taken,pending,False,aurora.dns-parking.com.
stagemesh,stagemesh.com,taken,pending,False,ns1.dns-parking.com.
stagenest,stagenest.com,taken,pending,False,dns2.registrar-servers.com.
stagenet,stagenet.com,taken,pending,False,ns1090.ui-dns.biz.
stagenode,stagenode.com,taken,pending,False,chuck.ns.cloudflare.com.
stagenova,stagenova.com,taken,pending,False,major.ns.cloudflare.com.
stageopen,stageopen.com,taken,pending,False,ns77.domaincontrol.com.
stageorbit,stageorbit.com,taken,pending,False,ns72.domaincontrol.com.
stagepath,stagepath.com,taken,pending,False,ns1121.ui-dns.biz.
stageport,stageport.com,taken,pending,False,ns15.domaincontrol.com.
stagepulse,stagepulse.com,taken,pending,False,ns1.digitalocean.com.
stagepush,stagepush.com,taken,pending,False,ns1.loopia.se.
stagerelay,stagerelay.com,taken,pending,False,candy.ns.cloudflare.com.
stagerise,stagerise.com,taken,pending,False,kiki.bunny.net.
stageroot,stageroot.com,taken,pending,False,bonnie.ns.cloudflare.com.
stagescale,stagescale.com,taken,pending,False,ns-cloud-c2.googledomains.com.
stagespot,stagespot.com,taken,pending,False,dora.ns.cloudflare.com.
stageswift,stageswift.com,taken,pending,False,ns2.myukcloud.com.
stagethrive,stagethrive.com,taken,pending,False,lola.ns.cloudflare.com.
stagetie,stagetie.com,taken,pending,False,ns26.domaincontrol.com.
stagetrail,stagetrail.com,taken,pending,False,ns01.one.com.
stagetrue,stagetrue.com,taken,pending,False,ns59.domaincontrol.com.
stageunion,stageunion.com,taken,pending,False,tkm.chi-takumi.jp.
stagewave,stagewave.com,taken,pending,False,ns1.dns.ne.jp.
stageweave,stageweave.com,taken,pending,False,ns65.domaincontrol.com.
stageweb,stageweb.com,taken,pending,False,ns1.wpx.ne.jp.
stagewire,stagewire.com,taken,pending,False,ns1.dyna-ns.net.
supportapex,supportapex.com,taken,pending,False,glen.ns.cloudflare.com.
supportbase,supportbase.com,taken,pending,False,seth.ns.cloudflare.com.
supportblend,supportblend.com,taken,pending,False,ns1.servaxnet-hosting.com.
supportbloom,supportbloom.com,taken,pending,False,ns31.domaincontrol.com.
supportboost,supportboost.com,taken,pending,False,ns02.cashparking.com.
supportbuild,supportbuild.com,taken,pending,False,ns-1610.awsdns-09.co.uk.
supportchain,supportchain.com,taken,pending,False,ns1.abovedomains.com.
supportclear,supportclear.com,taken,pending,False,ns1.shockhosting.com.
supportdock,supportdock.com,taken,pending,False,ns63.domaincontrol.com.
supportecho,supportecho.com,taken,pending,False,dora.ns.cloudflare.com.
supportflame,supportflame.com,taken,pending,False,dns2.registrar-servers.com.
supportforge,supportforge.com,taken,pending,False,ns1.eftydns.com.
supportfree,supportfree.com,taken,pending,False,ns03.domaincontrol.com.
supportfuse,supportfuse.com,taken,pending,False,ns13.domaincontrol.com.
supportgrid,supportgrid.com,taken,pending,False,ns43.domaincontrol.com.
supportgrow,supportgrow.com,taken,pending,False,hugh.ns.cloudflare.com.
supportjoin,supportjoin.com,taken,pending,False,ns39.domaincontrol.com.
supportlane,supportlane.com,taken,pending,False,ns1045.ui-dns.de.
supportlift,supportlift.com,taken,pending,False,dns1.registrar-servers.com.
supportnet,supportnet.com,taken,pending,False,robotns3.second-ns.com.
supportnode,supportnode.com,taken,pending,False,x.ns.joker.com.
supportnova,supportnova.com,taken,pending,False,augustus.ns.cloudflare.com.
supportpath,supportpath.com,taken,pending,False,ns15.domaincontrol.com.
supportpush,supportpush.com,taken,pending,False,ns2.dns-parking.com.
supportring,supportring.com,taken,pending,False,jiajia.ns.giantpanda.com.
supportroot,supportroot.com,taken,pending,False,lex.ns.cloudflare.com.
supportscale,supportscale.com,taken,pending,False,dns2.registrar-servers.com.
supportseed,supportseed.com,taken,pending,False,ns2.brandbucket.com.
supportshine,supportshine.com,taken,pending,False,salvador.ns.porkbun.com.
supportspark,supportspark.com,taken,pending,False,ns1.brandbucket.com.
supportspot,supportspot.com,taken,pending,False,ns2.tigertech.biz.
supportsurge,supportsurge.com,taken,pending,False,ns2.dreamhost.com.
supportswift,supportswift.com,taken,pending,False,ns56.domaincontrol.com.
supportsync,supportsync.com,taken,pending,False,ns73.domaincontrol.com.
supportwave,supportwave.com,taken,pending,False,buck.ns.cloudflare.com.
supportweave,supportweave.com,taken,pending,False,dns1.registrar-servers.com.
supportweb,supportweb.com,taken,pending,False,ns1.rentondc.com.
supportwire,supportwire.com,taken,pending,False,martin.ns.cloudflare.com.
surgebond,surgebond.com,taken,pending,False,kyle.ns.cloudflare.com.
surgebridge,surgebridge.com,taken,pending,False,ns1.brandbucket.com.
surgecircle,surgecircle.com,taken,pending,False,ns2.brandbucket.com.
surgeflow,surgeflow.com,taken,pending,False,launch1.spaceship.net.
surgefuse,surgefuse.com,taken,pending,False,ns2.dyna-ns.net.
surgegrid,surgegrid.com,taken,pending,False,ns1.brandbucket.com.
surgeline,surgeline.com,taken,pending,False,ns31.domaincontrol.com.
surgelink,surgelink.com,taken,pending,False,ns1045.ui-dns.de.
surgemesh,surgemesh.com,taken,pending,False,elisa.ns.cloudflare.com.
surgenet,surgenet.com,taken,pending,False,gordon.ns.cloudflare.com.
surgeport,surgeport.com,taken,pending,False,ns26.domaincontrol.com.
surgeweb,surgeweb.com,taken,pending,False,dns106.register.com.
surgewire,surgewire.com,taken,pending,False,ns26.domaincontrol.com.
swiftbase,swiftbase.com,taken,pending,False,ns1.zen.co.uk.
swiftbridge,swiftbridge.com,taken,pending,False,ns-1471.awsdns-55.org.
swiftcircle,swiftcircle.com,taken,pending,False,jerry.ns.cloudflare.com.
swiftcore,swiftcore.com,taken,pending,False,dns7.hichina.com.
swiftecho,swiftecho.com,taken,pending,False,daisy.ns.cloudflare.com.
swiftflow,swiftflow.com,taken,pending,False,ns1019.ui-dns.de.
swiftfuse,swiftfuse.com,taken,pending,False,ns1.brandbucket.com.
swiftgather,swiftgather.com,taken,pending,False,carioca.ns.cloudflare.com.
swiftgrid,swiftgrid.com,taken,pending,False,ns1.brandbucket.com.
swifthub,swifthub.com,taken,pending,False,damao.ns.giantpanda.com.
swiftjoin,swiftjoin.com,taken,pending,False,ns2.dns-parking.com.
swiftknit,swiftknit.com,taken,pending,False,ns68.domaincontrol.com.
swiftlane,swiftlane.com,taken,pending,False,luciana.ns.cloudflare.com.
swiftline,swiftline.com,taken,pending,False,ns-1274.awsdns-31.org.
swiftlink,swiftlink.com,taken,pending,False,pdns01.domaincontrol.com.
swiftloop,swiftloop.com,taken,pending,False,ns14.domaincontrol.com.
swiftlynk,swiftlynk.com,taken,pending,False,ns52.domaincontrol.com.
swiftmerge,swiftmerge.com,taken,pending,False,dns19.hichina.com.
swiftmesh,swiftmesh.com,taken,pending,False,ns4.dtsrv.net.
swiftnest,swiftnest.com,taken,pending,False,ns2.tierra.net.
swiftnode,swiftnode.com,taken,pending,False,kiki.ns.cloudflare.com.
swiftpath,swiftpath.com,taken,pending,False,dee.ns.cloudflare.com.
swiftroute,swiftroute.com,taken,pending,False,olivia.ns.cloudflare.com.
swiftsignal,swiftsignal.com,taken,pending,False,ns-508.awsdns-63.com.
swifttie,swifttie.com,taken,pending,False,ns4.simply.com.
swiftwave,swiftwave.com,taken,pending,False,ns3.power-dns.com.
swiftweb,swiftweb.com,taken,pending,False,ns4.linode.com.
thrivebond,thrivebond.com,taken,pending,False,ajay.ns.cloudflare.com.
thrivebridge,thrivebridge.com,taken,pending,False,rafe.ns.cloudflare.com.
thrivechain,thrivechain.com,taken,pending,False,ns1.dns-h.com.
thrivecircle,thrivecircle.com,taken,pending,False,melina.ns.cloudflare.com.
thriveflow,thriveflow.com,taken,pending,False,dns2.registrar-servers.com.
thrivegrid,thrivegrid.com,taken,pending,False,ns-cloud-a2.googledomains.com.
thriveline,thriveline.com,taken,pending,False,ns3.dreamhost.com.
thrivelink,thrivelink.com,taken,pending,False,dns4.p04.nsone.net.
thrivenet,thrivenet.com,taken,pending,False,dns3.snhdns.com.
thrivepath,thrivepath.com,taken,pending,False,ns39.domaincontrol.com.
thriveport,thriveport.com,taken,pending,False,ns-cloud-a1.googledomains.com.
thriveroute,thriveroute.com,taken,pending,False,ingrid.ns.cloudflare.com.
thrivesignal,thrivesignal.com,taken,pending,False,ns1.brandbucket.com.
thriveunion,thriveunion.com,taken,pending,False,ns58.domaincontrol.com.
thriveweb,thriveweb.com,taken,pending,False,ns67.domaincontrol.com.
tracklynk,tracklynk.com,taken,pending,False,dns1.registrar-servers.com.
tribebase,tribebase.com,taken,pending,False,kenia.ns.cloudflare.com.
tribeblend,tribeblend.com,taken,pending,False,clint.ns.cloudflare.com.
tribeboost,tribeboost.com,taken,pending,False,dns1.registrar-servers.com.
tribebuild,tribebuild.com,taken,pending,False,ns30.domaincontrol.com.
tribedash,tribedash.com,taken,pending,False,ns-cloud-b2.googledomains.com.
tribedock,tribedock.com,taken,pending,False,ns2.datacenter.no.
tribedrive,tribedrive.com,taken,pending,False,damian.ns.cloudflare.com.
tribeecho,tribeecho.com,taken,pending,False,sam.ns.cloudflare.com.
tribeflame,tribeflame.com,taken,pending,False,dns5.name-services.com.
tribeflow,tribeflow.com,taken,pending,False,nola.ns.cloudflare.com.
tribefuel,tribefuel.com,taken,pending,False,ns51.domaincontrol.com.
tribegather,tribegather.com,taken,pending,False,ns-733.awsdns-27.net.
tribegrow,tribegrow.com,taken,pending,False,ns2.dyna-ns.net.
tribehub,tribehub.com,taken,pending,False,pam.ns.cloudflare.com.
tribejoin,tribejoin.com,taken,pending,False,ns-cloud-b4.googledomains.com.
tribelift,tribelift.com,taken,pending,False,ns59.domaincontrol.com.
tribelink,tribelink.com,taken,pending,False,ns18.domaincontrol.com.
tribelynk,tribelynk.com,taken,pending,False,ns1.hostfoxx.com.
tribemesh,tribemesh.com,taken,pending,False,dns4.p07.nsone.net.
tribenode,tribenode.com,taken,pending,False,ns43.domaincontrol.com.
tribeopen,tribeopen.com,taken,pending,False,eugene.ns.cloudflare.com.
tribepath,tribepath.com,taken,pending,False,ns-1990.awsdns-56.co.uk.
tribeport,tribeport.com,taken,pending,False,ns1.dns-parking.com.
tribepulse,tribepulse.com,taken,pending,False,ns2.atomregistrar.com.
tribepure,tribepure.com,taken,pending,False,ns2.siteground.net.
triberally,triberally.com,taken,pending,False,dns2.registrar-servers.com.
tribering,tribering.com,taken,pending,False,ns1.brandbucket.com.
triberoute,triberoute.com,taken,pending,False,renan.ns.cloudflare.com.
tribescale,tribescale.com,taken,pending,False,ns1.abovedomains.com.
tribesync,tribesync.com,taken,pending,False,ns59.domaincontrol.com.
tribetrue,tribetrue.com,taken,pending,False,dns2.p05.nsone.net.
tribeweb,tribeweb.com,taken,pending,False,ns2.dnsowl.com.
tribewire,tribewire.com,taken,pending,False,ns10.domaincontrol.com.
truebase,truebase.com,taken,pending,False,dns1.p05.nsone.net.
trueblend,trueblend.com,taken,pending,False,coco.bunny.net.
truebond,truebond.com,taken,pending,False,coruscant.netsouthern.net.
truebridge,truebridge.com,taken,pending,False,ns1.branddo.com.
truecircle,truecircle.com,taken,pending,False,ns1.afraid.org.
trueecho,trueecho.com,taken,pending,False,ns66.domaincontrol.com.
trueflow,trueflow.com,taken,pending,False,ns10.domaincontrol.com.
truegrid,truegrid.com,taken,pending,False,ns49.domaincontrol.com.
truehub,truehub.com,taken,pending,False,ns2.digitalocean.com.
truejoin,truejoin.com,taken,pending,False,ns17.domaincontrol.com.
trueknit,trueknit.com,taken,pending,False,dreamwebby.mercury.orderbox-dns.com.
trueline,trueline.com,taken,pending,False,ns-cloud-a4.googledomains.com.
truelink,truelink.com,taken,pending,False,ns1.tuint.net.
truelynk,truelynk.com,taken,pending,False,ns36.domaincontrol.com.
truemesh,truemesh.com,taken,pending,False,c.dns.gandi.net.
truenest,truenest.com,taken,pending,False,ns78.domaincontrol.com.
truenet,truenet.com,taken,pending,False,joel.ns.cloudflare.com.
truenode,truenode.com,taken,pending,False,2.namestar.com.
truepath,truepath.com,taken,pending,False,ns-cloud-c3.googledomains.com.
trueport,trueport.com,taken,pending,False,ns23.domaincontrol.com.
truering,truering.com,taken,pending,False,ns5.isomedia.com.
trueroute,trueroute.com,taken,pending,False,emma.ns.cloudflare.com.
truespot,truespot.com,taken,pending,False,ns66.domaincontrol.com.
truesync,truesync.com,taken,pending,False,ns4.nokia.com.
truetie,truetie.com,taken,pending,False,jiaoqing.ns.giantpanda.com.
trueweave,trueweave.com,taken,pending,False,ns76.domaincontrol.com.
trueweb,trueweb.com,taken,pending,False,ns1.transip.nl.
venuebase,venuebase.com,taken,pending,False,ns26.domaincontrol.com.
venuebloom,venuebloom.com,taken,pending,False,dns1.registrar-servers.com.
venuebright,venuebright.com,taken,pending,False,coco.bunny.net.
venuechain,venuechain.com,taken,pending,False,dns2.wisesystems.net.
venueclear,venueclear.com,taken,pending,False,dns2.registrar-servers.com.
venuedock,venuedock.com,taken,pending,False,ns59.domaincontrol.com.
venuedrive,venuedrive.com,taken,pending,False,gail.ns.cloudflare.com.
venueecho,venueecho.com,taken,pending,False,dns2.registrar-servers.com.
venueflow,venueflow.com,taken,pending,False,kiki.bunny.net.
venueforge,venueforge.com,taken,pending,False,barbara.ns.cloudflare.com.
venuefree,venuefree.com,taken,pending,False,ns2.meganameservers.eu.
venuefuel,venuefuel.com,taken,pending,False,ns1.parklogic.com.
venuegrid,venuegrid.com,taken,pending,False,ns2.dns-expired.com.
venuegrow,venuegrow.com,taken,pending,False,ns74.domaincontrol.com.
venueharbor,venueharbor.com,taken,pending,False,ns35.domaincontrol.com.
venuehub,venuehub.com,taken,pending,False,ns1.rentondc.com.
venueignite,venueignite.com,taken,pending,False,ns5.hostinista.com.
venuelaunch,venuelaunch.com,taken,pending,False,ns67.domaincontrol.com.
venuelift,venuelift.com,taken,pending,False,ns1.bluehost.com.
venueloop,venueloop.com,taken,pending,False,ns22.worldnic.com.
venuemeet,venuemeet.com,taken,pending,False,ns1050.ui-dns.de.
venuenest,venuenest.com,taken,pending,False,ns42.domaincontrol.com.
venuenet,venuenet.com,taken,pending,False,ns54.domaincontrol.com.
venuenode,venuenode.com,taken,pending,False,ns2.namebamboo.com.
venueorbit,venueorbit.com,taken,pending,False,ns1.emailverification.info.
venuepath,venuepath.com,taken,pending,False,ns-1184.awsdns-20.org.
venueport,venueport.com,taken,pending,False,ns75.domaincontrol.com.
venuepush,venuepush.com,taken,pending,False,peaches.ns.cloudflare.com.
venuerelay,venuerelay.com,taken,pending,False,chance.ns.cloudflare.com.
venuerise,venuerise.com,taken,pending,False,simon.ns.cloudflare.com.
venueroute,venueroute.com,taken,pending,False,ns1.bluehost.com.
venueshine,venueshine.com,taken,pending,False,dns1.namecheaphosting.com.
venuesignal,venuesignal.com,taken,pending,False,dns3.p08.nsone.net.
venuespark,venuespark.com,taken,pending,False,dns1.registrar-servers.com.
venuespot,venuespot.com,taken,pending,False,pdns12.domaincontrol.com.
venuesurge,venuesurge.com,taken,pending,False,ns59.domaincontrol.com.
venuetrail,venuetrail.com,taken,pending,False,ns16.domaincontrol.com.
venuetrue,venuetrue.com,taken,pending,False,kehlani.ns.cloudflare.com.
venuewave,venuewave.com,taken,pending,False,dns2.stabletransit.com.
venuewire,venuewire.com,taken,pending,False,ns2.ticketmaster.com.
vividblend,vividblend.com,taken,pending,False,ns2.brandbucket.com.
vividbridge,vividbridge.com,taken,pending,False,ns40.domaincontrol.com.
vividcore,vividcore.com,taken,pending,False,ns1.vividcore.com.
vividecho,vividecho.com,taken,pending,False,dns2.cscdns.net.
vividflow,vividflow.com,taken,pending,False,ns2.abdulbasit.ns.namepros-dns.is.
vividline,vividline.com,taken,pending,False,ns-cloud-c3.googledomains.com.
vividlink,vividlink.com,taken,pending,False,ns2.gofruits.co.
vividnet,vividnet.com,taken,pending,False,aquarius.vividnet.com.
vividnode,vividnode.com,taken,pending,False,anastasia.ns.cloudflare.com.
vividrelay,vividrelay.com,taken,pending,False,ns15.domaincontrol.com.
vividring,vividring.com,taken,pending,False,ns2.xserver.jp.
vividroute,vividroute.com,taken,pending,False,ns2.brandbucket.com.
vividsignal,vividsignal.com,taken,pending,False,ns2.hover.com.
vividspot,vividspot.com,taken,pending,False,ns2.brandbucket.com.
vividsync,vividsync.com,taken,pending,False,sp2.gname-dns.com.
vividtie,vividtie.com,taken,pending,False,ns03.domaincontrol.com.
vividweb,vividweb.com,taken,pending,False,ns1.nationalnet.com.
vividwire,vividwire.com,taken,pending,False,ns2.mythic-beasts.com.
anchorcircle,anchorcircle.com,taken_parked,pending,True,nsg1.namebrightdns.com.
anchorfuse,anchorfuse.com,taken_parked,pending,True,ns2.afternic.com.
anchorgrid,anchorgrid.com,taken_parked,pending,True,ns1.afternic.com.
anchorlane,anchorlane.com,taken_parked,pending,True,nsg2.namebrightdns.com.
anchorloop,anchorloop.com,taken_parked,pending,True,ns2.atom.com.
anchornest,anchornest.com,taken_parked,pending,True,ns2.atom.com.
anchornet,anchornet.com,taken_parked,pending,True,ns1.namefind.com.
anchornode,anchornode.com,taken_parked,pending,True,ns2.afternic.com.
anchorport,anchorport.com,taken_parked,pending,True,nsg1.namebrightdns.com.
anchorsignal,anchorsignal.com,taken_parked,pending,True,ns1.atom.com.
anchorspot,anchorspot.com,taken_parked,pending,True,ns2.atom.com.
anchorsync,anchorsync.com,taken_parked,pending,True,ns1.atom.com.
anchorweb,anchorweb.com,taken_parked,pending,True,ns2.namefind.com.
anchorwire,anchorwire.com,taken_parked,pending,True,ns2.afternic.com.
apexbond,apexbond.com,taken_parked,pending,True,nsg2.namebrightdns.com.
apexbridge,apexbridge.com,taken_parked,pending,True,ns1.atom.com.
apexcircle,apexcircle.com,taken_parked,pending,True,ns1.afternic.com.
apexdock,apexdock.com,taken_parked,pending,True,ns1.atom.com.
apexgrid,apexgrid.com,taken_parked,pending,True,ns2.afternic.com.
apexhub,apexhub.com,taken_parked,pending,True,nsg1.namebrightdns.com.
apexline,apexline.com,taken_parked,pending,True,ns2.afternic.com.
apexloop,apexloop.com,taken_parked,pending,True,ns2.squadhelp.com.
apexmesh,apexmesh.com,taken_parked,pending,True,ns1.squadhelp.com.
apexport,apexport.com,taken_parked,pending,True,nsg1.namebrightdns.com.
apexspot,apexspot.com,taken_parked,pending,True,nsg1.namebrightdns.com.
apexsync,apexsync.com,taken_parked,pending,True,nsg2.namebrightdns.com.
apextrail,apextrail.com,taken_parked,pending,True,nsg2.namebrightdns.com.
artistanchor,artistanchor.com,taken_parked,pending,True,ns1.namebrightdns.com.
artistbloom,artistbloom.com,taken_parked,pending,True,ns5.afternic.com.
artistchain,artistchain.com,taken_parked,pending,True,ns1.atom.com.
artistcircle,artistcircle.com,taken_parked,pending,True,ns1.afternic.com.
artistcore,artistcore.com,taken_parked,pending,True,ns1.afternic.com.
artistdash,artistdash.com,taken_parked,pending,True,nsg2.namebrightdns.com.
artistdock,artistdock.com,taken_parked,pending,True,nsg2.namebrightdns.com.
artistdrive,artistdrive.com,taken_parked,pending,True,domain-for-sale.hugedomainsdns.com.
artistforge,artistforge.com,taken_parked,pending,True,ns2.namebrightdns.com.
artistfree,artistfree.com,taken_parked,pending,True,domain-for-sale.hugedomainsdns.com.
artistline,artistline.com,taken_parked,pending,True,ns3.afternic.com.
artistmeet,artistmeet.com,taken_parked,pending,True,ns1.atom.com.
artistport,artistport.com,taken_parked,pending,True,nsg2.namebrightdns.com.
artistpush,artistpush.com,taken_parked,pending,True,nsg1.namebrightdns.com.
artistring,artistring.com,taken_parked,pending,True,nsg2.namebrightdns.com.
artistsignal,artistsignal.com,taken_parked,pending,True,nsg2.namebrightdns.com.
artistspark,artistspark.com,taken_parked,pending,True,ns2.atom.com.
artistweb,artistweb.com,taken_parked,pending,True,ns2.namefind.com.
beaconbase,beaconbase.com,taken_parked,pending,True,nsg2.namebrightdns.com.
beaconblend,beaconblend.com,taken_parked,pending,True,nsg2.namebrightdns.com.
beaconbond,beaconbond.com,taken_parked,pending,True,ns2.atom.com.
beaconcore,beaconcore.com,taken_parked,pending,True,ns2.afternic.com.
beacondock,beacondock.com,taken_parked,pending,True,ns2.afternic.com.
beaconfuse,beaconfuse.com,taken_parked,pending,True,nsg1.namebrightdns.com.
beaconhub,beaconhub.com,taken_parked,pending,True,nsg1.namebrightdns.com.
beaconlane,beaconlane.com,taken_parked,pending,True,ns1.afternic.com.
beaconline,beaconline.com,taken_parked,pending,True,ns1.atom.com.
beaconlink,beaconlink.com,taken_parked,pending,True,ns2.afternic.com.
beaconloop,beaconloop.com,taken_parked,pending,True,ns2.afternic.com.
beaconmesh,beaconmesh.com,taken_parked,pending,True,nsg1.namebrightdns.com.
beaconnect,beaconnect.com,taken_parked,pending,True,ns2.atom.com.
beaconnest,beaconnest.com,taken_parked,pending,True,nsg2.namebrightdns.com.
beaconport,beaconport.com,taken_parked,pending,True,nsg1.namebrightdns.com.
beaconspot,beaconspot.com,taken_parked,pending,True,nsg1.namebrightdns.com.
beacontrail,beacontrail.com,taken_parked,pending,True,ns2.afternic.com.
beaconwave,beaconwave.com,taken_parked,pending,True,nsg2.namebrightdns.com.
bloomblend,bloomblend.com,taken_parked,pending,True,ns2.afternic.com.
bloomcore,bloomcore.com,taken_parked,pending,True,nsg2.namebrightdns.com.
bloomdock,bloomdock.com,taken_parked,pending,True,ns2.atom.com.
bloomecho,bloomecho.com,taken_parked,pending,True,ns2.atom.com.
bloomfuse,bloomfuse.com,taken_parked,pending,True,ns2.atom.com.
bloomgrid,bloomgrid.com,taken_parked,pending,True,ns1.atom.com.
bloomlane,bloomlane.com,taken_parked,pending,True,nsg1.namebrightdns.com.
bloomloop,bloomloop.com,taken_parked,pending,True,ns2.afternic.com.
bloommerge,bloommerge.com,taken_parked,pending,True,ns2.atom.com.
bloomnest,bloomnest.com,taken_parked,pending,True,forsale.hugedomainsdns.com.
bloompath,bloompath.com,taken_parked,pending,True,ns1.afternic.com.
bloomport,bloomport.com,taken_parked,pending,True,domain-for-sale.hugedomainsdns.com.
bloomroute,bloomroute.com,taken_parked,pending,True,ns2.afternic.com.
bloomsync,bloomsync.com,taken_parked,pending,True,ns1.squadhelp.com.
bloomtrail,bloomtrail.com,taken_parked,pending,True,ns2.afternic.com.
boldalign,boldalign.com,taken_parked,pending,True,ns1.atom.com.
boldbond,boldbond.com,taken_parked,pending,True,ns1.atom.com.
boldchain,boldchain.com,taken_parked,pending,True,ns2.squadhelp.com.
boldcircle,boldcircle.com,taken_parked,pending,True,nsg2.namebrightdns.com.
bolddock,bolddock.com,taken_parked,pending,True,ns1.afternic.com.
boldflow,boldflow.com,taken_parked,pending,True,nsg1.namebrightdns.com.
boldfuse,boldfuse.com,taken_parked,pending,True,ns2.atom.com.
boldhub,boldhub.com,taken_parked,pending,True,ns1.afternic.com.
boldlane,boldlane.com,taken_parked,pending,True,ns1.squadhelp.com.
boldline,boldline.com,taken_parked,pending,True,ns2.afternic.com.
boldmeet,boldmeet.com,taken_parked,pending,True,ns2.atom.com.
boldmerge,boldmerge.com,taken_parked,pending,True,ns1.atom.com.
boldmesh,boldmesh.com,taken_parked,pending,True,ns2.afternic.com.
boldnode,boldnode.com,taken_parked,pending,True,ns1.dan.com.
boldring,boldring.com,taken_parked,pending,True,ns1.afternic.com.
boldroute,boldroute.com,taken_parked,pending,True,ns1.afternic.com.
boldsync,boldsync.com,taken_parked,pending,True,ns1.atom.com.
boldweave,boldweave.com,taken_parked,pending,True,ns1.atom.com.
boldwire,boldwire.com,taken_parked,pending,True,nsg2.namebrightdns.com.
boostalign,boostalign.com,taken_parked,pending,True,ns2.atom.com.
boostbond,boostbond.com,taken_parked,pending,True,nsg1.namebrightdns.com.
boostcore,boostcore.com,taken_parked,pending,True,ns2.afternic.com.
boostdock,boostdock.com,taken_parked,pending,True,nsg1.namebrightdns.com.
boostecho,boostecho.com,taken_parked,pending,True,ns2.afternic.com.
boostfuse,boostfuse.com,taken_parked,pending,True,ns1.afternic.com.
boostgrid,boostgrid.com,taken_parked,pending,True,ns2.afternic.com.
boostlink,boostlink.com,taken_parked,pending,True,ns3.afternic.com.
boostmerge,boostmerge.com,taken_parked,pending,True,ns1.atom.com.
boostnet,boostnet.com,taken_parked,pending,True,ns6.afternic.com.
boostpath,boostpath.com,taken_parked,pending,True,ns2.afternic.com.
boostring,boostring.com,taken_parked,pending,True,nsg2.namebrightdns.com.
boostroute,boostroute.com,taken_parked,pending,True,ns2.squadhelp.com.
boostspot,boostspot.com,taken_parked,pending,True,ns1.afternic.com.
boostsync,boostsync.com,taken_parked,pending,True,ns2.squadhelp.com.
boosttrail,boosttrail.com,taken_parked,pending,True,ns1.afternic.com.
boostunion,boostunion.com,taken_parked,pending,True,ns1.atom.com.
boostweb,boostweb.com,taken_parked,pending,True,ns1.namefind.com.
bravealign,bravealign.com,taken_parked,pending,True,ns2.atom.com.
bravebase,bravebase.com,taken_parked,pending,True,ns1.afternic.com.
braveblend,braveblend.com,taken_parked,pending,True,ns2.atom.com.
bravebond,bravebond.com,taken_parked,pending,True,ns1.squadhelp.com.
bravechain,bravechain.com,taken_parked,pending,True,ns1.afternic.com.
bravecore,bravecore.com,taken_parked,pending,True,ns1.namebrightdns.com.
braveflow,braveflow.com,taken_parked,pending,True,ns1.atom.com.
bravegrid,bravegrid.com,taken_parked,pending,True,ns1.atom.com.
bravejoin,bravejoin.com,taken_parked,pending,True,nsg2.namebrightdns.com.
bravelane,bravelane.com,taken_parked,pending,True,nsg2.namebrightdns.com.
braveloop,braveloop.com,taken_parked,pending,True,ns1.atom.com.
bravemerge,bravemerge.com,taken_parked,pending,True,ns2.atom.com.
bravenest,bravenest.com,taken_parked,pending,True,ns1.squadhelp.com.
bravenode,bravenode.com,taken_parked,pending,True,ns2.squadhelp.com.
braveroute,braveroute.com,taken_parked,pending,True,ns1.squadhelp.com.
bravesignal,bravesignal.com,taken_parked,pending,True,ns5.afternic.com.
bravespot,bravespot.com,taken_parked,pending,True,ns1.squadhelp.com.
bravesync,bravesync.com,taken_parked,pending,True,ns2.atom.com.
bravetrail,bravetrail.com,taken_parked,pending,True,ns1.afternic.com.
braveunion,braveunion.com,taken_parked,pending,True,ns2.afternic.com.
braveweb,braveweb.com,taken_parked,pending,True,ns2.namefind.com.
brightalign,brightalign.com,taken_parked,pending,True,ns2.atom.com.
brightblend,brightblend.com,taken_parked,pending,True,ns1.afternic.com.
brightrelay,brightrelay.com,taken_parked,pending,True,ns1.afternic.com.
brightroute,brightroute.com,taken_parked,pending,True,ns1.atom.com.
brightsignal,brightsignal.com,taken_parked,pending,True,ns1.afternic.com.
brightweave,brightweave.com,taken_parked,pending,True,ns2.atom.com.
brightwire,brightwire.com,taken_parked,pending,True,ns1.afternic.com.
buildbond,buildbond.com,taken_parked,pending,True,ns6.afternic.com.
buildbridge,buildbridge.com,taken_parked,pending,True,ns2.atom.com.
builddock,builddock.com,taken_parked,pending,True,ns2.atom.com.
buildecho,buildecho.com,taken_parked,pending,True,ns1.atom.com.
buildfuse,buildfuse.com,taken_parked,pending,True,ns1.atom.com.
buildmeet,buildmeet.com,taken_parked,pending,True,nsg2.namebrightdns.com.
buildmerge,buildmerge.com,taken_parked,pending,True,ns2.atom.com.
buildnode,buildnode.com,taken_parked,pending,True,ns6.afternic.com.
buildrelay,buildrelay.com,taken_parked,pending,True,ns5.afternic.com.
buildring,buildring.com,taken_parked,pending,True,ns2.afternic.com.
buildtrail,buildtrail.com,taken_parked,pending,True,nsg1.namebrightdns.com.
catalynk,catalynk.com,taken_parked,registered,True,nsg2.namebrightdns.com.
clearbond,clearbond.com,taken_parked,pending,True,ns1.afternic.com.
clearhub,clearhub.com,taken_parked,pending,True,ns1.afternic.com.
clearjoin,clearjoin.com,taken_parked,pending,True,ns2.atom.com.
clearmerge,clearmerge.com,taken_parked,pending,True,ns1.afternic.com.
clearmesh,clearmesh.com,taken_parked,pending,True,nsg2.namebrightdns.com.
clearnect,clearnect.com,taken_parked,pending,True,ns4.afternic.com.
clearnest,clearnest.com,taken_parked,pending,True,forsale.hugedomainsdns.com.
clearring,clearring.com,taken_parked,pending,True,nsg2.namebrightdns.com.
clearsync,clearsync.com,taken_parked,pending,True,ns2.afternic.com.
clearunion,clearunion.com,taken_parked,pending,True,nsg2.namebrightdns.com.
collectboost,collectboost.com,taken_parked,pending,True,ns1.dan.com.
collectchain,collectchain.com,taken_parked,pending,True,nsg2.namebrightdns.com.
collectnest,collectnest.com,taken_parked,pending,True,nsg1.namebrightdns.com.
collectnode,collectnode.com,taken_parked,pending,True,ns2.atom.com.
collectorbit,collectorbit.com,taken_parked,pending,True,ns3.afternic.com.
creatorapex,creatorapex.com,taken_parked,pending,True,nsg1.namebrightdns.com.
creatorblend,creatorblend.com,taken_parked,pending,True,ns6.afternic.com.
creatorbloom,creatorbloom.com,taken_parked,pending,True,ns2.afternic.com.
creatorbuild,creatorbuild.com,taken_parked,pending,True,nsg2.namebrightdns.com.
creatordock,creatordock.com,taken_parked,pending,True,ns1.afternic.com.
creatordrive,creatordrive.com,taken_parked,pending,True,nsg2.namebrightdns.com.
creatorflow,creatorflow.com,taken_parked,pending,True,ns1.afternic.com.
creatorfree,creatorfree.com,taken_parked,pending,True,nsg2.namebrightdns.com.
creatorfuel,creatorfuel.com,taken_parked,pending,True,ns2.afternic.com.
creatorline,creatorline.com,taken_parked,pending,True,nsg1.namebrightdns.com.
creatormeet,creatormeet.com,taken_parked,pending,True,ns2.atom.com.
creatormesh,creatormesh.com,taken_parked,pending,True,nsg1.namebrightdns.com.
creatornest,creatornest.com,taken_parked,pending,True,ns1.afternic.com.
creatornet,creatornet.com,taken_parked,pending,True,ns1.squadhelp.com.
creatorpath,creatorpath.com,taken_parked,pending,True,ns1.afternic.com.
creatorpeak,creatorpeak.com,taken_parked,pending,True,ns2.afternic.com.
creatorport,creatorport.com,taken_parked,pending,True,ns1.atom.com.
creatorpulse,creatorpulse.com,taken_parked,pending,True,ns4.afternic.com.
creatorrally,creatorrally.com,taken_parked,pending,True,nsg1.namebrightdns.com.
creatorseed,creatorseed.com,taken_parked,pending,True,ns2.atom.com.
creatorwave,creatorwave.com,taken_parked,pending,True,ns2.namebrightdns.com.
crowdalign,crowdalign.com,taken_parked,pending,True,ns1.atom.com.
crowdblend,crowdblend.com,taken_parked,pending,True,nsg2.namebrightdns.com.
crowdbright,crowdbright.com,taken_parked,pending,True,ns2.atom.com.
crowdbuild,crowdbuild.com,taken_parked,pending,True,ns1.afternic.com.
crowdcircle,crowdcircle.com,taken_parked,pending,True,ns4.afternic.com.
crowdclear,crowdclear.com,taken_parked,pending,True,ns1.atom.com.
crowddash,crowddash.com,taken_parked,pending,True,ns2.squadhelp.com.
crowddrive,crowddrive.com,taken_parked,pending,True,ns2.afternic.com.
crowdflame,crowdflame.com,taken_parked,pending,True,ns6.afternic.com.
crowdfree,crowdfree.com,taken_parked,pending,True,ns1.namefind.com.
crowdfuse,crowdfuse.com,taken_parked,pending,True,ns1.afternic.com.
crowdgrid,crowdgrid.com,taken_parked,pending,True,ns2.atom.com.
crowdjoin,crowdjoin.com,taken_parked,pending,True,ns4.afternic.com.
crowdlane,crowdlane.com,taken_parked,pending,True,ns2.atom.com.
crowdmerge,crowdmerge.com,taken_parked,pending,True,ns5.afternic.com.
crowdnet,crowdnet.com,taken_parked,pending,True,ns1.afternic.com.
crowdnova,crowdnova.com,taken_parked,pending,True,ns1.afternic.com.
crowdopen,crowdopen.com,taken_parked,pending,True,nsg1.namebrightdns.com.
crowdorbit,crowdorbit.com,taken_parked,pending,True,ns1.squadhelp.com.
crowdport,crowdport.com,taken_parked,pending,True,ns2.afternic.com.
crowdpure,crowdpure.com,taken_parked,pending,True,nsg2.namebrightdns.com.
crowdrally,crowdrally.com,taken_parked,pending,True,ns2.afternic.com.
crowdroot,crowdroot.com,taken_parked,pending,True,ns1.afternic.com.
crowdroute,crowdroute.com,taken_parked,pending,True,nsg1.namebrightdns.com.
crowdsoar,crowdsoar.com,taken_parked,pending,True,ns3.afternic.com.
crowdthrive,crowdthrive.com,taken_parked,pending,True,nsg2.namebrightdns.com.
crowdtrue,crowdtrue.com,taken_parked,pending,True,ns2.afternic.com.
crowdunion,crowdunion.com,taken_parked,pending,True,domain-for-sale.hugedomainsdns.com.
dashblend,dashblend.com,taken_parked,pending,True,ns2.afternic.com.
dashbond,dashbond.com,taken_parked,pending,True,nsg1.namebrightdns.com.
dashchain,dashchain.com,taken_parked,pending,True,nsg2.namebrightdns.com.
dashcircle,dashcircle.com,taken_parked,pending,True,ns4.afternic.com.
dashdock,dashdock.com,taken_parked,pending,True,nsg1.namebrightdns.com.
dashhub,dashhub.com,taken_parked,pending,True,ns2.afternic.com.
dashnest,dashnest.com,taken_parked,pending,True,ns2.squadhelp.com.
dashnode,dashnode.com,taken_parked,pending,True,ns1.atom.com.
dashpath,dashpath.com,taken_parked,pending,True,ns2.squadhelp.com.
dashring,dashring.com,taken_parked,pending,True,nsg1.namebrightdns.com.
dashroute,dashroute.com,taken_parked,pending,True,ns2.afternic.com.
dashsignal,dashsignal.com,taken_parked,pending,True,ns2.atom.com.
dashtrail,dashtrail.com,taken_parked,pending,True,ns2.afternic.com.
dashweave,dashweave.com,taken_parked,pending,True,ns1.afternic.com.
directalign,directalign.com,taken_parked,pending,True,ns2.dan.com.
directapex,directapex.com,taken_parked,pending,True,ns4.afternic.com.
directbase,directbase.com,taken_parked,pending,True,forsale.hugedomainsdns.com.
directbeacon,directbeacon.com,taken_parked,pending,True,ns5.afternic.com.
directblend,directblend.com,taken_parked,pending,True,ns1.atom.com.
directbond,directbond.com,taken_parked,pending,True,ns2.namefind.com.
directboost,directboost.com,taken_parked,pending,True,ns1.namefind.com.
directbridge,directbridge.com,taken_parked,pending,True,domain-for-sale.hugedomainsdns.com.
directbright,directbright.com,taken_parked,pending,True,ns1.afternic.com.
directcircle,directcircle.com,taken_parked,pending,True,ns1.afternic.com.
directclear,directclear.com,taken_parked,pending,True,nsg2.namebrightdns.com.
directdash,directdash.com,taken_parked,pending,True,ns2.afternic.com.
directdock,directdock.com,taken_parked,pending,True,ns2.squadhelp.com.
directecho,directecho.com,taken_parked,pending,True,domain-for-sale.hugedomainsdns.com.
directflame,directflame.com,taken_parked,pending,True,ns1.afternic.com.
directforge,directforge.com,taken_parked,pending,True,nsg2.namebrightdns.com.
directfree,directfree.com,taken_parked,pending,True,nsg2.namebrightdns.com.
directfuel,directfuel.com,taken_parked,pending,True,ns1.sedoparking.com.
directgrow,directgrow.com,taken_parked,pending,True,domain-for-sale.hugedomainsdns.com.
directharbor,directharbor.com,taken_parked,pending,True,ns6.afternic.com.
directjoin,directjoin.com,taken_parked,pending,True,ns1.afternic.com.
directlane,directlane.com,taken_parked,pending,True,nsg1.namebrightdns.com.
directlaunch,directlaunch.com,taken_parked,pending,True,ns1.afternic.com.
directmeet,directmeet.com,taken_parked,pending,True,ns5.afternic.com.
directmerge,directmerge.com,taken_parked,pending,True,ns1.afternic.com.
directnode,directnode.com,taken_parked,pending,True,ns1.afternic.com.
directnova,directnova.com,taken_parked,pending,True,ns2.afternic.com.
directopen,directopen.com,taken_parked,pending,True,ns2.atom.com.
directorbit,directorbit.com,taken_parked,pending,True,ns2.namefind.com.
directpeak,directpeak.com,taken_parked,pending,True,ns2.afternic.com.
directpure,directpure.com,taken_parked,pending,True,ns5.afternic.com.
directpush,directpush.com,taken_parked,pending,True,ns1.afternic.com.
directrapid,directrapid.com,taken_parked,pending,True,ns6.afternic.com.
directrise,directrise.com,taken_parked,pending,True,ns2.afternic.com.
directroot,directroot.com,taken_parked,pending,True,ns1.afternic.com.
directroute,directroute.com,taken_parked,pending,True,ns1.namefind.com.
directsignal,directsignal.com,taken_parked,pending,True,nsg1.namebrightdns.com.
directspot,directspot.com,taken_parked,pending,True,ns1.sedoparking.com.
directsurge,directsurge.com,taken_parked,pending,True,ns2.afternic.com.
directsync,directsync.com,taken_parked,pending,True,ns2.afternic.com.
directtrail,directtrail.com,taken_parked,pending,True,ns2.atom.com.
directunion,directunion.com,taken_parked,pending,True,ns2.squadhelp.com.
drivebridge,drivebridge.com,taken_parked,pending,True,ns2.afternic.com.
drivecircle,drivecircle.com,taken_parked,pending,True,ns1.squadhelp.com.
drivegather,drivegather.com,taken_parked,pending,True,nsg2.namebrightdns.com.
drivegrid,drivegrid.com,taken_parked,pending,True,ns2.afternic.com.
drivemesh,drivemesh.com,taken_parked,pending,True,nsg1.namebrightdns.com.
drivepath,drivepath.com,taken_parked,pending,True,ns1.afternic.com.
drivering,drivering.com,taken_parked,pending,True,ns3.afternic.com.
driveroute,driveroute.com,taken_parked,pending,True,ns2.sedoparking.com.
drivesignal,drivesignal.com,taken_parked,pending,True,ns2.afternic.com.
drivetrail,drivetrail.com,taken_parked,pending,True,ns1.afternic.com.
driveunion,driveunion.com,taken_parked,pending,True,ns2.afternic.com.
drivewave,drivewave.com,taken_parked,pending,True,ns1.sedoparking.com.
fananchor,fananchor.com,taken_parked,pending,True,ns2.sedoparking.com.
fanblend,fanblend.com,taken_parked,pending,True,ns2.atom.com.
fanbright,fanbright.com,taken_parked,pending,True,ns2.afternic.com.
fandock,fandock.com,taken_parked,pending,True,ns2.squadhelp.com.
fandrive,fandrive.com,taken_parked,pending,True,ns1.namefind.com.
fanecho,fanecho.com,taken_parked,pending,True,nsg1.namebrightdns.com.
fanflame,fanflame.com,taken_parked,pending,True,ns2.atom.com.
fanfree,fanfree.com,taken_parked,pending,True,nsg2.namebrightdns.com.
fanharbor,fanharbor.com,taken_parked,pending,True,ns6.afternic.com.
fanjoin,fanjoin.com,taken_parked,pending,True,nsg2.namebrightdns.com.
fanlane,fanlane.com,taken_parked,pending,True,ns1.afternic.com.
fanlaunch,fanlaunch.com,taken_parked,pending,True,ns2.afternic.com.
fannect,fannect.com,taken_parked,pending,True,nsg1.namebrightdns.com.
fannest,fannest.com,taken_parked,pending,True,ns1.afternic.com.
fanorbit,fanorbit.com,taken_parked,pending,True,nsg1.namebrightdns.com.
fanpure,fanpure.com,taken_parked,pending,True,nsg1.namebrightdns.com.
fanrelay,fanrelay.com,taken_parked,pending,True,ns2.afternic.com.
fanrise,fanrise.com,taken_parked,pending,True,ns2.atom.com.
fanroot,fanroot.com,taken_parked,pending,True,nsg1.namebrightdns.com.
fanroute,fanroute.com,taken_parked,pending,True,ns1.atom.com.
fanswift,fanswift.com,taken_parked,pending,True,ns1.squadhelp.com.
fansync,fansync.com,taken_parked,pending,True,nsg2.namebrightdns.com.
fanthrive,fanthrive.com,taken_parked,pending,True,nsg1.namebrightdns.com.
fantrail,fantrail.com,taken_parked,pending,True,ns1.afternic.com.
fantrue,fantrue.com,taken_parked,pending,True,nsg2.namebrightdns.com.
flamebase,flamebase.com,taken_parked,pending,True,ns2.squadhelp.com.
flamebridge,flamebridge.com,taken_parked,pending,True,nsg2.namebrightdns.com.
flamedock,flamedock.com,taken_parked,pending,True,ns2.afternic.com.
flameecho,flameecho.com,taken_parked,pending,True,ns1.afternic.com.
flameflow,flameflow.com,taken_parked,pending,True,ns4.afternic.com.
flamefuse,flamefuse.com,taken_parked,pending,True,ns1.squadhelp.com.
flamehub,flamehub.com,taken_parked,pending,True,ns5.afternic.com.
flameline,flameline.com,taken_parked,pending,True,ns1.afternic.com.
flamemerge,flamemerge.com,taken_parked,pending,True,ns1.squadhelp.com.
flamenet,flamenet.com,taken_parked,pending,True,ns2.afternic.com.
flamepath,flamepath.com,taken_parked,pending,True,nsg2.namebrightdns.com.
flameroute,flameroute.com,taken_parked,pending,True,ns2.squadhelp.com.
flamesignal,flamesignal.com,taken_parked,pending,True,ns2.afternic.com.
flametrail,flametrail.com,taken_parked,pending,True,ns2.afternic.com.
flameweb,flameweb.com,taken_parked,pending,True,ns1.namefind.com.
flourhub,flourhub.com,taken_parked,pending,True,nsg1.namebrightdns.com.
flournest,flournest.com,taken_parked,pending,True,nsg1.namebrightdns.com.
forgeblend,forgeblend.com,taken_parked,pending,True,ns4.afternic.com.
forgebond,forgebond.com,taken_parked,pending,True,ns2.afternic.com.
forgebridge,forgebridge.com,taken_parked,pending,True,ns1.squadhelp.com.
forgechain,forgechain.com,taken_parked,pending,True,nsg2.namebrightdns.com.
forgecircle,forgecircle.com,taken_parked,pending,True,ns2.atom.com.
forgeecho,forgeecho.com,taken_parked,pending,True,ns1.afternic.com.
forgelane,forgelane.com,taken_parked,pending,True,nsg2.namebrightdns.com.
forgeloop,forgeloop.com,taken_parked,pending,True,ns1.squadhelp.com.
forgemeet,forgemeet.com,taken_parked,pending,True,ns1.atom.com.
forgemerge,forgemerge.com,taken_parked,pending,True,ns1.afternic.com.
forgemesh,forgemesh.com,taken_parked,pending,True,ns1.atom.com.
forgenest,forgenest.com,taken_parked,pending,True,ns2.afternic.com.
forgenet,forgenet.com,taken_parked,pending,True,ns1.namefind.com.
forgespot,forgespot.com,taken_parked,pending,True,ns1.afternic.com.
forgesync,forgesync.com,taken_parked,pending,True,ns2.afternic.com.
forgetrail,forgetrail.com,taken_parked,pending,True,nsg2.namebrightdns.com.
freealign,freealign.com,taken_parked,pending,True,ns1.afternic.com.
freebond,freebond.com,taken_parked,pending,True,ns1.namefind.com.
freebridge,freebridge.com,taken_parked,pending,True,ns5.afternic.com.
freecircle,freecircle.com,taken_parked,pending,True,ns2.namefind.com.
freedock,freedock.com,taken_parked,pending,True,nsg1.namebrightdns.com.
freegather,freegather.com,taken_parked,pending,True,ns2.sedoparking.com.
freejoin,freejoin.com,taken_parked,pending,True,ns1.afternic.com.
freeknit,freeknit.com,taken_parked,pending,True,nsg2.namebrightdns.com.
freeloop,freeloop.com,taken_parked,pending,True,ns2.namebrightdns.com.
freelynk,freelynk.com,taken_parked,pending,True,ns2.afternic.com.
freenest,freenest.com,taken_parked,pending,True,domain-for-sale.hugedomainsdns.com.
freerelay,freerelay.com,taken_parked,pending,True,ns4.afternic.com.
freering,freering.com,taken_parked,pending,True,nsg1.namebrightdns.com.
freeroute,freeroute.com,taken_parked,pending,True,ns2.namefind.com.
freesignal,freesignal.com,taken_parked,pending,True,nsg2.namebrightdns.com.
freetie,freetie.com,taken_parked,pending,True,ns1.afternic.com.
freeweave,freeweave.com,taken_parked,pending,True,ns2.namefind.com.
freshalign,freshalign.com,taken_parked,pending,True,ns2.squadhelp.com.
freshbase,freshbase.com,taken_parked,pending,True,nsg1.namebrightdns.com.
freshbridge,freshbridge.com,taken_parked,pending,True,ns1.atom.com.
freshcircle,freshcircle.com,taken_parked,pending,True,ns2.afternic.com.
freshcore,freshcore.com,taken_parked,pending,True,ns4.afternic.com.
freshdock,freshdock.com,taken_parked,pending,True,ns1.afternic.com.
freshfuse,freshfuse.com,taken_parked,pending,True,ns2.atom.com.
freshgather,freshgather.com,taken_parked,pending,True,ns1.squadhelp.com.
freshknit,freshknit.com,taken_parked,pending,True,ns2.afternic.com.
freshmerge,freshmerge.com,taken_parked,pending,True,ns2.atom.com.
freshmesh,freshmesh.com,taken_parked,pending,True,nsg2.namebrightdns.com.
freshnet,freshnet.com,taken_parked,pending,True,ns3.afternic.com.
freshrelay,freshrelay.com,taken_parked,pending,True,ns1.afternic.com.
freshring,freshring.com,taken_parked,pending,True,nsg2.namebrightdns.com.
freshsignal,freshsignal.com,taken_parked,pending,True,ns1.afternic.com.
freshtie,freshtie.com,taken_parked,pending,True,ns1.atom.com.
freshtrail,freshtrail.com,taken_parked,pending,True,domain-for-sale.hugedomainsdns.com.
freshunion,freshunion.com,taken_parked,pending,True,nsg1.namebrightdns.com.
freshweave,freshweave.com,taken_parked,pending,True,nsg2.namebrightdns.com.
freshweb,freshweb.com,taken_parked,pending,True,ns2.afternic.com.
fuelbond,fuelbond.com,taken_parked,pending,True,nsg1.namebrightdns.com.
fuelbridge,fuelbridge.com,taken_parked,pending,True,ns6.afternic.com.
fuelcircle,fuelcircle.com,taken_parked,pending,True,nsg2.namebrightdns.com.
fueldock,fueldock.com,taken_parked,pending,True,ns6.afternic.com.
fuelecho,fuelecho.com,taken_parked,pending,True,ns2.squadhelp.com.
fuelfuse,fuelfuse.com,taken_parked,pending,True,ns2.atom.com.
fuelgrid,fuelgrid.com,taken_parked,pending,True,ns2.afternic.com.
fuelhub,fuelhub.com,taken_parked,pending,True,ns2.namefind.com.
fuelline,fuelline.com,taken_parked,pending,True,ns1.namefind.com.
fuellink,fuellink.com,taken_parked,pending,True,ns1.afternic.com.
fuelmesh,fuelmesh.com,taken_parked,pending,True,ns2.atom.com.
fuelnest,fuelnest.com,taken_parked,pending,True,nsg2.namebrightdns.com.
fuelpath,fuelpath.com,taken_parked,pending,True,ns1.afternic.com.
fuelring,fuelring.com,taken_parked,pending,True,ns2.dan.com.
fuelroute,fuelroute.com,taken_parked,pending,True,ns1.afternic.com.
fuelsignal,fuelsignal.com,taken_parked,pending,True,ns1.afternic.com.
fuelspot,fuelspot.com,taken_parked,pending,True,ns2.afternic.com.
fuelsync,fuelsync.com,taken_parked,pending,True,nsg1.namebrightdns.com.
fueltrail,fueltrail.com,taken_parked,pending,True,ns1.atom.com.
fuelunion,fuelunion.com,taken_parked,pending,True,nsg2.namebrightdns.com.
fuelwave,fuelwave.com,taken_parked,pending,True,ns2.afternic.com.
gigblend,gigblend.com,taken_parked,pending,True,ns2.atom.com.
gigbloom,gigbloom.com,taken_parked,pending,True,ns1.squadhelp.com.
gigbold,gigbold.com,taken_parked,pending,True,ns1.atom.com.
gigbond,gigbond.com,taken_parked,pending,True,ns1.afternic.com.
gigboost,gigboost.com,taken_parked,pending,True,ns2.squadhelp.com.
gigbright,gigbright.com,taken_parked,pending,True,ns1.afternic.com.
gigcircle,gigcircle.com,taken_parked,pending,True,nsg2.namebrightdns.com.
gigclear,gigclear.com,taken_parked,pending,True,nsg1.namebrightdns.com.
gigfree,gigfree.com,taken_parked,pending,True,ns2.afternic.com.
gigfresh,gigfresh.com,taken_parked,pending,True,ns1.namefind.com.
gigfuse,gigfuse.com,taken_parked,pending,True,ns1.atom.com.
giggrid,giggrid.com,taken_parked,pending,True,ns2.squadhelp.com.
giggrow,giggrow.com,taken_parked,pending,True,nsg2.namebrightdns.com.
giglane,giglane.com,taken_parked,pending,True,ns2.squadhelp.com.
giglaunch,giglaunch.com,taken_parked,pending,True,ns2.afternic.com.
giglink,giglink.com,taken_parked,pending,True,ns2.namefind.com.
gigloop,gigloop.com,taken_parked,pending,True,nsg2.namebrightdns.com.
gigmerge,gigmerge.com,taken_parked,pending,True,ns2.afternic.com.
gigmesh,gigmesh.com,taken_parked,pending,True,ns2.atom.com.
gignest,gignest.com,taken_parked,pending,True,ns2.atom.com.
gignova,gignova.com,taken_parked,pending,True,ns1.afternic.com.
gigorbit,gigorbit.com,taken_parked,pending,True,ns2.afternic.com.
gigport,gigport.com,taken_parked,pending,True,ns1.afternic.com.
gigprime,gigprime.com,taken_parked,pending,True,nsg2.namebrightdns.com.
gigpulse,gigpulse.com,taken_parked,pending,True,ns2.afternic.com.
gigpush,gigpush.com,taken_parked,pending,True,nsg1.namebrightdns.com.
gigrally,gigrally.com,taken_parked,pending,True,nsg2.namebrightdns.com.
gigring,gigring.com,taken_parked,pending,True,ns4.afternic.com.
gigrise,gigrise.com,taken_parked,pending,True,ns1.afternic.com.
gigroute,gigroute.com,taken_parked,pending,True,ns1.atom.com.
gigseed,gigseed.com,taken_parked,pending,True,nsg2.namebrightdns.com.
gigspark,gigspark.com,taken_parked,pending,True,ns2.atom.com.
gigthrive,gigthrive.com,taken_parked,pending,True,nsg2.namebrightdns.com.
gigtrail,gigtrail.com,taken_parked,pending,True,ns2.afternic.com.
gigunion,gigunion.com,taken_parked,pending,True,nsg1.namebrightdns.com.
glowalign,glowalign.com,taken_parked,pending,True,ns2.atom.com.
glowblend,glowblend.com,taken_parked,pending,True,ns2.afternic.com.
glowbond,glowbond.com,taken_parked,pending,True,nsg2.namebrightdns.com.
glowcircle,glowcircle.com,taken_parked,pending,True,ns1.dan.com.
glowdock,glowdock.com,taken_parked,pending,True,ns2.namebrightdns.com.
glowgrid,glowgrid.com,taken_parked,pending,True,ns2.afternic.com.
glowlane,glowlane.com,taken_parked,pending,True,ns2.afternic.com.
glowloop,glowloop.com,taken_parked,pending,True,nsg2.namebrightdns.com.
glowmeet,glowmeet.com,taken_parked,pending,True,ns1.afternic.com.
glowmerge,glowmerge.com,taken_parked,pending,True,ns1.squadhelp.com.
glownode,glownode.com,taken_parked,pending,True,ns2.atom.com.
glowpath,glowpath.com,taken_parked,pending,True,nsg2.namebrightdns.com.
glowport,glowport.com,taken_parked,pending,True,ns1.dan.com.
glowroute,glowroute.com,taken_parked,pending,True,nsg2.namebrightdns.com.
glowspot,glowspot.com,taken_parked,pending,True,nsg2.namebrightdns.com.
glowsync,glowsync.com,taken_parked,pending,True,nsg2.namebrightdns.com.
glowtie,glowtie.com,taken_parked,pending,True,nsg1.namebrightdns.com.
glowweave,glowweave.com,taken_parked,pending,True,ns2.squadhelp.com.
glowweb,glowweb.com,taken_parked,pending,True,nsg1.namebrightdns.com.
glowwire,glowwire.com,taken_parked,pending,True,ns1.namefind.com.
growalign,growalign.com,taken_parked,pending,True,nsg1.namebrightdns.com.
growblend,growblend.com,taken_parked,pending,True,ns2.afternic.com.
growbridge,growbridge.com,taken_parked,pending,True,ns1.sedoparking.com.
growcircle,growcircle.com,taken_parked,pending,True,ns1.afternic.com.
growcore,growcore.com,taken_parked,pending,True,ns3.afternic.com.
growecho,growecho.com,taken_parked,pending,True,ns2.atom.com.
growgrid,growgrid.com,taken_parked,pending,True,ns2.afternic.com.
growlynk,growlynk.com,taken_parked,pending,True,ns2.afternic.com.
growmeet,growmeet.com,taken_parked,pending,True,nsg2.namebrightdns.com.
growmerge,growmerge.com,taken_parked,pending,True,ns2.atom.com.
growring,growring.com,taken_parked,pending,True,ns1.afternic.com.
growsignal,growsignal.com,taken_parked,pending,True,ns1.atom.com.
growunion,growunion.com,taken_parked,pending,True,nsg1.namebrightdns.com.
growwave,growwave.com,taken_parked,pending,True,ns2.atom.com.
growweb,growweb.com,taken_parked,pending,True,nsg2.namebrightdns.com.
harborbridge,harborbridge.com,taken_parked,pending,True,ns1.atom.com.
harborcircle,harborcircle.com,taken_parked,pending,True,ns1.atom.com.
harborcore,harborcore.com,taken_parked,pending,True,nsg2.namebrightdns.com.
harbordock,harbordock.com,taken_parked,pending,True,nsg1.namebrightdns.com.
harborecho,harborecho.com,taken_parked,pending,True,ns2.afternic.com.
harborflow,harborflow.com,taken_parked,pending,True,ns1.afternic.com.
harborhub,harborhub.com,taken_parked,pending,True,nsg1.namebrightdns.com.
harbormesh,harbormesh.com,taken_parked,pending,True,ns2.atom.com.
harbornode,harbornode.com,taken_parked,pending,True,ns1.dan.com.
harborring,harborring.com,taken_parked,pending,True,ns2.afternic.com.
harborunion,harborunion.com,taken_parked,pending,True,ns2.afternic.com.
harborwire,harborwire.com,taken_parked,pending,True,ns3.afternic.com.
ignitealign,ignitealign.com,taken_parked,pending,True,ns1.squadhelp.com.
ignitebase,ignitebase.com,taken_parked,pending,True,ns5.afternic.com.
ignitebond,ignitebond.com,taken_parked,pending,True,ns2.squadhelp.com.
ignitebridge,ignitebridge.com,taken_parked,pending,True,ns2.atom.com.
ignitechain,ignitechain.com,taken_parked,pending,True,ns1.dan.com.
ignitecircle,ignitecircle.com,taken_parked,pending,True,nsg1.namebrightdns.com.
ignitecore,ignitecore.com,taken_parked,pending,True,ns1.atom.com.
ignitefuse,ignitefuse.com,taken_parked,pending,True,ns1.squadhelp.com.
ignitegrid,ignitegrid.com,taken_parked,pending,True,ns2.squadhelp.com.
ignitehub,ignitehub.com,taken_parked,pending,True,ns2.afternic.com.
ignitelane,ignitelane.com,taken_parked,pending,True,ns2.atom.com.
igniteline,igniteline.com,taken_parked,pending,True,ns5.afternic.com.
ignitemesh,ignitemesh.com,taken_parked,pending,True,ns1.afternic.com.
ignitepath,ignitepath.com,taken_parked,pending,True,nsg1.namebrightdns.com.
igniteroute,igniteroute.com,taken_parked,pending,True,ns1.squadhelp.com.
ignitetrail,ignitetrail.com,taken_parked,pending,True,ns1.atom.com.
ignitewave,ignitewave.com,taken_parked,pending,True,ns2.afternic.com.
ignitewire,ignitewire.com,taken_parked,pending,True,ns1.afternic.com.
indieblend,indieblend.com,taken_parked,pending,True,ns1.afternic.com.
indiebridge,indiebridge.com,taken_parked,pending,True,ns2.afternic.com.
indiecircle,indiecircle.com,taken_parked,pending,True,domain-for-sale.hugedomainsdns.com.
indiecore,indiecore.com,taken_parked,pending,True,forsale.hugedomainsdns.com.
indiedash,indiedash.com,taken_parked,pending,True,ns1.afternic.com.
indiedrive,indiedrive.com,taken_parked,pending,True,ns2.afternic.com.
indieflow,indieflow.com,taken_parked,pending,True,ns2.afternic.com.
indiefree,indiefree.com,taken_parked,pending,True,nsg2.namebrightdns.com.
indieglow,indieglow.com,taken_parked,pending,True,ns2.afternic.com.
indiegrid,indiegrid.com,taken_parked,pending,True,ns2.afternic.com.
indieignite,indieignite.com,taken_parked,pending,True,nsg2.namebrightdns.com.
indieline,indieline.com,taken_parked,pending,True,nsg2.namebrightdns.com.
indielink,indielink.com,taken_parked,pending,True,ns2.squadhelp.com.
indiemesh,indiemesh.com,taken_parked,pending,True,nsg1.namebrightdns.com.
indienest,indienest.com,taken_parked,pending,True,ns2.afternic.com.
indienet,indienet.com,taken_parked,pending,True,ns1.afternic.com.
indienode,indienode.com,taken_parked,pending,True,ns2.afternic.com.
indieopen,indieopen.com,taken_parked,pending,True,ns1.afternic.com.
indieorbit,indieorbit.com,taken_parked,pending,True,ns1.afternic.com.
indiepath,indiepath.com,taken_parked,pending,True,ns2.afternic.com.
indieport,indieport.com,taken_parked,pending,True,ns1.namefind.com.
indiepure,indiepure.com,taken_parked,pending,True,ns6.afternic.com.
indiepush,indiepush.com,taken_parked,pending,True,nsg1.namebrightdns.com.
indieroot,indieroot.com,taken_parked,pending,True,ns1.afternic.com.
indiesync,indiesync.com,taken_parked,pending,True,ns1.afternic.com.
indiethrive,indiethrive.com,taken_parked,pending,True,nsg2.namebrightdns.com.
indietrail,indietrail.com,taken_parked,pending,True,nsg1.namebrightdns.com.
indieunion,indieunion.com,taken_parked,pending,True,nsg1.namebrightdns.com.
launchalign,launchalign.com,taken_parked,pending,True,ns2.atom.com.
launchblend,launchblend.com,taken_parked,pending,True,ns2.afternic.com.
launchcore,launchcore.com,taken_parked,pending,True,ns2.atom.com.
launchdock,launchdock.com,taken_parked,pending,True,ns2.squadhelp.com.
launchlink,launchlink.com,taken_parked,pending,True,ns2.namefind.com.
launchmeet,launchmeet.com,taken_parked,pending,True,ns1.afternic.com.
launchnest,launchnest.com,taken_parked,pending,True,ns1.squadhelp.com.
launchnode,launchnode.com,taken_parked,pending,True,ns1.afternic.com.
launchrelay,launchrelay.com,taken_parked,pending,True,ns2.afternic.com.
launchtrail,launchtrail.com,taken_parked,pending,True,ns2.afternic.com.
launchwave,launchwave.com,taken_parked,pending,True,ns2.afternic.com.
launchweb,launchweb.com,taken_parked,pending,True,ns5.afternic.com.
liftalign,liftalign.com,taken_parked,pending,True,nsg2.namebrightdns.com.
liftbase,liftbase.com,taken_parked,pending,True,nsg1.namebrightdns.com.
liftbond,liftbond.com,taken_parked,pending,True,ns1.afternic.com.
liftcircle,liftcircle.com,taken_parked,pending,True,ns2.afternic.com.
liftdock,liftdock.com,taken_parked,pending,True,ns2.afternic.com.
liftflow,liftflow.com,taken_parked,pending,True,nsg1.namebrightdns.com.
liftfuse,liftfuse.com,taken_parked,pending,True,ns1.atom.com.
lifthub,lifthub.com,taken_parked,pending,True,ns1.afternic.com.
liftlink,liftlink.com,taken_parked,pending,True,ns2.namefind.com.
liftmesh,liftmesh.com,taken_parked,pending,True,ns1.afternic.com.
liftsignal,liftsignal.com,taken_parked,pending,True,ns2.afternic.com.
liftsync,liftsync.com,taken_parked,pending,True,nsg2.namebrightdns.com.
livealign,livealign.com,taken_parked,pending,True,ns2.afternic.com.
liveblend,liveblend.com,taken_parked,pending,True,nsg1.namebrightdns.com.
livebloom,livebloom.com,taken_parked,pending,True,ns2.afternic.com.
livebond,livebond.com,taken_parked,pending,True,ns6.afternic.com.
liveboost,liveboost.com,taken_parked,pending,True,ns2.namefind.com.
livebrave,livebrave.com,taken_parked,pending,True,ns2.afternic.com.
liveflame,liveflame.com,taken_parked,pending,True,ns4.afternic.com.
livefuel,livefuel.com,taken_parked,pending,True,ns3.afternic.com.
livefuse,livefuse.com,taken_parked,pending,True,ns1.sedoparking.com.
liveglow,liveglow.com,taken_parked,pending,True,nsg2.namebrightdns.com.
livegrow,livegrow.com,taken_parked,pending,True,ns1.afternic.com.
liveharbor,liveharbor.com,taken_parked,pending,True,ns1.squadhelp.com.
livemeet,livemeet.com,taken_parked,pending,True,ns2.afternic.com.
livemerge,livemerge.com,taken_parked,pending,True,ns1.afternic.com.
livenest,livenest.com,taken_parked,pending,True,forsale.hugedomainsdns.com.
liveopen,liveopen.com,taken_parked,pending,True,ns2.atom.com.
liveorbit,liveorbit.com,taken_parked,pending,True,ns6.afternic.com.
livepeak,livepeak.com,taken_parked,pending,True,ns6.afternic.com.
liveprime,liveprime.com,taken_parked,pending,True,ns2.atom.com.
liverapid,liverapid.com,taken_parked,pending,True,ns2.atom.com.
liverise,liverise.com,taken_parked,pending,True,ns1.afternic.com.
liveroot,liveroot.com,taken_parked,pending,True,nsg1.namebrightdns.com.
liveseed,liveseed.com,taken_parked,pending,True,ns2.squadhelp.com.
liveshine,liveshine.com,taken_parked,pending,True,nsg2.namebrightdns.com.
liveswift,liveswift.com,taken_parked,pending,True,nsg2.namebrightdns.com.
livetrail,livetrail.com,taken_parked,pending,True,ns2.afternic.com.
livevivid,livevivid.com,taken_parked,pending,True,nsg2.namebrightdns.com.
lynkcore,lynkcore.com,taken_parked,pending,True,nsg2.namebrightdns.com.
lynklaunch,lynklaunch.com,taken_parked,pending,True,nsg1.namebrightdns.com.
lynknetwork,lynknetwork.com,taken_parked,pending,True,nsg1.namebrightdns.com.
lynkos,lynkos.com,taken_parked,pending,True,ns2.afternic.com.
nestalign,nestalign.com,taken_parked,pending,True,ns2.squadhelp.com.
nestblend,nestblend.com,taken_parked,pending,True,ns2.afternic.com.
nestchain,nestchain.com,taken_parked,pending,True,ns2.afternic.com.
nestcore,nestcore.com,taken_parked,pending,True,ns2.squadhelp.com.
nestfuse,nestfuse.com,taken_parked,pending,True,ns2.squadhelp.com.
nestgrid,nestgrid.com,taken_parked,pending,True,domain-for-sale.hugedomainsdns.com.
nestline,nestline.com,taken_parked,pending,True,nsg1.namebrightdns.com.
nestmeet,nestmeet.com,taken_parked,pending,True,ns18.domaincontrol.com.
nestmerge,nestmerge.com,taken_parked,pending,True,ns1.squadhelp.com.
nestmesh,nestmesh.com,taken_parked,pending,True,ns2.atom.com.
nestnest,nestnest.com,taken_parked,pending,True,forsale.hugedomainsdns.com.
nestnode,nestnode.com,taken_parked,pending,True,ns2.afternic.com.
nestpath,nestpath.com,taken_parked,pending,True,ns2.afternic.com.
nestroute,nestroute.com,taken_parked,pending,True,nsg2.namebrightdns.com.
nestspot,nestspot.com,taken_parked,pending,True,nsg1.namebrightdns.com.
nestsync,nestsync.com,taken_parked,pending,True,ns2.atom.com.
nestwire,nestwire.com,taken_parked,pending,True,nsg2.namebrightdns.com.
novaalign,novaalign.com,taken_parked,pending,True,nsg2.namebrightdns.com.
novablend,novablend.com,taken_parked,pending,True,ns2.sedoparking.com.
novabond,novabond.com,taken_parked,pending,True,ns2.namefind.com.
novadock,novadock.com,taken_parked,pending,True,ns2.atom.com.
novagather,novagather.com,taken_parked,pending,True,ns1.squadhelp.com.
novaknit,novaknit.com,taken_parked,pending,True,nsg2.namebrightdns.com.
novameet,novameet.com,taken_parked,pending,True,nsg2.namebrightdns.com.
novanest,novanest.com,taken_parked,pending,True,ns2.atom.com.
novarelay,novarelay.com,taken_parked,pending,True,ns2.atom.com.
novaroute,novaroute.com,taken_parked,pending,True,ns2.squadhelp.com.
novasync,novasync.com,taken_parked,pending,True,ns1.namebrightdns.com.
novatie,novatie.com,taken_parked,pending,True,nsg2.namebrightdns.com.
novatrail,novatrail.com,taken_parked,pending,True,nsg1.namebrightdns.com.
novaweb,novaweb.com,taken_parked,pending,True,ns2.sedoparking.com.
novawire,novawire.com,taken_parked,pending,True,ns2.afternic.com.
openfuse,openfuse.com,taken_parked,pending,True,nsg2.namebrightdns.com.
opengather,opengather.com,taken_parked,pending,True,nsg2.namebrightdns.com.
openjoin,openjoin.com,taken_parked,pending,True,ns2.afternic.com.
openmerge,openmerge.com,taken_parked,pending,True,ns1.atom.com.
opentie,opentie.com,taken_parked,pending,True,domain-for-sale.hugedomainsdns.com.
openunion,openunion.com,taken_parked,pending,True,ns2.atom.com.
orbitalign,orbitalign.com,taken_parked,pending,True,ns2.squadhelp.com.
orbitbase,orbitbase.com,taken_parked,pending,True,ns1.dan.com.
orbitbond,orbitbond.com,taken_parked,pending,True,ns1.afternic.com.
orbitbridge,orbitbridge.com,taken_parked,pending,True,ns1.squadhelp.com.
orbitchain,orbitchain.com,taken_parked,pending,True,ns1.squadhelp.com.
orbitcircle,orbitcircle.com,taken_parked,pending,True,ns1.atom.com.
orbitdock,orbitdock.com,taken_parked,pending,True,ns1.squadhelp.com.
orbitecho,orbitecho.com,taken_parked,pending,True,ns1.afternic.com.
orbitflow,orbitflow.com,taken_parked,pending,True,ns2.afternic.com.
orbitfuse,orbitfuse.com,taken_parked,pending,True,ns1.squadhelp.com.
orbithub,orbithub.com,taken_parked,pending,True,nsg2.namebrightdns.com.
orbitline,orbitline.com,taken_parked,pending,True,ns1.afternic.com.
orbitlink,orbitlink.com,taken_parked,pending,True,ns2.afternic.com.
orbitmesh,orbitmesh.com,taken_parked,pending,True,ns1.afternic.com.
orbitnode,orbitnode.com,taken_parked,pending,True,ns1.afternic.com.
orbitport,orbitport.com,taken_parked,pending,True,ns5.afternic.com.
orbitsignal,orbitsignal.com,taken_parked,pending,True,ns2.afternic.com.
orbittrail,orbittrail.com,taken_parked,pending,True,ns1.afternic.com.
orbitunion,orbitunion.com,taken_parked,pending,True,ns2.atom.com.
orbitwave,orbitwave.com,taken_parked,pending,True,nsg1.namebrightdns.com.
orbitweave,orbitweave.com,taken_parked,pending,True,ns2.atom.com.
orbitweb,orbitweb.com,taken_parked,pending,True,ns2.afternic.com.
ownbloom,ownbloom.com,taken_parked,pending,True,ns2.atom.com.
ownbond,ownbond.com,taken_parked,pending,True,nsg2.namebrightdns.com.
ownbridge,ownbridge.com,taken_parked,pending,True,nsg2.namebrightdns.com.
ownbuild,ownbuild.com,taken_parked,pending,True,nsg1.namebrightdns.com.
ownchain,ownchain.com,taken_parked,pending,True,ns1.atom.com.
owncircle,owncircle.com,taken_parked,pending,True,domain-for-sale.hugedomainsdns.com.
owndash,owndash.com,taken_parked,pending,True,nsg2.namebrightdns.com.
ownfree,ownfree.com,taken_parked,pending,True,ns2.afternic.com.
ownfresh,ownfresh.com,taken_parked,pending,True,ns1.atom.com.
ownfuel,ownfuel.com,taken_parked,pending,True,ns2.atom.com.
ownglow,ownglow.com,taken_parked,pending,True,nsg2.namebrightdns.com.
owngrid,owngrid.com,taken_parked,pending,True,ns2.sedoparking.com.
ownhub,ownhub.com,taken_parked,pending,True,nsg2.namebrightdns.com.
ownlift,ownlift.com,taken_parked,pending,True,ns2.atom.com.
ownlink,ownlink.com,taken_parked,pending,True,ns1.sedoparking.com.
ownmesh,ownmesh.com,taken_parked,pending,True,ns1.afternic.com.
ownnest,ownnest.com,taken_parked,pending,True,nsg2.namebrightdns.com.
ownport,ownport.com,taken_parked,pending,True,domain-for-sale.hugedomainsdns.com.
ownpure,ownpure.com,taken_parked,pending,True,ns1.afternic.com.
ownpush,ownpush.com,taken_parked,pending,True,ns2.afternic.com.
ownrise,ownrise.com,taken_parked,pending,True,ns2.atom.com.
ownroute,ownroute.com,taken_parked,pending,True,ns2.atom.com.
ownscale,ownscale.com,taken_parked,pending,True,ns2.dan.com.
ownseed,ownseed.com,taken_parked,pending,True,ns1.afternic.com.
ownshine,ownshine.com,taken_parked,pending,True,nsg1.namebrightdns.com.
ownsignal,ownsignal.com,taken_parked,pending,True,ns1.atom.com.
ownswift,ownswift.com,taken_parked,pending,True,ns2.atom.com.
owntrue,owntrue.com,taken_parked,pending,True,nsg2.namebrightdns.com.
ownwire,ownwire.com,taken_parked,pending,True,ns2.squadhelp.com.
peakalign,peakalign.com,taken_parked,pending,True,ns1.afternic.com.
peakbase,peakbase.com,taken_parked,pending,True,nsg2.namebrightdns.com.
peakblend,peakblend.com,taken_parked,pending,True,ns1.squadhelp.com.
peakbond,peakbond.com,taken_parked,pending,True,ns2.atom.com.
peakcircle,peakcircle.com,taken_parked,pending,True,ns1.squadhelp.com.
peakdock,peakdock.com,taken_parked,pending,True,ns1.atom.com.
peakecho,peakecho.com,taken_parked,pending,True,ns1.squadhelp.com.
peakgrid,peakgrid.com,taken_parked,pending,True,ns2.afternic.com.
peakhub,peakhub.com,taken_parked,pending,True,ns5.afternic.com.
peaklane,peaklane.com,taken_parked,pending,True,ns1.afternic.com.
peakmeet,peakmeet.com,taken_parked,pending,True,nsg1.namebrightdns.com.
peakmerge,peakmerge.com,taken_parked,pending,True,nsg1.namebrightdns.com.
peaknode,peaknode.com,taken_parked,pending,True,ns2.afternic.com.
peakroute,peakroute.com,taken_parked,pending,True,ns2.squadhelp.com.
peakweave,peakweave.com,taken_parked,pending,True,ns1.afternic.com.
primebond,primebond.com,taken_parked,pending,True,ns2.atom.com.
primechain,primechain.com,taken_parked,pending,True,ns2.afternic.com.
primeecho,primeecho.com,taken_parked,pending,True,ns1.afternic.com.
primefuse,primefuse.com,taken_parked,pending,True,ns1.afternic.com.
primeknit,primeknit.com,taken_parked,pending,True,nsg2.namebrightdns.com.
primeloop,primeloop.com,taken_parked,pending,True,nsg1.namebrightdns.com.
primemerge,primemerge.com,taken_parked,pending,True,ns1.squadhelp.com.
primemesh,primemesh.com,taken_parked,pending,True,ns1.afternic.com.
primenode,primenode.com,taken_parked,pending,True,nsg2.namebrightdns.com.
primeport,primeport.com,taken_parked,pending,True,ns1.dan.com.
primering,primering.com,taken_parked,pending,True,nsg2.namebrightdns.com.
primesignal,primesignal.com,taken_parked,pending,True,ns2.afternic.com.
primesync,primesync.com,taken_parked,pending,True,ns3.afternic.com.
primetie,primetie.com,taken_parked,pending,True,nsg2.namebrightdns.com.
primetrail,primetrail.com,taken_parked,pending,True,ns2.atom.com.
primeweb,primeweb.com,taken_parked,pending,True,ns2.namefind.com.
pulsebase,pulsebase.com,taken_parked,pending,True,ns1.squadhelp.com.
pulsecircle,pulsecircle.com,taken_parked,pending,True,nsg2.namebrightdns.com.
pulsedock,pulsedock.com,taken_parked,pending,True,ns2.afternic.com.
pulseecho,pulseecho.com,taken_parked,pending,True,ns1.atom.com.
pulsefuse,pulsefuse.com,taken_parked,pending,True,ns2.afternic.com.
pulsejoin,pulsejoin.com,taken_parked,pending,True,nsg1.namebrightdns.com.
pulseloop,pulseloop.com,taken_parked,pending,True,ns2.afternic.com.
pulsemerge,pulsemerge.com,taken_parked,pending,True,ns1.afternic.com.
pulsemesh,pulsemesh.com,taken_parked,pending,True,nsg2.namebrightdns.com.
pulseport,pulseport.com,taken_parked,pending,True,ns3.afternic.com.
pulseroute,pulseroute.com,taken_parked,pending,True,nsg1.namebrightdns.com.
pulsespot,pulsespot.com,taken_parked,pending,True,ns2.afternic.com.
pulseweave,pulseweave.com,taken_parked,pending,True,ns1.afternic.com.
purealign,purealign.com,taken_parked,pending,True,ns1.namebrightdns.com.
puredock,puredock.com,taken_parked,pending,True,ns4.afternic.com.
purefuse,purefuse.com,taken_parked,pending,True,domain-for-sale.hugedomainsdns.com.
puregrid,puregrid.com,taken_parked,pending,True,nsg1.namebrightdns.com.
puremeet,puremeet.com,taken_parked,pending,True,ns2.afternic.com.
purering,purering.com,taken_parked,pending,True,nsg1.namebrightdns.com.
puretie,puretie.com,taken_parked,pending,True,nsg1.namebrightdns.com.
pureunion,pureunion.com,taken_parked,pending,True,nsg1.namebrightdns.com.
pushblend,pushblend.com,taken_parked,pending,True,nsg1.namebrightdns.com.
pushbridge,pushbridge.com,taken_parked,pending,True,ns2.afternic.com.
pushchain,pushchain.com,taken_parked,pending,True,ns1.afternic.com.
pushdock,pushdock.com,taken_parked,pending,True,ns2.afternic.com.
pushflow,pushflow.com,taken_parked,pending,True,ns1.afternic.com.
pushgrid,pushgrid.com,taken_parked,pending,True,nsg1.namebrightdns.com.
pushhub,pushhub.com,taken_parked,pending,True,ns2.afternic.com.
pushlane,pushlane.com,taken_parked,pending,True,nsg2.namebrightdns.com.
pushloop,pushloop.com,taken_parked,pending,True,forsale.hugedomainsdns.com.
pushmeet,pushmeet.com,taken_parked,pending,True,ns1.atom.com.
pushmesh,pushmesh.com,taken_parked,pending,True,nsg1.namebrightdns.com.
pushroute,pushroute.com,taken_parked,pending,True,ns2.atom.com.
pushsignal,pushsignal.com,taken_parked,pending,True,ns2.sedoparking.com.
pushsync,pushsync.com,taken_parked,pending,True,ns4.afternic.com.
pushtrail,pushtrail.com,taken_parked,pending,True,ns1.afternic.com.
pushweb,pushweb.com,taken_parked,pending,True,ns1.namefind.com.
pushwire,pushwire.com,taken_parked,pending,True,nsg2.namebrightdns.com.
rallybase,rallybase.com,taken_parked,pending,True,ns2.atom.com.
rallyline,rallyline.com,taken_parked,pending,True,ns1.namefind.com.
rallymeet,rallymeet.com,taken_parked,pending,True,ns2.afternic.com.
rallypath,rallypath.com,taken_parked,pending,True,ns1.afternic.com.
rallyroute,rallyroute.com,taken_parked,pending,True,nsg1.namebrightdns.com.
rallysignal,rallysignal.com,taken_parked,pending,True,ns1.afternic.com.
rallysync,rallysync.com,taken_parked,pending,True,ns1.afternic.com.
rallytrail,rallytrail.com,taken_parked,pending,True,ns1.atom.com.
rallyunion,rallyunion.com,taken_parked,pending,True,nsg1.namebrightdns.com.
rallywave,rallywave.com,taken_parked,pending,True,ns2.afternic.com.
rallyweb,rallyweb.com,taken_parked,pending,True,ns1.namefind.com.
rallywire,rallywire.com,taken_parked,pending,True,nsg1.namebrightdns.com.
rapidblend,rapidblend.com,taken_parked,pending,True,ns1.afternic.com.
rapidbond,rapidbond.com,taken_parked,pending,True,ns4.afternic.com.
rapidbridge,rapidbridge.com,taken_parked,pending,True,ns1.afternic.com.
rapidchain,rapidchain.com,taken_parked,pending,True,ns5.afternic.com.
rapiddock,rapiddock.com,taken_parked,pending,True,ns2.afternic.com.
rapidflow,rapidflow.com,taken_parked,pending,True,ns6.afternic.com.
rapidlane,rapidlane.com,taken_parked,pending,True,nsg1.namebrightdns.com.
rapidlynk,rapidlynk.com,taken_parked,pending,True,ns2.afternic.com.
rapidmerge,rapidmerge.com,taken_parked,pending,True,ns1.atom.com.
rapidnest,rapidnest.com,taken_parked,pending,True,ns1.atom.com.
rapidport,rapidport.com,taken_parked,pending,True,nsg2.namebrightdns.com.
rapidrelay,rapidrelay.com,taken_parked,pending,True,ns3.afternic.com.
rapidsignal,rapidsignal.com,taken_parked,pending,True,ns5.afternic.com.
rapidsync,rapidsync.com,taken_parked,pending,True,ns1.sedoparking.com.
rapidtrail,rapidtrail.com,taken_parked,pending,True,ns1.afternic.com.
rapidunion,rapidunion.com,taken_parked,pending,True,ns2.afternic.com.
risealign,risealign.com,taken_parked,pending,True,nsg1.namebrightdns.com.
risebase,risebase.com,taken_parked,pending,True,ns1.afternic.com.
risebond,risebond.com,taken_parked,pending,True,ns1.atom.com.
risecircle,risecircle.com,taken_parked,pending,True,nsg1.namebrightdns.com.
risecore,risecore.com,taken_parked,pending,True,ns1.afternic.com.
risedock,risedock.com,taken_parked,pending,True,ns1.atom.com.
risefuse,risefuse.com,taken_parked,pending,True,ns4.afternic.com.
risegrid,risegrid.com,taken_parked,pending,True,ns1.squadhelp.com.
risehub,risehub.com,taken_parked,pending,True,ns1.atom.com.
riselane,riselane.com,taken_parked,pending,True,ns2.afternic.com.
riseloop,riseloop.com,taken_parked,pending,True,ns2.atom.com.
risemeet,risemeet.com,taken_parked,pending,True,nsg2.namebrightdns.com.
risemerge,risemerge.com,taken_parked,pending,True,nsg1.namebrightdns.com.
risemesh,risemesh.com,taken_parked,pending,True,ns1.atom.com.
risenest,risenest.com,taken_parked,pending,True,ns1.squadhelp.com.
risenet,risenet.com,taken_parked,pending,True,ns3.afternic.com.
riseport,riseport.com,taken_parked,pending,True,ns2.atom.com.
riserelay,riserelay.com,taken_parked,pending,True,ns1.atom.com.
risering,risering.com,taken_parked,pending,True,ns1.afternic.com.
riseroute,riseroute.com,taken_parked,pending,True,ns1.squadhelp.com.
risetrail,risetrail.com,taken_parked,pending,True,ns1.afternic.com.
riseweb,riseweb.com,taken_parked,pending,True,ns2.afternic.com.
rootbond,rootbond.com,taken_parked,pending,True,ns3.afternic.com.
rootcircle,rootcircle.com,taken_parked,pending,True,ns2.squadhelp.com.
rootcore,rootcore.com,taken_parked,pending,True,ns2.afternic.com.
rootflow,rootflow.com,taken_parked,pending,True,ns2.afternic.com.
rootloop,rootloop.com,taken_parked,pending,True,nsg2.namebrightdns.com.
rootmeet,rootmeet.com,taken_parked,pending,True,nsg2.namebrightdns.com.
rootmesh,rootmesh.com,taken_parked,pending,True,nsg1.namebrightdns.com.
rootsignal,rootsignal.com,taken_parked,pending,True,ns2.afternic.com.
rootunion,rootunion.com,taken_parked,pending,True,domain-for-sale.hugedomainsdns.com.
scalealign,scalealign.com,taken_parked,pending,True,ns1.afternic.com.
scaleblend,scaleblend.com,taken_parked,pending,True,ns1.squadhelp.com.
scalechain,scalechain.com,taken_parked,pending,True,ns4.afternic.com.
scalecore,scalecore.com,taken_parked,pending,True,ns1.squadhelp.com.
scaleecho,scaleecho.com,taken_parked,pending,True,ns1.atom.com.
scalemerge,scalemerge.com,taken_parked,pending,True,ns2.squadhelp.com.
scalemesh,scalemesh.com,taken_parked,pending,True,ns1.afternic.com.
scalenest,scalenest.com,taken_parked,pending,True,ns3.afternic.com.
scaleport,scaleport.com,taken_parked,pending,True,nsg1.namebrightdns.com.
scaletrail,scaletrail.com,taken_parked,pending,True,nsg1.namebrightdns.com.
scaleweb,scaleweb.com,taken_parked,pending,True,ns2.atom.com.
sceneblend,sceneblend.com,taken_parked,pending,True,nsg1.namebrightdns.com.
sceneboost,sceneboost.com,taken_parked,pending,True,ns2.atom.com.
sceneclear,sceneclear.com,taken_parked,pending,True,nsg1.namebrightdns.com.
scenedash,scenedash.com,taken_parked,pending,True,nsg1.namebrightdns.com.
scenedock,scenedock.com,taken_parked,pending,True,domain-for-sale.hugedomainsdns.com.
sceneforge,sceneforge.com,taken_parked,pending,True,ns2.atom.com.
scenelink,scenelink.com,taken_parked,pending,True,ns2.afternic.com.
sceneloop,sceneloop.com,taken_parked,pending,True,ns1.afternic.com.
scenemesh,scenemesh.com,taken_parked,pending,True,ns2.afternic.com.
scenenet,scenenet.com,taken_parked,pending,True,nsg1.namebrightdns.com.
scenepath,scenepath.com,taken_parked,pending,True,ns1.atom.com.
scenepulse,scenepulse.com,taken_parked,pending,True,ns2.afternic.com.
sceneshine,sceneshine.com,taken_parked,pending,True,ns1.afternic.com.
sceneweb,sceneweb.com,taken_parked,pending,True,ns2.namefind.com.
scenewire,scenewire.com,taken_parked,pending,True,nsg1.namebrightdns.com.
seedblend,seedblend.com,taken_parked,pending,True,ns1.squadhelp.com.
seedbond,seedbond.com,taken_parked,pending,True,ns1.afternic.com.
seedfuse,seedfuse.com,taken_parked,pending,True,ns1.afternic.com.
seedgrid,seedgrid.com,taken_parked,pending,True,ns2.afternic.com.
seedlane,seedlane.com,taken_parked,pending,True,ns1.afternic.com.
seedmeet,seedmeet.com,taken_parked,pending,True,ns4.afternic.com.
seedmesh,seedmesh.com,taken_parked,pending,True,nsg2.namebrightdns.com.
seedpath,seedpath.com,taken_parked,pending,True,ns2.afternic.com.
seedport,seedport.com,taken_parked,pending,True,forsale.hugedomainsdns.com.
seedring,seedring.com,taken_parked,pending,True,ns2.dan.com.
seedsync,seedsync.com,taken_parked,pending,True,ns1.afternic.com.
seedunion,seedunion.com,taken_parked,pending,True,ns4.afternic.com.
seedwave,seedwave.com,taken_parked,pending,True,ns2.squadhelp.com.
seedweave,seedweave.com,taken_parked,pending,True,ns1.afternic.com.
shinealign,shinealign.com,taken_parked,pending,True,ns2.atom.com.
shinebase,shinebase.com,taken_parked,pending,True,nsg2.namebrightdns.com.
shineblend,shineblend.com,taken_parked,pending,True,ns2.afternic.com.
shinebridge,shinebridge.com,taken_parked,pending,True,nsg1.namebrightdns.com.
shinecircle,shinecircle.com,taken_parked,pending,True,nsg1.namebrightdns.com.
shinecore,shinecore.com,taken_parked,pending,True,domain-for-sale.hugedomainsdns.com.
shineflow,shineflow.com,taken_parked,pending,True,nsg2.namebrightdns.com.
shinefuse,shinefuse.com,taken_parked,pending,True,nsg1.namebrightdns.com.
shinegrid,shinegrid.com,taken_parked,pending,True,ns5.afternic.com.
shinejoin,shinejoin.com,taken_parked,pending,True,nsg2.namebrightdns.com.
shinelane,shinelane.com,taken_parked,pending,True,ns2.afternic.com.
shinemeet,shinemeet.com,taken_parked,pending,True,ns1.afternic.com.
shinenest,shinenest.com,taken_parked,pending,True,ns1.squadhelp.com.
shinenet,shinenet.com,taken_parked,pending,True,ns1.atom.com.
shinenode,shinenode.com,taken_parked,pending,True,ns1.afternic.com.
shinepath,shinepath.com,taken_parked,pending,True,nsg1.namebrightdns.com.
shineport,shineport.com,taken_parked,pending,True,ns2.afternic.com.
shinetrail,shinetrail.com,taken_parked,pending,True,ns2.atom.com.
shineunion,shineunion.com,taken_parked,pending,True,nsg2.namebrightdns.com.
shineweave,shineweave.com,taken_parked,pending,True,nsg1.namebrightdns.com.
soarbase,soarbase.com,taken_parked,pending,True,nsg1.namebrightdns.com.
soarline,soarline.com,taken_parked,pending,True,ns1.atom.com.
soarpath,soarpath.com,taken_parked,pending,True,ns1.atom.com.
soarport,soarport.com,taken_parked,pending,True,ns2.atom.com.
soarring,soarring.com,taken_parked,pending,True,ns4.afternic.com.
soarspot,soarspot.com,taken_parked,pending,True,ns2.atom.com.
soarwave,soarwave.com,taken_parked,pending,True,nsg1.namebrightdns.com.
sparkalign,sparkalign.com,taken_parked,pending,True,ns1.afternic.com.
sparkbond,sparkbond.com,taken_parked,pending,True,ns2.afternic.com.
sparkcircle,sparkcircle.com,taken_parked,pending,True,ns2.sedoparking.com.
sparkecho,sparkecho.com,taken_parked,pending,True,ns4.afternic.com.
sparkfuse,sparkfuse.com,taken_parked,pending,True,ns2.afternic.com.
sparkgather,sparkgather.com,taken_parked,pending,True,nsg2.namebrightdns.com.
sparkjoin,sparkjoin.com,taken_parked,pending,True,ns1.afternic.com.
sparkmerge,sparkmerge.com,taken_parked,pending,True,ns1.squadhelp.com.
sparkport,sparkport.com,taken_parked,pending,True,ns1.afternic.com.
sparkrelay,sparkrelay.com,taken_parked,pending,True,ns1.afternic.com.
sparksignal,sparksignal.com,taken_parked,pending,True,ns2.afternic.com.
sparksync,sparksync.com,taken_parked,pending,True,ns3.afternic.com.
sparkunion,sparkunion.com,taken_parked,pending,True,nsg2.namebrightdns.com.
stagealign,stagealign.com,taken_parked,pending,True,ns1.atom.com.
stagebright,stagebright.com,taken_parked,pending,True,ns1.afternic.com.
stagebuild,stagebuild.com,taken_parked,pending,True,ns4.afternic.com.
stagechain,stagechain.com,taken_parked,pending,True,ns1.atom.com.
stagedash,stagedash.com,taken_parked,pending,True,ns1.afternic.com.
stagedrive,stagedrive.com,taken_parked,pending,True,ns1.afternic.com.
stageflow,stageflow.com,taken_parked,pending,True,ns1.sedoparking.com.
stagefree,stagefree.com,taken_parked,pending,True,forsale.hugedomainsdns.com.
stageglow,stageglow.com,taken_parked,pending,True,nsg2.namebrightdns.com.
stagegrid,stagegrid.com,taken_parked,pending,True,ns1.atom.com.
stagegrow,stagegrow.com,taken_parked,pending,True,nsg2.namebrightdns.com.
stagelane,stagelane.com,taken_parked,pending,True,ns1.afternic.com.
stagelaunch,stagelaunch.com,taken_parked,pending,True,ns6.afternic.com.
stageloop,stageloop.com,taken_parked,pending,True,ns1.namebrightdns.com.
stagemeet,stagemeet.com,taken_parked,pending,True,ns3.afternic.com.
stagepeak,stagepeak.com,taken_parked,pending,True,ns1.atom.com.
stageprime,stageprime.com,taken_parked,pending,True,nsg2.namebrightdns.com.
stagepure,stagepure.com,taken_parked,pending,True,ns2.squadhelp.com.
stagerally,stagerally.com,taken_parked,pending,True,nsg2.namebrightdns.com.
stagering,stagering.com,taken_parked,pending,True,ns1.afternic.com.
stageroute,stageroute.com,taken_parked,pending,True,ns2.afternic.com.
stageseed,stageseed.com,taken_parked,pending,True,ns1.atom.com.
stageshine,stageshine.com,taken_parked,pending,True,ns1.afternic.com.
stagespark,stagespark.com,taken_parked,pending,True,ns1.atom.com.
stagesurge,stagesurge.com,taken_parked,pending,True,ns2.atom.com.
stagesync,stagesync.com,taken_parked,pending,True,ns1.atom.com.
supportcore,supportcore.com,taken_parked,pending,True,forsale.hugedomainsdns.com.
supportdash,supportdash.com,taken_parked,pending,True,nsg2.namebrightdns.com.
supportdrive,supportdrive.com,taken_parked,pending,True,ns2.afternic.com.
supportflow,supportflow.com,taken_parked,pending,True,ns2.afternic.com.
supportfuel,supportfuel.com,taken_parked,pending,True,ns1.atom.com.
supportline,supportline.com,taken_parked,pending,True,ns3.afternic.com.
supportlink,supportlink.com,taken_parked,pending,True,ns1.afternic.com.
supportloop,supportloop.com,taken_parked,pending,True,ns5.afternic.com.
supportmesh,supportmesh.com,taken_parked,pending,True,nsg1.namebrightdns.com.
supportnest,supportnest.com,taken_parked,pending,True,ns2.atom.com.
supportopen,supportopen.com,taken_parked,pending,True,nsg2.namebrightdns.com.
supportorbit,supportorbit.com,taken_parked,pending,True,ns1.afternic.com.
supportpeak,supportpeak.com,taken_parked,pending,True,nsg1.namebrightdns.com.
supportport,supportport.com,taken_parked,pending,True,ns1.afternic.com.
supportprime,supportprime.com,taken_parked,pending,True,nsg2.namebrightdns.com.
supportpulse,supportpulse.com,taken_parked,pending,True,nsg1.namebrightdns.com.
supportpure,supportpure.com,taken_parked,pending,True,ns4.afternic.com.
supportrelay,supportrelay.com,taken_parked,pending,True,ns1.afternic.com.
supportrise,supportrise.com,taken_parked,pending,True,nsg1.namebrightdns.com.
supportroute,supportroute.com,taken_parked,pending,True,ns2.atom.com.
supporttrue,supporttrue.com,taken_parked,pending,True,ns2.namebrightdns.com.
supportunion,supportunion.com,taken_parked,pending,True,nsg2.namebrightdns.com.
surgealign,surgealign.com,taken_parked,pending,True,ns1.atom.com.
surgebase,surgebase.com,taken_parked,pending,True,ns1.afternic.com.
surgechain,surgechain.com,taken_parked,pending,True,ns3.afternic.com.
surgecore,surgecore.com,taken_parked,pending,True,ns2.afternic.com.
surgedock,surgedock.com,taken_parked,pending,True,ns2.atom.com.
surgeecho,surgeecho.com,taken_parked,pending,True,ns1.afternic.com.
surgehub,surgehub.com,taken_parked,pending,True,ns1.atom.com.
surgelane,surgelane.com,taken_parked,pending,True,ns1.atom.com.
surgeloop,surgeloop.com,taken_parked,pending,True,nsg1.namebrightdns.com.
surgemerge,surgemerge.com,taken_parked,pending,True,ns2.squadhelp.com.
surgenest,surgenest.com,taken_parked,pending,True,ns2.afternic.com.
surgenode,surgenode.com,taken_parked,pending,True,ns2.afternic.com.
surgepath,surgepath.com,taken_parked,pending,True,ns1.atom.com.
surgeroute,surgeroute.com,taken_parked,pending,True,ns1.atom.com.
surgesignal,surgesignal.com,taken_parked,pending,True,ns2.atom.com.
surgespot,surgespot.com,taken_parked,pending,True,ns2.afternic.com.
surgesync,surgesync.com,taken_parked,pending,True,nsg2.namebrightdns.com.
surgetrail,surgetrail.com,taken_parked,pending,True,ns1.atom.com.
surgewave,surgewave.com,taken_parked,pending,True,nsg3.namebrightdns.com.
swiftalign,swiftalign.com,taken_parked,pending,True,ns1.afternic.com.
swiftblend,swiftblend.com,taken_parked,pending,True,ns4.afternic.com.
swiftbond,swiftbond.com,taken_parked,pending,True,ns1.squadhelp.com.
swiftchain,swiftchain.com,taken_parked,pending,True,nsg1.namebrightdns.com.
swiftdock,swiftdock.com,taken_parked,pending,True,nsg1.namebrightdns.com.
swiftmeet,swiftmeet.com,taken_parked,pending,True,ns2.atom.com.
swiftnet,swiftnet.com,taken_parked,pending,True,ns1.sedoparking.com.
swiftport,swiftport.com,taken_parked,pending,True,nsg1.namebrightdns.com.
swiftrelay,swiftrelay.com,taken_parked,pending,True,ns2.afternic.com.
swiftring,swiftring.com,taken_parked,pending,True,nsg1.namebrightdns.com.
swiftsync,swiftsync.com,taken_parked,pending,True,ns1.afternic.com.
swifttrail,swifttrail.com,taken_parked,pending,True,ns1.squadhelp.com.
swiftunion,swiftunion.com,taken_parked,pending,True,nsg1.namebrightdns.com.
swiftweave,swiftweave.com,taken_parked,pending,True,ns1.atom.com.
swiftwire,swiftwire.com,taken_parked,pending,True,ns1.namefind.com.
thrivebase,thrivebase.com,taken_parked,pending,True,ns6.afternic.com.
thriveblend,thriveblend.com,taken_parked,pending,True,ns2.squadhelp.com.
thrivecore,thrivecore.com,taken_parked,pending,True,ns2.afternic.com.
thrivedock,thrivedock.com,taken_parked,pending,True,ns6.afternic.com.
thriveecho,thriveecho.com,taken_parked,pending,True,ns2.afternic.com.
thrivefuse,thrivefuse.com,taken_parked,pending,True,ns2.atom.com.
thrivegather,thrivegather.com,taken_parked,pending,True,ns2.squadhelp.com.
thrivelane,thrivelane.com,taken_parked,pending,True,ns5.afternic.com.
thriveloop,thriveloop.com,taken_parked,pending,True,ns1.atom.com.
thrivemeet,thrivemeet.com,taken_parked,pending,True,ns1.squadhelp.com.
thrivemerge,thrivemerge.com,taken_parked,pending,True,ns2.atom.com.
thrivemesh,thrivemesh.com,taken_parked,pending,True,ns1.atom.com.
thrivenest,thrivenest.com,taken_parked,pending,True,ns2.squadhelp.com.
thrivenode,thrivenode.com,taken_parked,pending,True,ns2.afternic.com.
thrivering,thrivering.com,taken_parked,pending,True,nsg1.namebrightdns.com.
thrivespot,thrivespot.com,taken_parked,pending,True,nsg2.namebrightdns.com.
thrivesync,thrivesync.com,taken_parked,pending,True,ns2.afternic.com.
thrivetrail,thrivetrail.com,taken_parked,pending,True,ns2.atom.com.
thrivewave,thrivewave.com,taken_parked,pending,True,ns1.namefind.com.
thrivewire,thrivewire.com,taken_parked,pending,True,ns1.afternic.com.
tribealign,tribealign.com,taken_parked,pending,True,ns2.squadhelp.com.
tribebloom,tribebloom.com,taken_parked,pending,True,ns1.atom.com.
tribebond,tribebond.com,taken_parked,pending,True,ns2.atom.com.
tribebridge,tribebridge.com,taken_parked,pending,True,nsg1.namebrightdns.com.
tribebright,tribebright.com,taken_parked,pending,True,nsg1.namebrightdns.com.
tribechain,tribechain.com,taken_parked,pending,True,ns4.afternic.com.
tribecircle,tribecircle.com,taken_parked,pending,True,ns1.atom.com.
tribecore,tribecore.com,taken_parked,pending,True,nsg1.namebrightdns.com.
tribeforge,tribeforge.com,taken_parked,pending,True,ns1.afternic.com.
tribefree,tribefree.com,taken_parked,pending,True,ns1.afternic.com.
tribefresh,tribefresh.com,taken_parked,pending,True,nsg1.namebrightdns.com.
tribefuse,tribefuse.com,taken_parked,pending,True,ns1.atom.com.
tribeglow,tribeglow.com,taken_parked,pending,True,ns1.squadhelp.com.
tribegrid,tribegrid.com,taken_parked,pending,True,nsg2.namebrightdns.com.
tribeignite,tribeignite.com,taken_parked,pending,True,nsg1.namebrightdns.com.
tribelane,tribelane.com,taken_parked,pending,True,ns1.atom.com.
tribelaunch,tribelaunch.com,taken_parked,pending,True,nsg1.namebrightdns.com.
tribeline,tribeline.com,taken_parked,pending,True,ns1.atom.com.
tribemeet,tribemeet.com,taken_parked,pending,True,ns2.afternic.com.
tribenest,tribenest.com,taken_parked,pending,True,nsg2.namebrightdns.com.
tribenet,tribenet.com,taken_parked,pending,True,ns1.namefind.com.
tribenova,tribenova.com,taken_parked,pending,True,ns1.squadhelp.com.
tribepeak,tribepeak.com,taken_parked,pending,True,ns2.atom.com.
tribeprime,tribeprime.com,taken_parked,pending,True,nsg2.namebrightdns.com.
triberise,triberise.com,taken_parked,pending,True,ns2.afternic.com.
triberoot,triberoot.com,taken_parked,pending,True,ns2.squadhelp.com.
tribeseed,tribeseed.com,taken_parked,pending,True,ns1.afternic.com.
tribesignal,tribesignal.com,taken_parked,pending,True,ns2.atom.com.
tribespark,tribespark.com,taken_parked,pending,True,nsg2.namebrightdns.com.
tribespot,tribespot.com,taken_parked,pending,True,ns1.afternic.com.
tribethrive,tribethrive.com,taken_parked,pending,True,nsg2.namebrightdns.com.
tribetie,tribetie.com,taken_parked,pending,True,ns1.squadhelp.com.
tribetrail,tribetrail.com,taken_parked,pending,True,ns1.afternic.com.
tribeunion,tribeunion.com,taken_parked,pending,True,domain-for-sale.hugedomainsdns.com.
tribewave,tribewave.com,taken_parked,pending,True,ns2.afternic.com.
truealign,truealign.com,taken_parked,pending,True,ns3.afternic.com.
truedock,truedock.com,taken_parked,pending,True,nsg1.namebrightdns.com.
truefuse,truefuse.com,taken_parked,pending,True,ns1.squadhelp.com.
truegather,truegather.com,taken_parked,pending,True,nsg2.namebrightdns.com.
truelane,truelane.com,taken_parked,pending,True,ns1.afternic.com.
trueloop,trueloop.com,taken_parked,pending,True,ns4.afternic.com.
truemeet,truemeet.com,taken_parked,pending,True,ns1.afternic.com.
truemerge,truemerge.com,taken_parked,pending,True,ns2.atom.com.
truerelay,truerelay.com,taken_parked,pending,True,ns2.atom.com.
truetrail,truetrail.com,taken_parked,pending,True,ns1.namefind.com.
truewave,truewave.com,taken_parked,pending,True,ns5.afternic.com.
truewire,truewire.com,taken_parked,pending,True,ns1.namefind.com.
venuebeacon,venuebeacon.com,taken_parked,pending,True,ns1.afternic.com.
venueboost,venueboost.com,taken_parked,pending,True,ns2.afternic.com.
venuebridge,venuebridge.com,taken_parked,pending,True,nsg1.namebrightdns.com.
venuecircle,venuecircle.com,taken_parked,pending,True,ns1.sedoparking.com.
venuecore,venuecore.com,taken_parked,pending,True,ns2.afternic.com.
venuedash,venuedash.com,taken_parked,pending,True,ns2.afternic.com.
venuefuse,venuefuse.com,taken_parked,pending,True,ns1.atom.com.
venuelane,venuelane.com,taken_parked,pending,True,ns1.afternic.com.
venuelink,venuelink.com,taken_parked,pending,True,ns2.namefind.com.
venuemesh,venuemesh.com,taken_parked,pending,True,ns2.afternic.com.
venuepeak,venuepeak.com,taken_parked,pending,True,nsg2.namebrightdns.com.
venueprime,venueprime.com,taken_parked,pending,True,nsg2.namebrightdns.com.
venuepulse,venuepulse.com,taken_parked,pending,True,ns1.atom.com.
venuepure,venuepure.com,taken_parked,pending,True,ns3.afternic.com.
venueseed,venueseed.com,taken_parked,pending,True,ns2.afternic.com.
venuesync,venuesync.com,taken_parked,pending,True,ns4.afternic.com.
vividchain,vividchain.com,taken_parked,pending,True,ns1.afternic.com.
vividfuse,vividfuse.com,taken_parked,pending,True,ns1.squadhelp.com.
vividknit,vividknit.com,taken_parked,pending,True,ns1.afternic.com.
vividlane,vividlane.com,taken_parked,pending,True,ns1.afternic.com.
vividloop,vividloop.com,taken_parked,pending,True,ns1.afternic.com.
vividmerge,vividmerge.com,taken_parked,pending,True,ns1.squadhelp.com.
vividmesh,vividmesh.com,taken_parked,pending,True,ns1.afternic.com.
vividnest,vividnest.com,taken_parked,pending,True,ns1.squadhelp.com.
vividpath,vividpath.com,taken_parked,pending,True,ns1.atom.com.
vividport,vividport.com,taken_parked,pending,True,nsg2.namebrightdns.com.
vividtrail,vividtrail.com,taken_parked,pending,True,ns2.afternic.com.
vividunion,vividunion.com,taken_parked,pending,True,ns3.afternic.com.
vividweave,vividweave.com,taken_parked,pending,True,ns2.afternic.com.
wavelynk,wavelynk.com,taken_parked,pending,True,ns5.afternic.com.
