name,weighted_score,available,dns_status,growth_link,category
anchornect,5.0,True,likely_available,True,growth_connection
apexnect,5.0,True,likely_available,True,growth_connection
bloomlynk,5.0,True,likely_available,True,growth_connection
bloomnect,5.0,True,likely_available,True,growth_connection
boldlynk,5.0,True,likely_available,True,growth_connection
boldnect,5.0,True,likely_available,True,growth_connection
boostnect,5.0,True,likely_available,True,growth_connection
bravelynk,5.0,True,likely_available,True,growth_connection
bravenect,5.0,True,likely_available,True,growth_connection
brightnect,5.0,True,likely_available,True,growth_connection
catalymesh,5.0,True,likely_available,True,growth_connection
catalynect,5.0,True,likely_available,True,growth_connection
createlynk,5.0,True,likely_available,True,blend
creatlynk,5.0,True,likely_available,True,blend
creatorlynk,5.0,True,likely_available,True,audience_connection
dashnect,5.0,True,likely_available,True,growth_connection
elevalynk,5.0,True,likely_available,True,blend
elevlynk,5.0,True,likely_available,True,growth_connection
elevmesh,5.0,True,likely_available,True,growth_connection
elevnect,5.0,True,likely_available,True,growth_connection
flamelynk,5.0,True,likely_available,True,growth_connection
flamemesh,5.0,True,likely_available,True,growth_connection
flamenect,5.0,True,likely_available,True,growth_connection
flourlynk,5.0,True,likely_available,True,growth_connection
flourmesh,5.0,True,likely_available,True,growth_connection
flournect,5.0,True,likely_available,True,growth_connection
forgenect,5.0,True,likely_available,True,growth_connection
fuelnect,5.0,True,likely_available,True,growth_connection
giglynk,5.0,True,likely_available,True,audience_connection
glowlynk,5.0,True,likely_available,True,growth_connection
glownect,5.0,True,likely_available,True,growth_connection
harborlynk,5.0,True,likely_available,True,growth_connection
harbornect,5.0,True,likely_available,True,growth_connection
ignitelynk,5.0,True,likely_available,True,growth_connection
ignitenect,5.0,True,likely_available,True,growth_connection
launchlynk,5.0,True,likely_available,True,growth_connection
launchnect,5.0,True,likely_available,True,growth_connection
liftnect,5.0,True,likely_available,True,growth_connection
livelynk,5.0,True,likely_available,True,audience_connection
lynkstage,5.0,True,likely_available,True,blend
nectlynk,5.0,True,likely_available,True,blend
nestnect,5.0,True,likely_available,True,growth_connection
orbitnect,5.0,True,likely_available,True,growth_connection
ownlynk,5.0,True,likely_available,True,audience_connection
peaklynk,5.0,True,likely_available,True,growth_connection
peaknect,5.0,True,likely_available,True,growth_connection
primelynk,5.0,True,likely_available,True,growth_connection
primenect,5.0,True,likely_available,True,growth_connection
pulsenect,5.0,True,likely_available,True,growth_connection
pushnect,5.0,True,likely_available,True,growth_connection
rallylynk,5.0,True,likely_available,True,growth_connection
rallymesh,5.0,True,likely_available,True,growth_connection
rallynect,5.0,True,likely_available,True,growth_connection
rapidnect,5.0,True,likely_available,True,growth_connection
risenect,5.0,True,likely_available,True,growth_connection
rootnect,5.0,True,likely_available,True,growth_connection
scalelynk,5.0,True,likely_available,True,growth_connection
scenelynk,5.0,True,likely_available,True,audience_connection
shinelynk,5.0,True,likely_available,True,growth_connection
shinenect,5.0,True,likely_available,True,growth_connection
signallynk,5.0,True,likely_available,True,blend
soarlynk,5.0,True,likely_available,True,growth_connection
soarnect,5.0,True,likely_available,True,growth_connection
sparklynk,5.0,True,likely_available,True,growth_connection
surgelynk,5.0,True,likely_available,True,growth_connection
surgenect,5.0,True,likely_available,True,growth_connection
swiftnect,5.0,True,likely_available,True,growth_connection
thrivelynk,5.0,True,likely_available,True,growth_connection
thrivenect,5.0,True,likely_available,True,growth_connection
truenect,5.0,True,likely_available,True,growth_connection
unitylynk,5.0,True,likely_available,True,blend
venuelynk,5.0,True,likely_available,True,audience_connection
vividlynk,5.0,True,likely_available,True,growth_connection
vividnect,5.0,True,likely_available,True,growth_connection
lynkecho,4.95,True,likely_available,True,blend
lynkfan,4.95,True,likely_available,True,blend
lynkfirst,4.95,True,likely_available,True,blend
lynkgig,4.95,True,likely_available,True,blend
lynkgrow,4.95,True,likely_available,True,blend
lynkhome,4.95,True,likely_available,True,blend
lynkown,4.95,True,likely_available,True,blend
lynkshow,4.95,True,likely_available,True,blend
lynkunity,4.95,True,likely_available,True,blend
lynkvenue,4.95,True,likely_available,True,blend
anchordock,4.945,True,likely_available,True,growth_connection
anchorjoin,4.945,True,likely_available,True,growth_connection
anchorline,4.945,True,likely_available,True,growth_connection
apexgather,4.945,True,likely_available,True,growth_connection
apexknit,4.945,True,likely_available,True,growth_connection
apextie,4.945,True,likely_available,True,growth_connection
beaconjoin,4.945,True,likely_available,True,growth_connection
beaconknit,4.945,True,likely_available,True,growth_connection
beaconsync,4.945,True,likely_available,True,growth_connection
beacontie,4.945,True,likely_available,True,growth_connection
beaconweb,4.945,True,likely_available,True,growth_connection
boldgather,4.945,True,likely_available,True,growth_connection
boldjoin,4.945,True,likely_available,True,growth_connection
boldknit,4.945,True,likely_available,True,growth_connection
boldwave,4.945,True,likely_available,True,growth_connection
boostjoin,4.945,True,likely_available,True,growth_connection
boostknit,4.945,True,likely_available,True,growth_connection
boostweave,4.945,True,likely_available,True,growth_connection
bravedock,4.945,True,likely_available,True,growth_connection
bravefuse,4.945,True,likely_available,True,growth_connection
bravemeet,4.945,True,likely_available,True,growth_connection
braverelay,4.945,True,likely_available,True,growth_connection
bravetie,4.945,True,likely_available,True,growth_connection
braveweave,4.945,True,likely_available,True,growth_connection
brightbase,4.945,True,likely_available,True,growth_connection
brightjoin,4.945,True,likely_available,True,growth_connection
brightknit,4.945,True,likely_available,True,growth_connection
brightnode,4.945,True,likely_available,True,growth_connection
buildblend,4.945,True,likely_available,True,growth_connection
buildgrid,4.945,True,likely_available,True,growth_connection
buildjoin,4.945,True,likely_available,True,growth_connection
buildknit,4.945,True,likely_available,True,growth_connection
buildpath,4.945,True,likely_available,True,growth_connection
buildsync,4.945,True,likely_available,True,growth_connection
buildtie,4.945,True,likely_available,True,growth_connection
catalybond,4.945,True,likely_available,True,growth_connection
catalydock,4.945,True,likely_available,True,growth_connection
catalyecho,4.945,True,likely_available,True,growth_connection
catalyflow,4.945,True,likely_available,True,growth_connection
catalygrid,4.945,True,likely_available,True,growth_connection
catalyhub,4.945,True,likely_available,True,growth_connection
catalyjoin,4.945,True,likely_available,True,growth_connection
catalyknit,4.945,True,likely_available,True,growth_connection
catalyloop,4.945,True,likely_available,True,growth_connection
catalymeet,4.945,True,likely_available,True,growth_connection
catalynest,4.945,True,likely_available,True,growth_connection
catalynet,4.945,True,likely_available,True,growth_connection
catalypath,4.945,True,likely_available,True,growth_connection
catalyport,4.945,True,likely_available,True,growth_connection
catalyring,4.945,True,likely_available,True,growth_connection
catalyspot,4.945,True,likely_available,True,growth_connection
catalysync,4.945,True,likely_available,True,growth_connection
catalytie,4.945,True,likely_available,True,growth_connection
clearbase,4.945,True,likely_available,True,growth_connection
cleartrail,4.945,True,likely_available,True,growth_connection
crowdlink,4.945,True,likely_available,True,audience_connection
dashgather,4.945,True,likely_available,True,growth_connection
dashknit,4.945,True,likely_available,True,growth_connection
dashunion,4.945,True,likely_available,True,growth_connection
drivejoin,4.945,True,likely_available,True,growth_connection
driveknit,4.945,True,likely_available,True,growth_connection
drivelink,4.945,True,likely_available,True,growth_connection
drivemerge,4.945,True,likely_available,True,growth_connection
drivenet,4.945,True,likely_available,True,growth_connection
drivetie,4.945,True,likely_available,True,growth_connection
driveweave,4.945,True,likely_available,True,growth_connection
elevalign,4.945,True,likely_available,True,growth_connection
elevbase,4.945,True,likely_available,True,growth_connection
elevblend,4.945,True,likely_available,True,growth_connection
elevbond,4.945,True,likely_available,True,growth_connection
elevbridge,4.945,True,likely_available,True,growth_connection
elevchain,4.945,True,likely_available,True,growth_connection
elevcircle,4.945,True,likely_available,True,growth_connection
elevdock,4.945,True,likely_available,True,growth_connection
elevecho,4.945,True,likely_available,True,growth_connection
elevfuse,4.945,True,likely_available,True,growth_connection
elevgather,4.945,True,likely_available,True,growth_connection
elevjoin,4.945,True,likely_available,True,growth_connection
elevknit,4.945,True,likely_available,True,growth_connection
elevlane,4.945,True,likely_available,True,growth_connection
elevline,4.945,True,likely_available,True,growth_connection
elevlink,4.945,True,likely_available,True,growth_connection
elevloop,4.945,True,likely_available,True,growth_connection
elevmeet,4.945,True,likely_available,True,growth_connection
elevmerge,4.945,True,likely_available,True,growth_connection
elevnode,4.945,True,likely_available,True,growth_connection
elevport,4.945,True,likely_available,True,growth_connection
elevrelay,4.945,True,likely_available,True,growth_connection
elevring,4.945,True,likely_available,True,growth_connection
elevroute,4.945,True,likely_available,True,growth_connection
elevsignal,4.945,True,likely_available,True,growth_connection
elevspot,4.945,True,likely_available,True,growth_connection
elevsync,4.945,True,likely_available,True,growth_connection
elevtie,4.945,True,likely_available,True,growth_connection
elevtrail,4.945,True,likely_available,True,growth_connection
elevunion,4.945,True,likely_available,True,growth_connection
elevwave,4.945,True,likely_available,True,growth_connection
elevweave,4.945,True,likely_available,True,growth_connection
elevwire,4.945,True,likely_available,True,growth_connection
flamealign,4.945,True,likely_available,True,growth_connection
flameblend,4.945,True,likely_available,True,growth_connection
flamegrid,4.945,True,likely_available,True,growth_connection
flamejoin,4.945,True,likely_available,True,growth_connection
flameknit,4.945,True,likely_available,True,growth_connection
flamemeet,4.945,True,likely_available,True,growth_connection
flametie,4.945,True,likely_available,True,growth_connection
flameunion,4.945,True,likely_available,True,growth_connection
flouralign,4.945,True,likely_available,True,growth_connection
flourblend,4.945,True,likely_available,True,growth_connection
flourchain,4.945,True,likely_available,True,growth_connection
flourcore,4.945,True,likely_available,True,growth_connection
flourdock,4.945,True,likely_available,True,growth_connection
flourecho,4.945,True,likely_available,True,growth_connection
flourfuse,4.945,True,likely_available,True,growth_connection
flourgrid,4.945,True,likely_available,True,growth_connection
flourjoin,4.945,True,likely_available,True,growth_connection
flourknit,4.945,True,likely_available,True,growth_connection
flourlink,4.945,True,likely_available,True,growth_connection
flourloop,4.945,True,likely_available,True,growth_connection
flourmeet,4.945,True,likely_available,True,growth_connection
flourmerge,4.945,True,likely_available,True,growth_connection
flournet,4.945,True,likely_available,True,growth_connection
flournode,4.945,True,likely_available,True,growth_connection
flourpath,4.945,True,likely_available,True,growth_connection
flourport,4.945,True,likely_available,True,growth_connection
flourspot,4.945,True,likely_available,True,growth_connection
floursync,4.945,True,likely_available,True,growth_connection
flourtie,4.945,True,likely_available,True,growth_connection
flourtrail,4.945,True,likely_available,True,growth_connection
flourwave,4.945,True,likely_available,True,growth_connection
flourweave,4.945,True,likely_available,True,growth_connection
flourweb,4.945,True,likely_available,True,growth_connection
flourwire,4.945,True,likely_available,True,growth_connection
forgealign,4.945,True,likely_available,True,growth_connection
forgejoin,4.945,True,likely_available,True,growth_connection
forgeknit,4.945,True,likely_available,True,growth_connection
forgeport,4.945,True,likely_available,True,growth_connection
forgetie,4.945,True,likely_available,True,growth_connection
freelane,4.945,True,likely_available,True,growth_connection
freeline,4.945,True,likely_available,True,growth_connection
freshlane,4.945,True,likely_available,True,growth_connection
freshmeet,4.945,True,likely_available,True,growth_connection
freshpath,4.945,True,likely_available,True,growth_connection
freshwave,4.945,True,likely_available,True,growth_connection
fuelalign,4.945,True,likely_available,True,growth_connection
fuelgather,4.945,True,likely_available,True,growth_connection
fueljoin,4.945,True,likely_available,True,growth_connection
fuelknit,4.945,True,likely_available,True,growth_connection
fuelmerge,4.945,True,likely_available,True,growth_connection
fueltie,4.945,True,likely_available,True,growth_connection
fuelweb,4.945,True,likely_available,True,growth_connection
growchain,4.945,True,likely_available,True,growth_connection
growknit,4.945,True,likely_available,True,growth_connection
growlane,4.945,True,likely_available,True,growth_connection
growrelay,4.945,True,likely_available,True,growth_connection
harborfuse,4.945,True,likely_available,True,growth_connection
harborjoin,4.945,True,likely_available,True,growth_connection
harborknit,4.945,True,likely_available,True,growth_connection
harbormeet,4.945,True,likely_available,True,growth_connection
harbortie,4.945,True,likely_available,True,growth_connection
igniteecho,4.945,True,likely_available,True,growth_connection
ignitejoin,4.945,True,likely_available,True,growth_connection
igniteknit,4.945,True,likely_available,True,growth_connection
ignitemeet,4.945,True,likely_available,True,growth_connection
ignitering,4.945,True,likely_available,True,growth_connection
ignitetie,4.945,True,likely_available,True,growth_connection
launchjoin,4.945,True,likely_available,True,growth_connection
launchknit,4.945,True,likely_available,True,growth_connection
launchsync,4.945,True,likely_available,True,growth_connection
launchtie,4.945,True,likely_available,True,growth_connection
liftblend,4.945,True,likely_available,True,growth_connection
liftgather,4.945,True,likely_available,True,growth_connection
liftjoin,4.945,True,likely_available,True,growth_connection
liftknit,4.945,True,likely_available,True,growth_connection
liftlane,4.945,True,likely_available,True,growth_connection
liftmerge,4.945,True,likely_available,True,growth_connection
liftnode,4.945,True,likely_available,True,growth_connection
liftweave,4.945,True,likely_available,True,growth_connection
nestjoin,4.945,True,likely_available,True,growth_connection
nestring,4.945,True,likely_available,True,growth_connection
novaunion,4.945,True,likely_available,True,growth_connection
novawave,4.945,True,likely_available,True,growth_connection
orbitjoin,4.945,True,likely_available,True,growth_connection
orbitknit,4.945,True,likely_available,True,growth_connection
orbitmerge,4.945,True,likely_available,True,growth_connection
peakflow,4.945,True,likely_available,True,growth_connection
peaktie,4.945,True,likely_available,True,growth_connection
peaktrail,4.945,True,likely_available,True,growth_connection
peakwave,4.945,True,likely_available,True,growth_connection
primemeet,4.945,True,likely_available,True,growth_connection
primewave,4.945,True,likely_available,True,growth_connection
pulseknit,4.945,True,likely_available,True,growth_connection
pulseline,4.945,True,likely_available,True,growth_connection
pulsetie,4.945,True,likely_available,True,growth_connection
pulsetrail,4.945,True,likely_available,True,growth_connection
pulsewire,4.945,True,likely_available,True,growth_connection
purerelay,4.945,True,likely_available,True,growth_connection
pushalign,4.945,True,likely_available,True,growth_connection
pushbase,4.945,True,likely_available,True,growth_connection
pushbond,4.945,True,likely_available,True,growth_connection
pushgather,4.945,True,likely_available,True,growth_connection
pushjoin,4.945,True,likely_available,True,growth_connection
pushnest,4.945,True,likely_available,True,growth_connection
pushtie,4.945,True,likely_available,True,growth_connection
pushweave,4.945,True,likely_available,True,growth_connection
rapidbase,4.945,True,likely_available,True,growth_connection
rapidecho,4.945,True,likely_available,True,growth_connection
rapidtie,4.945,True,likely_available,True,growth_connection
rapidwave,4.945,True,likely_available,True,growth_connection
rapidweb,4.945,True,likely_available,True,growth_connection
riseflow,4.945,True,likely_available,True,growth_connection
risegather,4.945,True,likely_available,True,growth_connection
risetie,4.945,True,likely_available,True,growth_connection
rootalign,4.945,True,likely_available,True,growth_connection
rootgather,4.945,True,likely_available,True,growth_connection
rootjoin,4.945,True,likely_available,True,growth_connection
rootknit,4.945,True,likely_available,True,growth_connection
rootlink,4.945,True,likely_available,True,growth_connection
rootring,4.945,True,likely_available,True,growth_connection
rootweave,4.945,True,likely_available,True,growth_connection
scaletie,4.945,True,likely_available,True,growth_connection
seedalign,4.945,True,likely_available,True,growth_connection
seedjoin,4.945,True,likely_available,True,growth_connection
seedknit,4.945,True,likely_available,True,growth_connection
seedlink,4.945,True,likely_available,True,growth_connection
seedmerge,4.945,True,likely_available,True,growth_connection
seedtie,4.945,True,likely_available,True,growth_connection
shinebond,4.945,True,likely_available,True,growth_connection
shineknit,4.945,True,likely_available,True,growth_connection
shinerelay,4.945,True,likely_available,True,growth_connection
soaralign,4.945,True,likely_available,True,growth_connection
soarblend,4.945,True,likely_available,True,growth_connection
soarbond,4.945,True,likely_available,True,growth_connection
soarecho,4.945,True,likely_available,True,growth_connection
soarfuse,4.945,True,likely_available,True,growth_connection
soargather,4.945,True,likely_available,True,growth_connection
soargrid,4.945,True,likely_available,True,growth_connection
soarjoin,4.945,True,likely_available,True,growth_connection
soarknit,4.945,True,likely_available,True,growth_connection
soarmeet,4.945,True,likely_available,True,growth_connection
soarmerge,4.945,True,likely_available,True,growth_connection
soarnode,4.945,True,likely_available,True,growth_connection
soartie,4.945,True,likely_available,True,growth_connection
soartrail,4.945,True,likely_available,True,growth_connection
soarweave,4.945,True,likely_available,True,growth_connection
sparknest,4.945,True,likely_available,True,growth_connection
sparkweb,4.945,True,likely_available,True,growth_connection
surgeblend,4.945,True,likely_available,True,growth_connection
surgejoin,4.945,True,likely_available,True,growth_connection
surgeknit,4.945,True,likely_available,True,growth_connection
surgemeet,4.945,True,likely_available,True,growth_connection
surgerelay,4.945,True,likely_available,True,growth_connection
surgering,4.945,True,likely_available,True,growth_connection
surgetie,4.945,True,likely_available,True,growth_connection
surgeunion,4.945,True,likely_available,True,growth_connection
surgeweave,4.945,True,likely_available,True,growth_connection
swiftspot,4.945,True,likely_available,True,growth_connection
thrivehub,4.945,True,likely_available,True,growth_connection
thrivejoin,4.945,True,likely_available,True,growth_connection
thriveknit,4.945,True,likely_available,True,growth_connection
thrivetie,4.945,True,likely_available,True,growth_connection
truechain,4.945,True,likely_available,True,growth_connection
truecore,4.945,True,likely_available,True,growth_connection
truesignal,4.945,True,likely_available,True,growth_connection
trueunion,4.945,True,likely_available,True,growth_connection
vividalign,4.945,True,likely_available,True,growth_connection
vividbond,4.945,True,likely_available,True,growth_connection
vividjoin,4.945,True,likely_available,True,growth_connection
vividmeet,4.945,True,likely_available,True,growth_connection
catalylynk,4.917,True,likely_available,True,growth_connection
boosttie,4.895,True,likely_available,True,growth_connection
clearrelay,4.895,True,likely_available,True,growth_connection
flourrelay,4.895,True,likely_available,True,growth_connection
flourring,4.895,True,likely_available,True,growth_connection
flourroute,4.895,True,likely_available,True,growth_connection
lifttie,4.895,True,likely_available,True,growth_connection
nesttie,4.895,True,likely_available,True,growth_connection
peakknit,4.895,True,likely_available,True,growth_connection
rallyalign,4.895,True,likely_available,True,growth_connection
rallyblend,4.895,True,likely_available,True,growth_connection
rallybond,4.895,True,likely_available,True,growth_connection
rallyecho,4.895,True,likely_available,True,growth_connection
rallyfuse,4.895,True,likely_available,True,growth_connection
rallyhub,4.895,True,likely_available,True,growth_connection
rallyknit,4.895,True,likely_available,True,growth_connection
rallymerge,4.895,True,likely_available,True,growth_connection
rallyrelay,4.895,True,likely_available,True,growth_connection
rallyring,4.895,True,likely_available,True,growth_connection
rallytie,4.895,True,likely_available,True,growth_connection
rallyweave,4.895,True,likely_available,True,growth_connection
roottie,4.895,True,likely_available,True,growth_connection
soarrelay,4.895,True,likely_available,True,growth_connection
soarroute,4.895,True,likely_available,True,growth_connection
sparkknit,4.895,True,likely_available,True,growth_connection
vividdock,4.895,True,likely_available,True,growth_connection
anchorlink,4.89,True,likely_available,True,growth_connection
artistlink,4.89,True,likely_available,True,audience_connection
catalylink,4.89,True,likely_available,True,growth_connection
ignitelink,4.89,True,likely_available,True,growth_connection
fanmesh,4.875,True,likely_available,False,audience_connection
supportlynk,4.873,True,likely_available,True,audience_connection
anchorblend,4.862,True,likely_available,True,growth_connection
anchorgather,4.862,True,likely_available,True,growth_connection
anchormerge,4.862,True,likely_available,True,growth_connection
beaconalign,4.862,True,likely_available,True,growth_connection
beacongather,4.862,True,likely_available,True,growth_connection
beaconmerge,4.862,True,likely_available,True,growth_connection
beaconrelay,4.862,True,likely_available,True,growth_connection
beaconweave,4.862,True,likely_available,True,growth_connection
bloomcircle,4.862,True,likely_available,True,growth_connection
bravegather,4.862,True,likely_available,True,growth_connection
brightunion,4.862,True,likely_available,True,growth_connection
catalyalign,4.862,True,likely_available,True,growth_connection
catalyblend,4.862,True,likely_available,True,growth_connection
catalychain,4.862,True,likely_available,True,growth_connection
catalytrail,4.862,True,likely_available,True,growth_connection
catalyunion,4.862,True,likely_available,True,growth_connection
flamegather,4.862,True,likely_available,True,growth_connection
flourbridge,4.862,True,likely_available,True,growth_connection
flourgather,4.862,True,likely_available,True,growth_connection
floursignal,4.862,True,likely_available,True,growth_connection
forgegather,4.862,True,likely_available,True,growth_connection
forgesignal,4.862,True,likely_available,True,growth_connection
harborblend,4.862,True,likely_available,True,growth_connection
harbormerge,4.862,True,likely_available,True,growth_connection
igniteblend,4.862,True,likely_available,True,growth_connection
igniteunion,4.862,True,likely_available,True,growth_connection
launchcircle,4.862,True,likely_available,True,growth_connection
launchmerge,4.862,True,likely_available,True,growth_connection
lynkartist,4.862,True,likely_available,True,blend
lynkorigin,4.862,True,likely_available,True,blend
orbitgather,4.862,True,likely_available,True,growth_connection
primebridge,4.862,True,likely_available,True,growth_connection
rapidgather,4.862,True,likely_available,True,growth_connection
shinegather,4.862,True,likely_available,True,growth_connection
surgegather,4.862,True,likely_available,True,growth_connection
thriverelay,4.862,True,likely_available,True,growth_connection
vividcircle,4.862,True,likely_available,True,growth_connection
vividgather,4.862,True,likely_available,True,growth_connection
creatnect,4.83,True,likely_available,False,blend
stagenect,4.83,True,likely_available,False,audience_connection
rallygather,4.812,True,likely_available,True,growth_connection
lynkcreator,4.78,True,likely_available,True,blend
catalybase,4.697,True,likely_available,True,growth_connection
catalycore,4.697,True,likely_available,True,growth_connection
catalyfuse,4.697,True,likely_available,True,growth_connection
catalylane,4.697,True,likely_available,True,growth_connection
catalyline,4.697,True,likely_available,True,growth_connection
catalynode,4.697,True,likely_available,True,growth_connection
catalywave,4.697,True,likely_available,True,growth_connection
catalywire,4.697,True,likely_available,True,growth_connection
collectlynk,4.675,True,likely_available,True,audience_connection
indienect,4.65,True,likely_available,False,audience_connection
scenenect,4.65,True,likely_available,False,audience_connection
tribenect,4.65,True,likely_available,False,audience_connection
venuenect,4.65,True,likely_available,False,audience_connection
audiolynk,4.62,True,likely_available,True,blend
catalybridge,4.615,True,likely_available,True,growth_connection
catalycircle,4.615,True,likely_available,True,growth_connection
catalygather,4.615,True,likely_available,True,growth_connection
catalymerge,4.615,True,likely_available,True,growth_connection
catalyrelay,4.615,True,likely_available,True,growth_connection
catalyroute,4.615,True,likely_available,True,growth_connection
catalysignal,4.615,True,likely_available,True,growth_connection
catalyweave,4.615,True,likely_available,True,growth_connection
ignitegather,4.615,True,likely_available,True,growth_connection
ignitemerge,4.615,True,likely_available,True,growth_connection
igniterelay,4.615,True,likely_available,True,growth_connection
igniteweave,4.615,True,likely_available,True,growth_connection
ownnect,4.605,True,likely_available,False,audience_connection
artistnect,4.57,True,likely_available,False,audience_connection
directnect,4.57,True,likely_available,False,audience_connection
artnecta,4.53,True,likely_available,False,blend
stagnecta,4.53,True,likely_available,False,blend
musiclynk,4.51,True,likely_available,True,blend
artistbase,4.495,True,likely_available,False,audience_connection
artistelev,4.495,True,likely_available,False,audience_growth
artistfuse,4.495,True,likely_available,False,audience_connection
artistknit,4.495,True,likely_available,False,audience_connection
artistopen,4.495,True,likely_available,False,audience_growth
artistsoar,4.495,True,likely_available,False,audience_growth
collectmesh,4.495,True,likely_available,False,audience_connection
creatornect,4.495,True,likely_available,False,audience_connection
creatortie,4.495,True,likely_available,False,audience_connection
crowdbrave,4.495,True,likely_available,False,audience_growth
crowdelev,4.495,True,likely_available,False,audience_growth
crowdflour,4.495,True,likely_available,False,audience_growth
crowdknit,4.495,True,likely_available,False,audience_connection
crowdmeet,4.495,True,likely_available,False,audience_connection
crowdrapid,4.495,True,likely_available,False,audience_growth
crowdvivid,4.495,True,likely_available,False,audience_growth
directelev,4.495,True,likely_available,False,audience_growth
directknit,4.495,True,likely_available,False,audience_connection
directsoar,4.495,True,likely_available,False,audience_growth
fanbrave,4.495,True,likely_available,False,audience_growth
fancataly,4.495,True,likely_available,False,audience_growth
fanclear,4.495,True,likely_available,False,audience_growth
fanelev,4.495,True,likely_available,False,audience_growth
fanflour,4.495,True,likely_available,False,audience_growth
fanknit,4.495,True,likely_available,False,audience_connection
fanmeet,4.495,True,likely_available,False,audience_connection
fanpath,4.495,True,likely_available,False,audience_connection
fanrapid,4.495,True,likely_available,False,audience_growth
fanring,4.495,True,likely_available,False,audience_connection
fanscale,4.495,True,likely_available,False,audience_growth
fansurge,4.495,True,likely_available,False,audience_growth
fanvivid,4.495,True,likely_available,False,audience_growth
gigbrave,4.495,True,likely_available,False,audience_growth
gigbuild,4.495,True,likely_available,False,audience_growth
gigcataly,4.495,True,likely_available,False,audience_growth
gigflame,4.495,True,likely_available,False,audience_growth
gigflour,4.495,True,likely_available,False,audience_growth
gigfuel,4.495,True,likely_available,False,audience_growth
gigignite,4.495,True,likely_available,False,audience_growth
gigknit,4.495,True,likely_available,False,audience_connection
gigopen,4.495,True,likely_available,False,audience_growth
gigpure,4.495,True,likely_available,False,audience_growth
gigrapid,4.495,True,likely_available,False,audience_growth
gigsoar,4.495,True,likely_available,False,audience_growth
gigtie,4.495,True,likely_available,False,audience_connection
indiebond,4.495,True,likely_available,False,audience_connection
indiebrave,4.495,True,likely_available,False,audience_growth
indieecho,4.495,True,likely_available,False,audience_connection
indieelev,4.495,True,likely_available,False,audience_growth
indieflour,4.495,True,likely_available,False,audience_growth
indiejoin,4.495,True,likely_available,False,audience_connection
indieknit,4.495,True,likely_available,False,audience_connection
indierapid,4.495,True,likely_available,False,audience_growth
indieseed,4.495,True,likely_available,False,audience_growth
indiesoar,4.495,True,likely_available,False,audience_growth
indieswift,4.495,True,likely_available,False,audience_growth
indietie,4.495,True,likely_available,False,audience_connection
indietrue,4.495,True,likely_available,False,audience_growth
indievivid,4.495,True,likely_available,False,audience_growth
indieweave,4.495,True,likely_available,False,audience_connection
liveanchor,4.495,True,likely_available,False,audience_growth
liveelev,4.495,True,likely_available,False,audience_growth
liveflour,4.495,True,likely_available,False,audience_growth
liveline,4.495,True,likely_available,False,audience_connection
livenova,4.495,True,likely_available,False,audience_growth
liveweb,4.495,True,likely_available,False,audience_connection
ownalign,4.495,True,likely_available,False,audience_connection
ownanchor,4.495,True,likely_available,False,audience_growth
ownapex,4.495,True,likely_available,False,audience_growth
ownbeacon,4.495,True,likely_available,False,audience_growth
ownblend,4.495,True,likely_available,False,audience_connection
owncataly,4.495,True,likely_available,False,audience_growth
ownelev,4.495,True,likely_available,False,audience_growth
ownflame,4.495,True,likely_available,False,audience_growth
ownflour,4.495,True,likely_available,False,audience_growth
owngather,4.495,True,likely_available,False,audience_connection
ownignite,4.495,True,likely_available,False,audience_growth
ownjoin,4.495,True,likely_available,False,audience_connection
ownmerge,4.495,True,likely_available,False,audience_connection
ownrapid,4.495,True,likely_available,False,audience_growth
ownring,4.495,True,likely_available,False,audience_connection
ownsoar,4.495,True,likely_available,False,audience_growth
ownsurge,4.495,True,likely_available,False,audience_growth
owntie,4.495,True,likely_available,False,audience_connection
ownunion,4.495,True,likely_available,False,audience_connection
ownvivid,4.495,True,likely_available,False,audience_growth
scenealign,4.495,True,likely_available,False,audience_connection
sceneapex,4.495,True,likely_available,False,audience_growth
scenebold,4.495,True,likely_available,False,audience_growth
scenebond,4.495,True,likely_available,False,audience_connection
scenebrave,4.495,True,likely_available,False,audience_growth
scenedrive,4.495,True,likely_available,False,audience_growth
sceneelev,4.495,True,likely_available,False,audience_growth
sceneflame,4.495,True,likely_available,False,audience_growth
sceneflour,4.495,True,likely_available,False,audience_growth
scenefree,4.495,True,likely_available,False,audience_growth
scenefresh,4.495,True,likely_available,False,audience_growth
scenefuel,4.495,True,likely_available,False,audience_growth
scenegrow,4.495,True,likely_available,False,audience_growth
scenejoin,4.495,True,likely_available,False,audience_connection
sceneknit,4.495,True,likely_available,False,audience_connection
scenemerge,4.495,True,likely_available,False,audience_connection
scenenova,4.495,True,likely_available,False,audience_growth
sceneprime,4.495,True,likely_available,False,audience_growth
scenepush,4.495,True,likely_available,False,audience_growth
scenerapid,4.495,True,likely_available,False,audience_growth
scenerelay,4.495,True,likely_available,False,audience_connection
scenering,4.495,True,likely_available,False,audience_connection
sceneroute,4.495,True,likely_available,False,audience_connection
scenesoar,4.495,True,likely_available,False,audience_growth
scenespot,4.495,True,likely_available,False,audience_connection
scenesync,4.495,True,likely_available,False,audience_connection
scenetie,4.495,True,likely_available,False,audience_connection
scenetrue,4.495,True,likely_available,False,audience_growth
sceneunion,4.495,True,likely_available,False,audience_connection
scenevivid,4.495,True,likely_available,False,audience_growth
stageapex,4.495,True,likely_available,False,audience_growth
stagebold,4.495,True,likely_available,False,audience_growth
stagebond,4.495,True,likely_available,False,audience_connection
stageelev,4.495,True,likely_available,False,audience_growth
stageflour,4.495,True,likely_available,False,audience_growth
stagejoin,4.495,True,likely_available,False,audience_connection
stageknit,4.495,True,likely_available,False,audience_connection
stagerapid,4.495,True,likely_available,False,audience_growth
stagesoar,4.495,True,likely_available,False,audience_growth
stagevivid,4.495,True,likely_available,False,audience_growth
tribeapex,4.495,True,likely_available,False,audience_growth
tribebold,4.495,True,likely_available,False,audience_growth
tribebrave,4.495,True,likely_available,False,audience_growth
tribeclear,4.495,True,likely_available,False,audience_growth
tribeelev,4.495,True,likely_available,False,audience_growth
tribeflour,4.495,True,likely_available,False,audience_growth
tribeknit,4.495,True,likely_available,False,audience_connection
tribeloop,4.495,True,likely_available,False,audience_connection
tribemerge,4.495,True,likely_available,False,audience_connection
tribeorbit,4.495,True,likely_available,False,audience_growth
tribepush,4.495,True,likely_available,False,audience_growth
triberapid,4.495,True,likely_available,False,audience_growth
triberelay,4.495,True,likely_available,False,audience_connection
tribeshine,4.495,True,likely_available,False,audience_growth
tribesoar,4.495,True,likely_available,False,audience_growth
tribesurge,4.495,True,likely_available,False,audience_growth
tribeswift,4.495,True,likely_available,False,audience_growth
tribevivid,4.495,True,likely_available,False,audience_growth
tribeweave,4.495,True,likely_available,False,audience_connection
venuealign,4.495,True,likely_available,False,audience_connection
venueapex,4.495,True,likely_available,False,audience_growth
venueblend,4.495,True,likely_available,False,audience_connection
venuebold,4.495,True,likely_available,False,audience_growth
venuebond,4.495,True,likely_available,False,audience_connection
venuebrave,4.495,True,likely_available,False,audience_growth
venueelev,4.495,True,likely_available,False,audience_growth
venueflame,4.495,True,likely_available,False,audience_growth
venueflour,4.495,True,likely_available,False,audience_growth
venueglow,4.495,True,likely_available,False,audience_growth
venuejoin,4.495,True,likely_available,False,audience_connection
venueknit,4.495,True,likely_available,False,audience_connection
venuemerge,4.495,True,likely_available,False,audience_connection
venuenova,4.495,True,likely_available,False,audience_growth
venueopen,4.495,True,likely_available,False,audience_growth
venuerapid,4.495,True,likely_available,False,audience_growth
venuering,4.495,True,likely_available,False,audience_connection
venueroot,4.495,True,likely_available,False,audience_growth
venuescale,4.495,True,likely_available,False,audience_growth
venuesoar,4.495,True,likely_available,False,audience_growth
venueswift,4.495,True,likely_available,False,audience_growth
venuetie,4.495,True,likely_available,False,audience_connection
venueunion,4.495,True,likely_available,False,audience_connection
venuevivid,4.495,True,likely_available,False,audience_growth
venueweave,4.495,True,likely_available,False,audience_connection
fannecta,4.485,True,likely_available,False,blend
artisttie,4.45,True,likely_available,False,audience_connection
artisttrue,4.45,True,likely_available,False,audience_growth
collectnect,4.45,True,likely_available,False,audience_connection
creatnecta,4.45,True,likely_available,False,blend
directtrue,4.45,True,likely_available,False,audience_growth
giggather,4.45,True,likely_available,False,audience_connection
indierally,4.45,True,likely_available,False,audience_growth
ownnode,4.45,True,likely_available,False,audience_connection
ownrally,4.45,True,likely_available,False,audience_growth
scenerally,4.45,True,likely_available,False,audience_growth
supporthub,4.45,True,likely_available,False,audience_connection
supportnect,4.45,True,likely_available,False,audience_connection
venuenecta,4.45,True,likely_available,False,blend
venuerally,4.45,True,likely_available,False,audience_growth
artistbeacon,4.42,True,likely_available,False,audience_growth
artistbrave,4.42,True,likely_available,False,audience_growth
artistflour,4.42,True,likely_available,False,audience_growth
artistfresh,4.42,True,likely_available,False,audience_growth
artistmerge,4.42,True,likely_available,False,audience_connection
artistrapid,4.42,True,likely_available,False,audience_growth
artistscale,4.42,True,likely_available,False,audience_growth
artistsurge,4.42,True,likely_available,False,audience_growth
artistswift,4.42,True,likely_available,False,audience_growth
artistvivid,4.42,True,likely_available,False,audience_growth
artistweave,4.42,True,likely_available,False,audience_connection
creatorelev,4.42,True,likely_available,False,audience_growth
creatorflour,4.42,True,likely_available,False,audience_growth
creatorfuse,4.42,True,likely_available,False,audience_connection
creatorknit,4.42,True,likely_available,False,audience_connection
creatorlane,4.42,True,likely_available,False,audience_connection
creatorprime,4.42,True,likely_available,False,audience_growth
creatorpure,4.42,True,likely_available,False,audience_growth
creatorshine,4.42,True,likely_available,False,audience_growth
creatorsoar,4.42,True,likely_available,False,audience_growth
creatorspot,4.42,True,likely_available,False,audience_connection
creatortrue,4.42,True,likely_available,False,audience_growth
creatorvivid,4.42,True,likely_available,False,audience_growth
crowdanchor,4.42,True,likely_available,False,audience_growth
crowdcataly,4.42,True,likely_available,False,audience_growth
directbrave,4.42,True,likely_available,False,audience_growth
directflour,4.42,True,likely_available,False,audience_growth
directgather,4.42,True,likely_available,False,audience_connection
directvivid,4.42,True,likely_available,False,audience_growth
indiebeacon,4.42,True,likely_available,False,audience_growth
indiebright,4.42,True,likely_available,False,audience_growth
indiegather,4.42,True,likely_available,False,audience_connection
scenebeacon,4.42,True,likely_available,False,audience_growth
scenebright,4.42,True,likely_available,False,audience_growth
scenegather,4.42,True,likely_available,False,audience_connection
sceneignite,4.42,True,likely_available,False,audience_growth
stagegather,4.42,True,likely_available,False,audience_connection
stageignite,4.42,True,likely_available,False,audience_growth
stagesignal,4.42,True,likely_available,False,audience_connection
tribeanchor,4.42,True,likely_available,False,audience_growth
tribebeacon,4.42,True,likely_available,False,audience_growth
tribeharbor,4.42,True,likely_available,False,audience_growth
venueanchor,4.42,True,likely_available,False,audience_growth
venuegather,4.42,True,likely_available,False,audience_connection
venuethrive,4.42,True,likely_available,False,audience_growth
collecttie,4.405,True,likely_available,False,audience_connection
supporttie,4.405,True,likely_available,False,audience_connection
artistrally,4.375,True,likely_available,False,audience_growth
artisttrail,4.375,True,likely_available,False,audience_connection
collectalign,4.375,True,likely_available,False,audience_connection
collectblend,4.375,True,likely_available,False,audience_connection
collectbloom,4.375,True,likely_available,False,audience_growth
collectbold,4.375,True,likely_available,False,audience_growth
collectbond,4.375,True,likely_available,False,audience_connection
collectbrave,4.375,True,likely_available,False,audience_growth
collectbuild,4.375,True,likely_available,False,audience_growth
collectdash,4.375,True,likely_available,False,audience_growth
collectdock,4.375,True,likely_available,False,audience_connection
collectdrive,4.375,True,likely_available,False,audience_growth
collectelev,4.375,True,likely_available,False,audience_growth
collectflame,4.375,True,likely_available,False,audience_growth
collectflour,4.375,True,likely_available,False,audience_growth
collectfuel,4.375,True,likely_available,False,audience_growth
collectfuse,4.375,True,likely_available,False,audience_connection
collectglow,4.375,True,likely_available,False,audience_growth
collectgrow,4.375,True,likely_available,False,audience_growth
collectjoin,4.375,True,likely_available,False,audience_connection
collectknit,4.375,True,likely_available,False,audience_connection
collectlift,4.375,True,likely_available,False,audience_growth
collectloop,4.375,True,likely_available,False,audience_connection
collectmeet,4.375,True,likely_available,False,audience_connection
collectmerge,4.375,True,likely_available,False,audience_connection
collectopen,4.375,True,likely_available,False,audience_growth
collectpush,4.375,True,likely_available,False,audience_growth
collectrapid,4.375,True,likely_available,False,audience_growth
collectrise,4.375,True,likely_available,False,audience_growth
collectroot,4.375,True,likely_available,False,audience_growth
collectscale,4.375,True,likely_available,False,audience_growth
collectsoar,4.375,True,likely_available,False,audience_growth
collectspark,4.375,True,likely_available,False,audience_growth
collectsurge,4.375,True,likely_available,False,audience_growth
collectunion,4.375,True,likely_available,False,audience_connection
collectvivid,4.375,True,likely_available,False,audience_growth
collectweave,4.375,True,likely_available,False,audience_connection
creatorring,4.375,True,likely_available,False,audience_connection
supportalign,4.375,True,likely_available,False,audience_connection
supportbold,4.375,True,likely_available,False,audience_growth
supportbond,4.375,True,likely_available,False,audience_connection
supportbrave,4.375,True,likely_available,False,audience_growth
supportelev,4.375,True,likely_available,False,audience_growth
supportflour,4.375,True,likely_available,False,audience_growth
supportglow,4.375,True,likely_available,False,audience_growth
supportknit,4.375,True,likely_available,False,audience_connection
supportmeet,4.375,True,likely_available,False,audience_connection
supportmerge,4.375,True,likely_available,False,audience_connection
supportrapid,4.375,True,likely_available,False,audience_growth
supportsoar,4.375,True,likely_available,False,audience_growth
supportvivid,4.375,True,likely_available,False,audience_growth
amplynk,4.345,False,taken,True,blend
catalynk,4.345,False,taken_parked,True,blend
collectrally,4.33,True,likely_available,False,audience_growth
collecttrail,4.33,True,likely_available,False,audience_connection
collecttrue,4.33,True,likely_available,False,audience_growth
supportrally,4.33,True,likely_available,False,audience_growth
supporttrail,4.33,True,likely_available,False,audience_connection
livecataly,4.27,True,likely_available,False,audience_growth
buildnect,4.235,False,taken,True,growth_connection
clearnect,4.235,False,taken_parked,True,growth_connection
drivenect,4.235,False,taken,True,growth_connection
freenect,4.235,False,taken,True,growth_connection
freshnect,4.235,False,taken,True,growth_connection
grownect,4.235,False,taken,True,growth_connection
novanect,4.235,False,taken,True,growth_connection
purenect,4.235,False,taken,True,growth_connection
scalenect,4.235,False,taken,True,growth_connection
seednect,4.235,False,taken,True,growth_connection
sparknect,4.235,False,taken,True,growth_connection
anchormesh,4.197,False,taken,True,growth_connection
apexmesh,4.197,False,taken_parked,True,growth_connection
beaconmesh,4.197,False,taken_parked,True,growth_connection
boldmesh,4.197,False,taken_parked,True,growth_connection
boostmesh,4.197,False,taken,True,growth_connection
bravemesh,4.197,False,taken,True,growth_connection
brightmesh,4.197,False,taken,True,growth_connection
buildmesh,4.197,False,taken,True,growth_connection
clearmesh,4.197,False,taken_parked,True,growth_connection
dashmesh,4.197,False,taken,True,growth_connection
drivemesh,4.197,False,taken_parked,True,growth_connection
forgemesh,4.197,False,taken_parked,True,growth_connection
freemesh,4.197,False,taken,True,growth_connection
freshmesh,4.197,False,taken_parked,True,growth_connection
fuelmesh,4.197,False,taken_parked,True,growth_connection
glowmesh,4.197,False,taken,True,growth_connection
growmesh,4.197,False,taken,True,growth_connection
harbormesh,4.197,False,taken_parked,True,growth_connection
ignitemesh,4.197,False,taken_parked,True,growth_connection
launchmesh,4.197,False,taken,True,growth_connection
liftmesh,4.197,False,taken_parked,True,growth_connection
nestmesh,4.197,False,taken_parked,True,growth_connection
novamesh,4.197,False,taken,True,growth_connection
openmesh,4.197,False,taken,True,growth_connection
orbitmesh,4.197,False,taken_parked,True,growth_connection
peakmesh,4.197,False,taken,True,growth_connection
primemesh,4.197,False,taken_parked,True,growth_connection
pulsemesh,4.197,False,taken_parked,True,growth_connection
puremesh,4.197,False,taken,True,growth_connection
pushmesh,4.197,False,taken_parked,True,growth_connection
rapidmesh,4.197,False,taken,True,growth_connection
risemesh,4.197,False,taken_parked,True,growth_connection
rootmesh,4.197,False,taken_parked,True,growth_connection
scalemesh,4.197,False,taken_parked,True,growth_connection
seedmesh,4.197,False,taken_parked,True,growth_connection
shinemesh,4.197,False,taken,True,growth_connection
soarmesh,4.197,False,taken,True,growth_connection
sparkmesh,4.197,False,taken,True,growth_connection
surgemesh,4.197,False,taken,True,growth_connection
swiftmesh,4.197,False,taken,True,growth_connection
thrivemesh,4.197,False,taken_parked,True,growth_connection
truemesh,4.197,False,taken,True,growth_connection
vividmesh,4.197,False,taken_parked,True,growth_connection
artistcataly,4.195,True,likely_available,False,audience_growth
artistignite,4.195,True,likely_available,False,audience_growth
directcataly,4.195,True,likely_available,False,audience_growth
directignite,4.195,True,likely_available,False,audience_growth
indiecataly,4.195,True,likely_available,False,audience_growth
scenecataly,4.195,True,likely_available,False,audience_growth
stagecataly,4.195,True,likely_available,False,audience_growth
tribecataly,4.195,True,likely_available,False,audience_growth
venuecataly,4.195,True,likely_available,False,audience_growth
opennect,4.186,False,taken,True,growth_connection
bloommesh,4.147,False,taken,True,growth_connection
apexlynk,4.125,False,taken,True,growth_connection
baselynk,4.125,False,taken,True,blend
boostlynk,4.125,False,taken,True,growth_connection
buildlynk,4.125,False,taken,True,growth_connection
clearlynk,4.125,False,taken,True,growth_connection
craftlynk,4.125,False,taken,True,blend
crowdlynk,4.125,False,taken,True,audience_connection
dashlynk,4.125,False,taken,True,growth_connection
drivelynk,4.125,False,taken,True,growth_connection
echolynk,4.125,False,taken,True,blend
fanlynk,4.125,False,taken,True,audience_connection
forgelynk,4.125,False,taken,True,growth_connection
freelynk,4.125,False,taken_parked,True,growth_connection
freshlynk,4.125,False,taken,True,growth_connection
growlynk,4.125,False,taken_parked,True,growth_connection
havenlynk,4.125,False,taken,True,blend
homelynk,4.125,False,taken,True,blend
indielynk,4.125,False,taken,True,audience_connection
liftlynk,4.125,False,taken,True,growth_connection
meshlynk,4.125,False,taken,True,blend
nestlynk,4.125,False,taken,True,growth_connection
nexlynk,4.125,False,taken,True,blend
novalynk,4.125,False,taken,True,growth_connection
openlynk,4.125,False,taken,True,growth_connection
orbitlynk,4.125,False,taken,True,growth_connection
pulselynk,4.125,False,taken,True,growth_connection
purelynk,4.125,False,taken,True,growth_connection
pushlynk,4.125,False,taken,True,growth_connection
rapidlynk,4.125,False,taken_parked,True,growth_connection
riselynk,4.125,False,taken,True,growth_connection
rootlynk,4.125,False,taken,True,growth_connection
seedlynk,4.125,False,taken,True,growth_connection
showlynk,4.125,False,taken,True,blend
stagelynk,4.125,False,taken,True,audience_connection
swiftlynk,4.125,False,taken,True,growth_connection
tracklynk,4.125,False,taken,True,blend
tribelynk,4.125,False,taken,True,audience_connection
truelynk,4.125,False,taken,True,growth_connection
wavelynk,4.125,False,taken_parked,True,blend
beaconnect,4.098,False,taken_parked,True,growth_connection
fuellynk,4.076,False,taken,True,growth_connection
lynkbase,4.07,False,taken,True,blend
lynkcore,4.07,False,taken_parked,True,blend
lynkforge,4.07,False,taken,True,blend
lynkhub,4.07,False,taken,True,blend
lynklive,4.07,False,taken,True,blend
lynkone,4.07,False,taken,True,blend
lynkos,4.07,False,taken_parked,True,blend
lynktrack,4.07,False,taken,True,blend
lynktribe,4.07,False,taken,True,blend
anchorbase,4.065,False,taken,True,growth_connection
anchorbond,4.065,False,taken,True,growth_connection
anchorcore,4.065,False,taken,True,growth_connection
anchorecho,4.065,False,taken,True,growth_connection
anchorflow,4.065,False,taken,True,growth_connection
anchorfuse,4.065,False,taken_parked,True,growth_connection
anchorgrid,4.065,False,taken_parked,True,growth_connection
anchorhub,4.065,False,taken,True,growth_connection
anchorknit,4.065,False,taken,True,growth_connection
anchorlane,4.065,False,taken_parked,True,growth_connection
anchorloop,4.065,False,taken_parked,True,growth_connection
anchormeet,4.065,False,taken,True,growth_connection
anchornest,4.065,False,taken_parked,True,growth_connection
anchornet,4.065,False,taken_parked,True,growth_connection
anchornode,4.065,False,taken_parked,True,growth_connection
anchorpath,4.065,False,taken,True,growth_connection
anchorport,4.065,False,taken_parked,True,growth_connection
anchorspot,4.065,False,taken_parked,True,growth_connection
anchorsync,4.065,False,taken_parked,True,growth_connection
anchortie,4.065,False,taken,True,growth_connection
anchorwave,4.065,False,taken,True,growth_connection
anchorweb,4.065,False,taken_parked,True,growth_connection
anchorwire,4.065,False,taken_parked,True,growth_connection
apexalign,4.065,False,taken,True,growth_connection
apexbase,4.065,False,taken,True,growth_connection
apexblend,4.065,False,taken,True,growth_connection
apexbond,4.065,False,taken_parked,True,growth_connection
apexbridge,4.065,False,taken_parked,True,growth_connection
apexchain,4.065,False,taken,True,growth_connection
apexcircle,4.065,False,taken_parked,True,growth_connection
apexcore,4.065,False,taken,True,growth_connection
apexdock,4.065,False,taken_parked,True,growth_connection
apexecho,4.065,False,taken,True,growth_connection
apexflow,4.065,False,taken,True,growth_connection
apexfuse,4.065,False,taken,True,growth_connection
apexgrid,4.065,False,taken_parked,True,growth_connection
apexhub,4.065,False,taken_parked,True,growth_connection
apexjoin,4.065,False,taken,True,growth_connection
apexlane,4.065,False,taken,True,growth_connection
apexline,4.065,False,taken_parked,True,growth_connection
apexlink,4.065,False,taken,True,growth_connection
apexloop,4.065,False,taken_parked,True,growth_connection
apexmeet,4.065,False,taken,True,growth_connection
apexmerge,4.065,False,taken,True,growth_connection
apexnest,4.065,False,taken,True,growth_connection
apexnet,4.065,False,taken,True,growth_connection
apexnode,4.065,False,taken,True,growth_connection
apexpath,4.065,False,taken,True,growth_connection
apexport,4.065,False,taken_parked,True,growth_connection
apexrelay,4.065,False,taken,True,growth_connection
apexring,4.065,False,taken,True,growth_connection
apexroute,4.065,False,taken,True,growth_connection
apexsignal,4.065,False,taken,True,growth_connection
apexspot,4.065,False,taken_parked,True,growth_connection
apexsync,4.065,False,taken_parked,True,growth_connection
apextrail,4.065,False,taken_parked,True,growth_connection
apexunion,4.065,False,taken,True,growth_connection
apexwave,4.065,False,taken,True,growth_connection
apexweave,4.065,False,taken,True,growth_connection
apexweb,4.065,False,taken,True,growth_connection
apexwire,4.065,False,taken,True,growth_connection
beaconbase,4.065,False,taken_parked,True,growth_connection
beaconbond,4.065,False,taken_parked,True,growth_connection
beaconcore,4.065,False,taken_parked,True,growth_connection
beacondock,4.065,False,taken_parked,True,growth_connection
beaconecho,4.065,False,taken,True,growth_connection
beaconflow,4.065,False,taken,True,growth_connection
beaconfuse,4.065,False,taken_parked,True,growth_connection
beacongrid,4.065,False,taken,True,growth_connection
beaconhub,4.065,False,taken_parked,True,growth_connection
beaconlane,4.065,False,taken_parked,True,growth_connection
beaconline,4.065,False,taken_parked,True,growth_connection
beaconloop,4.065,False,taken_parked,True,growth_connection
beaconmeet,4.065,False,taken,True,growth_connection
beaconpath,4.065,False,taken,True,growth_connection
beaconport,4.065,False,taken_parked,True,growth_connection
beaconring,4.065,False,taken,True,growth_connection
beaconspot,4.065,False,taken_parked,True,growth_connection
beaconwave,4.065,False,taken_parked,True,growth_connection
beaconwire,4.065,False,taken,True,growth_connection
bloomalign,4.065,False,taken,True,growth_connection
bloombase,4.065,False,taken,True,growth_connection
bloomblend,4.065,False,taken_parked,True,growth_connection
bloombond,4.065,False,taken,True,growth_connection
bloomchain,4.065,False,taken,True,growth_connection
bloomcore,4.065,False,taken_parked,True,growth_connection
bloomdock,4.065,False,taken_parked,True,growth_connection
bloomecho,4.065,False,taken_parked,True,growth_connection
bloomflow,4.065,False,taken,True,growth_connection
bloomfuse,4.065,False,taken_parked,True,growth_connection
bloomgrid,4.065,False,taken_parked,True,growth_connection
bloomhub,4.065,False,taken,True,growth_connection
bloomjoin,4.065,False,taken,True,growth_connection
bloomknit,4.065,False,taken,True,growth_connection
bloomlane,4.065,False,taken_parked,True,growth_connection
bloomline,4.065,False,taken,True,growth_connection
bloomlink,4.065,False,taken,True,growth_connection
bloomloop,4.065,False,taken_parked,True,growth_connection
bloomnest,4.065,False,taken_parked,True,growth_connection
bloomnet,4.065,False,taken,True,growth_connection
bloomnode,4.065,False,taken,True,growth_connection
bloompath,4.065,False,taken_parked,True,growth_connection
bloomport,4.065,False,taken_parked,True,growth_connection
bloomrelay,4.065,False,taken,True,growth_connection
bloomring,4.065,False,taken,True,growth_connection
bloomroute,4.065,False,taken_parked,True,growth_connection
bloomspot,4.065,False,taken,True,growth_connection
bloomsync,4.065,False,taken_parked,True,growth_connection
bloomtie,4.065,False,taken,True,growth_connection
bloomtrail,4.065,False,taken_parked,True,growth_connection
bloomunion,4.065,False,taken,True,growth_connection
bloomwave,4.065,False,taken,True,growth_connection
bloomweave,4.065,False,taken,True,growth_connection
bloomweb,4.065,False,taken,True,growth_connection
bloomwire,4.065,False,parked_or_active_no_ns,True,growth_connection
boldalign,4.065,False,taken_parked,True,growth_connection
boldbase,4.065,False,taken,True,growth_connection
boldblend,4.065,False,taken,True,growth_connection
boldbond,4.065,False,taken_parked,True,growth_connection
boldbridge,4.065,False,taken,True,growth_connection
boldchain,4.065,False,taken_parked,True,growth_connection
boldcircle,4.065,False,taken_parked,True,growth_connection
boldcore,4.065,False,taken,True,growth_connection
boldecho,4.065,False,taken,True,growth_connection
boldflow,4.065,False,taken_parked,True,growth_connection
boldfuse,4.065,False,taken_parked,True,growth_connection
boldgrid,4.065,False,taken,True,growth_connection
boldhub,4.065,False,taken_parked,True,growth_connection
boldlane,4.065,False,taken_parked,True,growth_connection
boldline,4.065,False,taken_parked,True,growth_connection
boldlink,4.065,False,taken,True,growth_connection
boldloop,4.065,False,taken,True,growth_connection
boldmeet,4.065,False,taken_parked,True,growth_connection
boldmerge,4.065,False,taken_parked,True,growth_connection
boldnest,4.065,False,taken,True,growth_connection
boldnet,4.065,False,taken,True,growth_connection
boldnode,4.065,False,taken_parked,True,growth_connection
boldpath,4.065,False,taken,True,growth_connection
boldport,4.065,False,taken,True,growth_connection
boldrelay,4.065,False,taken,True,growth_connection
boldring,4.065,False,taken_parked,True,growth_connection
boldroute,4.065,False,taken_parked,True,growth_connection
boldsignal,4.065,False,taken,True,growth_connection
boldspot,4.065,False,parked_or_active_no_ns,True,growth_connection
boldsync,4.065,False,taken_parked,True,growth_connection
boldtie,4.065,False,taken,True,growth_connection
boldtrail,4.065,False,taken,True,growth_connection
boldunion,4.065,False,taken,True,growth_connection
boldweave,4.065,False,taken_parked,True,growth_connection
boldweb,4.065,False,taken,True,growth_connection
boldwire,4.065,False,taken_parked,True,growth_connection
boostalign,4.065,False,taken_parked,True,growth_connection
boostbase,4.065,False,taken,True,growth_connection
boostblend,4.065,False,parked_or_active_no_ns,True,growth_connection
boostbond,4.065,False,taken_parked,True,growth_connection
boostchain,4.065,False,taken,True,growth_connection
boostcore,4.065,False,taken_parked,True,growth_connection
boostdock,4.065,False,taken_parked,True,growth_connection
boostecho,4.065,False,taken_parked,True,growth_connection
boostflow,4.065,False,taken,True,growth_connection
boostfuse,4.065,False,taken_parked,True,growth_connection
boostgrid,4.065,False,taken_parked,True,growth_connection
boosthub,4.065,False,taken,True,growth_connection
boostlane,4.065,False,taken,True,growth_connection
boostline,4.065,False,taken,True,growth_connection
boostlink,4.065,False,taken_parked,True,growth_connection
boostloop,4.065,False,taken,True,growth_connection
boostmeet,4.065,False,taken,True,growth_connection
boostmerge,4.065,False,taken_parked,True,growth_connection
boostnest,4.065,False,taken,True,growth_connection
boostnet,4.065,False,taken_parked,True,growth_connection
boostnode,4.065,False,taken,True,growth_connection
boostpath,4.065,False,taken_parked,True,growth_connection
boostport,4.065,False,taken,True,growth_connection
boostrelay,4.065,False,taken,True,growth_connection
boostring,4.065,False,taken_parked,True,growth_connection
boostroute,4.065,False,taken_parked,True,growth_connection
boostspot,4.065,False,taken_parked,True,growth_connection
boostsync,4.065,False,taken_parked,True,growth_connection
boostunion,4.065,False,taken_parked,True,growth_connection
boostwave,4.065,False,parked_or_active_no_ns,True,growth_connection
boostweb,4.065,False,taken_parked,True,growth_connection
boostwire,4.065,False,taken,True,growth_connection
bravealign,4.065,False,taken_parked,True,growth_connection
bravebase,4.065,False,taken_parked,True,growth_connection
braveblend,4.065,False,taken_parked,True,growth_connection
bravebond,4.065,False,taken_parked,True,growth_connection
bravechain,4.065,False,taken_parked,True,growth_connection
bravecore,4.065,False,taken_parked,True,growth_connection
braveecho,4.065,False,parked_or_active_no_ns,True,growth_connection
braveflow,4.065,False,taken_parked,True,growth_connection
bravegrid,4.065,False,taken_parked,True,growth_connection
bravehub,4.065,False,taken,True,growth_connection
bravejoin,4.065,False,taken_parked,True,growth_connection
braveknit,4.065,False,taken,True,growth_connection
bravelane,4.065,False,taken_parked,True,growth_connection
braveline,4.065,False,taken,True,growth_connection
bravelink,4.065,False,taken,True,growth_connection
braveloop,4.065,False,taken_parked,True,growth_connection
bravemerge,4.065,False,taken_parked,True,growth_connection
bravenest,4.065,False,taken_parked,True,growth_connection
bravenet,4.065,False,taken,True,growth_connection
bravenode,4.065,False,taken_parked,True,growth_connection
bravepath,4.065,False,parked_or_active_no_ns,True,growth_connection
braveport,4.065,False,taken,True,growth_connection
bravering,4.065,False,taken,True,growth_connection
braveroute,4.065,False,taken_parked,True,growth_connection
bravespot,4.065,False,taken_parked,True,growth_connection
bravesync,4.065,False,taken_parked,True,growth_connection
bravetrail,4.065,False,taken_parked,True,growth_connection
braveunion,4.065,False,taken_parked,True,growth_connection
bravewave,4.065,False,taken,True,growth_connection
braveweb,4.065,False,taken_parked,True,growth_connection
bravewire,4.065,False,taken,True,growth_connection
brightbond,4.065,False,taken,True,growth_connection
brightcore,4.065,False,taken,True,growth_connection
brightdock,4.065,False,taken,True,growth_connection
brightecho,4.065,False,taken,True,growth_connection
brightflow,4.065,False,taken,True,growth_connection
brightfuse,4.065,False,taken,True,growth_connection
brightgrid,4.065,False,taken,True,growth_connection
brighthub,4.065,False,taken,True,growth_connection
brightlane,4.065,False,taken,True,growth_connection
brightline,4.065,False,taken,True,growth_connection
brightloop,4.065,False,taken,True,growth_connection
brightmeet,4.065,False,taken,True,growth_connection
brightnest,4.065,False,taken,True,growth_connection
brightnet,4.065,False,taken,True,growth_connection
brightpath,4.065,False,taken,True,growth_connection
brightport,4.065,False,taken,True,growth_connection
brightring,4.065,False,taken,True,growth_connection
brightspot,4.065,False,taken,True,growth_connection
brightsync,4.065,False,taken,True,growth_connection
brightwave,4.065,False,taken,True,growth_connection
brightweb,4.065,False,taken,True,growth_connection
brightwire,4.065,False,taken_parked,True,growth_connection
buildalign,4.065,False,taken,True,growth_connection
buildbase,4.065,False,taken,True,growth_connection
buildbond,4.065,False,taken_parked,True,growth_connection
buildchain,4.065,False,taken,True,growth_connection
buildcore,4.065,False,taken,True,growth_connection
buildecho,4.065,False,taken_parked,True,growth_connection
buildflow,4.065,False,taken,True,growth_connection
buildfuse,4.065,False,taken_parked,True,growth_connection
buildhub,4.065,False,taken,True,growth_connection
buildlane,4.065,False,taken,True,growth_connection
buildline,4.065,False,taken,True,growth_connection
buildlink,4.065,False,taken,True,growth_connection
buildloop,4.065,False,taken,True,growth_connection
buildmeet,4.065,False,taken_parked,True,growth_connection
buildmerge,4.065,False,taken_parked,True,growth_connection
buildnest,4.065,False,parked_or_active_no_ns,True,growth_connection
buildnet,4.065,False,taken,True,growth_connection
buildnode,4.065,False,taken_parked,True,growth_connection
buildport,4.065,False,taken,True,growth_connection
buildrelay,4.065,False,taken_parked,True,growth_connection
buildring,4.065,False,taken_parked,True,growth_connection
buildroute,4.065,False,parked_or_active_no_ns,True,growth_connection
buildspot,4.065,False,taken,True,growth_connection
buildtrail,4.065,False,taken_parked,True,growth_connection
buildunion,4.065,False,taken,True,growth_connection
buildwave,4.065,False,taken,True,growth_connection
buildweave,4.065,False,taken,True,growth_connection
buildweb,4.065,False,taken,True,growth_connection
buildwire,4.065,False,taken,True,growth_connection
catalyweb,4.065,False,taken,True,growth_connection
clearalign,4.065,False,taken,True,growth_connection
clearblend,4.065,False,parked_or_active_no_ns,True,growth_connection
clearbond,4.065,False,taken_parked,True,growth_connection
clearchain,4.065,False,taken,True,growth_connection
clearcore,4.065,False,taken,True,growth_connection
cleardock,4.065,False,taken,True,growth_connection
clearecho,4.065,False,taken,True,growth_connection
clearflow,4.065,False,taken,True,growth_connection
clearfuse,4.065,False,taken,True,growth_connection
cleargrid,4.065,False,taken,True,growth_connection
clearhub,4.065,False,taken_parked,True,growth_connection
clearjoin,4.065,False,taken_parked,True,growth_connection
clearknit,4.065,False,taken,True,growth_connection
clearlane,4.065,False,taken,True,growth_connection
clearline,4.065,False,taken,True,growth_connection
clearlink,4.065,False,taken,True,growth_connection
clearloop,4.065,False,taken,True,growth_connection
clearmeet,4.065,False,taken,True,growth_connection
clearmerge,4.065,False,taken_parked,True,growth_connection
clearnest,4.065,False,taken_parked,True,growth_connection
clearnet,4.065,False,taken,True,growth_connection
clearnode,4.065,False,taken,True,growth_connection
clearpath,4.065,False,taken,True,growth_connection
clearport,4.065,False,taken,True,growth_connection
clearspot,4.065,False,taken,True,growth_connection
clearsync,4.065,False,taken_parked,True,growth_connection
cleartie,4.065,False,taken,True,growth_connection
clearunion,4.065,False,taken_parked,True,growth_connection
clearwave,4.065,False,taken,True,growth_connection
clearweave,4.065,False,taken,True,growth_connection
clearweb,4.065,False,taken,True,growth_connection
clearwire,4.065,False,taken,True,growth_connection
dashalign,4.065,False,taken,True,growth_connection
dashbase,4.065,False,taken,True,growth_connection
dashblend,4.065,False,taken_parked,True,growth_connection
dashbond,4.065,False,taken_parked,True,growth_connection
dashbridge,4.065,False,taken,True,growth_connection
dashchain,4.065,False,taken_parked,True,growth_connection
dashcircle,4.065,False,taken_parked,True,growth_connection
dashcore,4.065,False,taken,True,growth_connection
dashdock,4.065,False,taken_parked,True,growth_connection
dashecho,4.065,False,taken,True,growth_connection
dashflow,4.065,False,taken,True,growth_connection
dashfuse,4.065,False,taken,True,growth_connection
dashgrid,4.065,False,taken,True,growth_connection
dashjoin,4.065,False,taken,True,growth_connection
dashlane,4.065,False,taken,True,growth_connection
dashline,4.065,False,taken,True,growth_connection
dashlink,4.065,False,taken,True,growth_connection
dashloop,4.065,False,taken,True,growth_connection
dashmeet,4.065,False,taken,True,growth_connection
dashmerge,4.065,False,taken,True,growth_connection
dashnest,4.065,False,taken_parked,True,growth_connection
dashnet,4.065,False,taken,True,growth_connection
dashnode,4.065,False,taken_parked,True,growth_connection
dashpath,4.065,False,taken_parked,True,growth_connection
dashport,4.065,False,taken,True,growth_connection
dashrelay,4.065,False,taken,True,growth_connection
dashring,4.065,False,taken_parked,True,growth_connection
dashroute,4.065,False,taken_parked,True,growth_connection
dashsignal,4.065,False,taken_parked,True,growth_connection
dashspot,4.065,False,taken,True,growth_connection
dashsync,4.065,False,taken,True,growth_connection
dashtie,4.065,False,taken,True,growth_connection
dashtrail,4.065,False,taken_parked,True,growth_connection
dashwave,4.065,False,taken,True,growth_connection
dashweave,4.065,False,taken_parked,True,growth_connection
dashweb,4.065,False,taken,True,growth_connection
dashwire,4.065,False,taken,True,growth_connection
drivealign,4.065,False,taken,True,growth_connection
drivebase,4.065,False,taken,True,growth_connection
driveblend,4.065,False,taken,True,growth_connection
drivebond,4.065,False,taken,True,growth_connection
drivechain,4.065,False,taken,True,growth_connection
drivecore,4.065,False,taken,True,growth_connection
drivedock,4.065,False,taken,True,growth_connection
driveecho,4.065,False,taken,True,growth_connection
driveflow,4.065,False,taken,True,growth_connection
drivefuse,4.065,False,taken,True,growth_connection
drivegrid,4.065,False,taken_parked,True,growth_connection
drivehub,4.065,False,taken,True,growth_connection
drivelane,4.065,False,taken,True,growth_connection
driveline,4.065,False,taken,True,growth_connection
driveloop,4.065,False,taken,True,growth_connection
drivemeet,4.065,False,taken,True,growth_connection
drivenest,4.065,False,taken,True,growth_connection
drivenode,4.065,False,taken,True,growth_connection
drivepath,4.065,False,taken_parked,True,growth_connection
driveport,4.065,False,taken,True,growth_connection
driverelay,4.065,False,taken,True,growth_connection
drivering,4.065,False,taken_parked,True,growth_connection
driveroute,4.065,False,taken_parked,True,growth_connection
drivespot,4.065,False,taken,True,growth_connection
drivesync,4.065,False,taken,True,growth_connection
drivetrail,4.065,False,taken_parked,True,growth_connection
driveunion,4.065,False,taken_parked,True,growth_connection
drivewave,4.065,False,taken_parked,True,growth_connection
driveweb,4.065,False,taken,True,growth_connection
drivewire,4.065,False,taken,True,growth_connection
elevcore,4.065,False,taken,True,growth_connection
elevflow,4.065,False,taken,True,growth_connection
elevgrid,4.065,False,taken,True,growth_connection
elevhub,4.065,False,taken,True,growth_connection
elevnest,4.065,False,taken,True,growth_connection
elevnet,4.065,False,taken,True,growth_connection
elevpath,4.065,False,taken,True,growth_connection
elevweb,4.065,False,taken,True,growth_connection
fanlink,4.065,False,taken,True,audience_connection
flamebase,4.065,False,taken_parked,True,growth_connection
flamebond,4.065,False,taken,True,growth_connection
flamechain,4.065,False,taken,True,growth_connection
flamecore,4.065,False,taken,True,growth_connection
flamedock,4.065,False,taken_parked,True,growth_connection
flameecho,4.065,False,taken_parked,True,growth_connection
flameflow,4.065,False,taken_parked,True,growth_connection
flamefuse,4.065,False,taken_parked,True,growth_connection
flamehub,4.065,False,taken_parked,True,growth_connection
flamelane,4.065,False,taken,True,growth_connection
flameline,4.065,False,taken_parked,True,growth_connection
flamelink,4.065,False,taken,True,growth_connection
flameloop,4.065,False,taken,True,growth_connection
flamemerge,4.065,False,taken_parked,True,growth_connection
flamenest,4.065,False,taken,True,growth_connection
flamenet,4.065,False,taken_parked,True,growth_connection
flamenode,4.065,False,taken,True,growth_connection
flamepath,4.065,False,taken_parked,True,growth_connection
flameport,4.065,False,taken,True,growth_connection
flamerelay,4.065,False,taken,True,growth_connection
flamering,4.065,False,taken,True,growth_connection
flameroute,4.065,False,taken_parked,True,growth_connection
flamespot,4.065,False,taken,True,growth_connection
flamesync,4.065,False,taken,True,growth_connection
flametrail,4.065,False,taken_parked,True,growth_connection
flamewave,4.065,False,taken,True,growth_connection
flameweave,4.065,False,taken,True,growth_connection
flameweb,4.065,False,taken_parked,True,growth_connection
flamewire,4.065,False,taken,True,growth_connection
flourbase,4.065,False,taken,True,growth_connection
flourbond,4.065,False,taken,True,growth_connection
flourflow,4.065,False,taken,True,growth_connection
flourhub,4.065,False,taken_parked,True,growth_connection
flourlane,4.065,False,taken,True,growth_connection
flourline,4.065,False,taken,True,growth_connection
flournest,4.065,False,taken_parked,True,growth_connection
flourunion,4.065,False,taken,True,growth_connection
forgebase,4.065,False,taken,True,growth_connection
forgeblend,4.065,False,taken_parked,True,growth_connection
forgebond,4.065,False,taken_parked,True,growth_connection
forgechain,4.065,False,taken_parked,True,growth_connection
forgecore,4.065,False,taken,True,growth_connection
forgedock,4.065,False,taken,True,growth_connection
forgeecho,4.065,False,taken_parked,True,growth_connection
forgeflow,4.065,False,taken,True,growth_connection
forgefuse,4.065,False,taken,True,growth_connection
forgegrid,4.065,False,taken,True,growth_connection
forgehub,4.065,False,taken,True,growth_connection
forgelane,4.065,False,taken_parked,True,growth_connection
forgeline,4.065,False,taken,True,growth_connection
forgelink,4.065,False,taken,True,growth_connection
forgeloop,4.065,False,taken_parked,True,growth_connection
forgemeet,4.065,False,taken_parked,True,growth_connection
forgemerge,4.065,False,taken_parked,True,growth_connection
forgenest,4.065,False,taken_parked,True,growth_connection
forgenet,4.065,False,taken_parked,True,growth_connection
forgenode,4.065,False,taken,True,growth_connection
forgepath,4.065,False,taken,True,growth_connection
forgerelay,4.065,False,taken,True,growth_connection
forgering,4.065,False,taken,True,growth_connection
forgeroute,4.065,False,taken,True,growth_connection
forgespot,4.065,False,taken_parked,True,growth_connection
forgesync,4.065,False,taken_parked,True,growth_connection
forgetrail,4.065,False,taken_parked,True,growth_connection
forgeunion,4.065,False,taken,True,growth_connection
forgewave,4.065,False,taken,True,growth_connection
forgeweave,4.065,False,taken,True,growth_connection
forgeweb,4.065,False,taken,True,growth_connection
forgewire,4.065,False,taken,True,growth_connection
freealign,4.065,False,taken_parked,True,growth_connection
freebase,4.065,False,taken,True,growth_connection
freeblend,4.065,False,taken,True,growth_connection
freebond,4.065,False,taken_parked,True,growth_connection
freebridge,4.065,False,taken_parked,True,growth_connection
freechain,4.065,False,taken,True,growth_connection
freecircle,4.065,False,taken_parked,True,growth_connection
freecore,4.065,False,taken,True,growth_connection
freedock,4.065,False,taken_parked,True,growth_connection
freeecho,4.065,False,taken,True,growth_connection
freeflow,4.065,False,taken,True,growth_connection
freefuse,4.065,False,taken,True,growth_connection
freegather,4.065,False,taken_parked,True,growth_connection
freegrid,4.065,False,taken,True,growth_connection
freehub,4.065,False,taken,True,growth_connection
freejoin,4.065,False,taken_parked,True,growth_connection
freeknit,4.065,False,taken_parked,True,growth_connection
freelink,4.065,False,taken,True,growth_connection
freeloop,4.065,False,taken_parked,True,growth_connection
freemeet,4.065,False,taken,True,growth_connection
freemerge,4.065,False,taken,True,growth_connection
freenest,4.065,False,taken_parked,True,growth_connection
freenet,4.065,False,taken,True,growth_connection
freenode,4.065,False,taken,True,growth_connection
freepath,4.065,False,taken,True,growth_connection
freeport,4.065,False,taken,True,growth_connection
freerelay,4.065,False,taken_parked,True,growth_connection
freering,4.065,False,taken_parked,True,growth_connection
freeroute,4.065,False,taken_parked,True,growth_connection
freesignal,4.065,False,taken_parked,True,growth_connection
freespot,4.065,False,taken,True,growth_connection
freesync,4.065,False,taken,True,growth_connection
freetie,4.065,False,taken_parked,True,growth_connection
freetrail,4.065,False,taken,True,growth_connection
freeunion,4.065,False,taken,True,growth_connection
freewave,4.065,False,taken,True,growth_connection
freeweave,4.065,False,taken_parked,True,growth_connection
freeweb,4.065,False,taken,True,growth_connection
freewire,4.065,False,taken,True,growth_connection
freshalign,4.065,False,taken_parked,True,growth_connection
freshbase,4.065,False,taken_parked,True,growth_connection
freshblend,4.065,False,taken,True,growth_connection
freshbond,4.065,False,taken,True,growth_connection
freshchain,4.065,False,taken,True,growth_connection
freshcore,4.065,False,taken_parked,True,growth_connection
freshdock,4.065,False,taken_parked,True,growth_connection
freshecho,4.065,False,taken,True,growth_connection
freshflow,4.065,False,taken,True,growth_connection
freshfuse,4.065,False,taken_parked,True,growth_connection
freshgrid,4.065,False,taken,True,growth_connection
freshjoin,4.065,False,taken,True,growth_connection
freshknit,4.065,False,taken_parked,True,growth_connection
freshline,4.065,False,taken,True,growth_connection
freshlink,4.065,False,taken,True,growth_connection
freshloop,4.065,False,taken,True,growth_connection
freshmerge,4.065,False,taken_parked,True,growth_connection
freshnest,4.065,False,taken,True,growth_connection
freshnet,4.065,False,taken_parked,True,growth_connection
freshnode,4.065,False,taken,True,growth_connection
freshport,4.065,False,taken,True,growth_connection
freshrelay,4.065,False,taken_parked,True,growth_connection
freshring,4.065,False,taken_parked,True,growth_connection
freshroute,4.065,False,taken,True,growth_connection
freshspot,4.065,False,taken,True,growth_connection
freshsync,4.065,False,taken,True,growth_connection
freshtie,4.065,False,taken_parked,True,growth_connection
freshtrail,4.065,False,taken_parked,True,growth_connection
freshunion,4.065,False,taken_parked,True,growth_connection
freshweave,4.065,False,taken_parked,True,growth_connection
freshweb,4.065,False,taken_parked,True,growth_connection
freshwire,4.065,False,taken,True,growth_connection
fuelbase,4.065,False,taken,True,growth_connection
fuelblend,4.065,False,taken,True,growth_connection
fuelbond,4.065,False,taken_parked,True,growth_connection
fuelbridge,4.065,False,taken_parked,True,growth_connection
fuelchain,4.065,False,taken,True,growth_connection
fuelcircle,4.065,False,taken_parked,True,growth_connection
fuelcore,4.065,False,taken,True,growth_connection
fueldock,4.065,False,taken_parked,True,growth_connection
fuelecho,4.065,False,taken_parked,True,growth_connection
fuelflow,4.065,False,taken,True,growth_connection
fuelfuse,4.065,False,taken_parked,True,growth_connection
fuelgrid,4.065,False,taken_parked,True,growth_connection
fuelhub,4.065,False,taken_parked,True,growth_connection
fuelmeet,4.065,False,taken,True,growth_connection
fuelnest,4.065,False,taken_parked,True,growth_connection
fuelnet,4.065,False,taken,True,growth_connection
fuelnode,4.065,False,taken,True,growth_connection
fuelpath,4.065,False,taken_parked,True,growth_connection
fuelport,4.065,False,taken,True,growth_connection
fuelrelay,4.065,False,taken,True,growth_connection
fuelring,4.065,False,taken_parked,True,growth_connection
fuelroute,4.065,False,taken_parked,True,growth_connection
fuelsignal,4.065,False,taken_parked,True,growth_connection
fuelspot,4.065,False,taken_parked,True,growth_connection
fuelsync,4.065,False,taken_parked,True,growth_connection
fueltrail,4.065,False,taken_parked,True,growth_connection
fuelunion,4.065,False,taken_parked,True,growth_connection
fuelwave,4.065,False,taken_parked,True,growth_connection
fuelweave,4.065,False,taken,True,growth_connection
fuelwire,4.065,False,taken,True,growth_connection
giglink,4.065,False,taken_parked,True,audience_connection
glowalign,4.065,False,taken_parked,True,growth_connection
glowbase,4.065,False,taken,True,growth_connection
glowblend,4.065,False,taken_parked,True,growth_connection
glowbond,4.065,False,taken_parked,True,growth_connection
glowbridge,4.065,False,taken,True,growth_connection
glowchain,4.065,False,taken,True,growth_connection
glowcircle,4.065,False,taken_parked,True,growth_connection
glowcore,4.065,False,taken,True,growth_connection
glowdock,4.065,False,taken_parked,True,growth_connection
glowecho,4.065,False,taken,True,growth_connection
glowflow,4.065,False,taken,True,growth_connection
glowfuse,4.065,False,taken,True,growth_connection
glowgather,4.065,False,taken,True,growth_connection
glowgrid,4.065,False,taken_parked,True,growth_connection
glowhub,4.065,False,taken,True,growth_connection
glowjoin,4.065,False,taken,True,growth_connection
glowknit,4.065,False,taken,True,growth_connection
glowlane,4.065,False,taken_parked,True,growth_connection
glowline,4.065,False,parked_or_active_no_ns,True,growth_connection
glowlink,4.065,False,taken,True,growth_connection
glowloop,4.065,False,taken_parked,True,growth_connection
glowmeet,4.065,False,taken_parked,True,growth_connection
glowmerge,4.065,False,taken_parked,True,growth_connection
glownest,4.065,False,taken,True,growth_connection
glownet,4.065,False,taken,True,growth_connection
glownode,4.065,False,taken_parked,True,growth_connection
glowpath,4.065,False,taken_parked,True,growth_connection
glowport,4.065,False,taken_parked,True,growth_connection
glowrelay,4.065,False,taken,True,growth_connection
glowring,4.065,False,taken,True,growth_connection
glowroute,4.065,False,taken_parked,True,growth_connection
glowsignal,4.065,False,taken,True,growth_connection
glowspot,4.065,False,taken_parked,True,growth_connection
glowsync,4.065,False,taken_parked,True,growth_connection
glowtie,4.065,False,taken_parked,True,growth_connection
glowtrail,4.065,False,taken,True,growth_connection
glowunion,4.065,False,taken,True,growth_connection
growalign,4.065,False,taken_parked,True,growth_connection
growbase,4.065,False,taken,True,growth_connection
growblend,4.065,False,taken_parked,True,growth_connection
growbond,4.065,False,taken,True,growth_connection
growbridge,4.065,False,taken_parked,True,growth_connection
growcircle,4.065,False,taken_parked,True,growth_connection
growcore,4.065,False,taken_parked,True,growth_connection
growdock,4.065,False,taken,True,growth_connection
growecho,4.065,False,taken_parked,True,growth_connection
growflow,4.065,False,taken,True,growth_connection
growfuse,4.065,False,taken,True,growth_connection
growgather,4.065,False,taken,True,growth_connection
growgrid,4.065,False,taken_parked,True,growth_connection
growhub,4.065,False,taken,True,growth_connection
growjoin,4.065,False,taken,True,growth_connection
growline,4.065,False,taken,True,growth_connection
growlink,4.065,False,taken,True,growth_connection
growloop,4.065,False,taken,True,growth_connection
growmeet,4.065,False,taken_parked,True,growth_connection
growmerge,4.065,False,taken_parked,True,growth_connection
grownest,4.065,False,taken,True,growth_connection
grownet,4.065,False,taken,True,growth_connection
grownode,4.065,False,taken,True,growth_connection
growpath,4.065,False,taken,True,growth_connection
growport,4.065,False,taken,True,growth_connection
growring,4.065,False,taken_parked,True,growth_connection
growroute,4.065,False,taken,True,growth_connection
growsignal,4.065,False,taken_parked,True,growth_connection
growspot,4.065,False,taken,True,growth_connection
growsync,4.065,False,taken,True,growth_connection
growtie,4.065,False,taken,True,growth_connection
growtrail,4.065,False,taken,True,growth_connection
growunion,4.065,False,taken_parked,True,growth_connection
harborbase,4.065,False,taken,True,growth_connection
harborbond,4.065,False,taken,True,growth_connection
harborcore,4.065,False,taken_parked,True,growth_connection
harbordock,4.065,False,taken_parked,True,growth_connection
harborecho,4.065,False,taken_parked,True,growth_connection
harborflow,4.065,False,taken_parked,True,growth_connection
harborgrid,4.065,False,taken,True,growth_connection
harborhub,4.065,False,taken_parked,True,growth_connection
harborlane,4.065,False,taken,True,growth_connection
harborline,4.065,False,taken,True,growth_connection
harborloop,4.065,False,taken,True,growth_connection
harbornest,4.065,False,taken,True,growth_connection
harbornet,4.065,False,taken,True,growth_connection
harbornode,4.065,False,taken_parked,True,growth_connection
harborpath,4.065,False,parked_or_active_no_ns,True,growth_connection
harborport,4.065,False,taken,True,growth_connection
harborspot,4.065,False,taken,True,growth_connection
harborsync,4.065,False,taken,True,growth_connection
harborwave,4.065,False,taken,True,growth_connection
harborweb,4.065,False,taken,True,growth_connection
harborwire,4.065,False,taken_parked,True,growth_connection
ignitebond,4.065,False,taken_parked,True,growth_connection
ignitedock,4.065,False,taken,True,growth_connection
igniteflow,4.065,False,taken,True,growth_connection
ignitegrid,4.065,False,taken_parked,True,growth_connection
ignitehub,4.065,False,taken_parked,True,growth_connection
igniteloop,4.065,False,taken,True,growth_connection
ignitenest,4.065,False,taken,True,growth_connection
ignitenet,4.065,False,taken,True,growth_connection
ignitepath,4.065,False,taken_parked,True,growth_connection
igniteport,4.065,False,taken,True,growth_connection
ignitespot,4.065,False,taken,True,growth_connection
ignitesync,4.065,False,taken,True,growth_connection
igniteweb,4.065,False,taken,True,growth_connection
indielink,4.065,False,taken_parked,True,audience_connection
launchbase,4.065,False,taken,True,growth_connection
launchbond,4.065,False,taken,True,growth_connection
launchcore,4.065,False,taken_parked,True,growth_connection
launchdock,4.065,False,taken_parked,True,growth_connection
launchecho,4.065,False,taken,True,growth_connection
launchflow,4.065,False,taken,True,growth_connection
launchfuse,4.065,False,taken,True,growth_connection
launchgrid,4.065,False,taken,True,growth_connection
launchlane,4.065,False,taken,True,growth_connection
launchline,4.065,False,taken,True,growth_connection
launchloop,4.065,False,taken,True,growth_connection
launchmeet,4.065,False,taken_parked,True,growth_connection
launchnest,4.065,False,taken_parked,True,growth_connection
launchnet,4.065,False,taken,True,growth_connection
launchnode,4.065,False,taken_parked,True,growth_connection
launchpath,4.065,False,taken,True,growth_connection
launchport,4.065,False,taken,True,growth_connection
launchring,4.065,False,taken,True,growth_connection
launchspot,4.065,False,taken,True,growth_connection
launchwave,4.065,False,taken_parked,True,growth_connection
launchweb,4.065,False,taken_parked,True,growth_connection
launchwire,4.065,False,taken,True,growth_connection
liftalign,4.065,False,taken_parked,True,growth_connection
liftbase,4.065,False,taken_parked,True,growth_connection
liftbond,4.065,False,taken_parked,True,growth_connection
liftbridge,4.065,False,taken,True,growth_connection
liftchain,4.065,False,taken,True,growth_connection
liftcircle,4.065,False,taken_parked,True,growth_connection
liftcore,4.065,False,taken,True,growth_connection
liftdock,4.065,False,taken_parked,True,growth_connection
liftecho,4.065,False,taken,True,growth_connection
liftflow,4.065,False,taken_parked,True,growth_connection
liftfuse,4.065,False,taken_parked,True,growth_connection
liftgrid,4.065,False,taken,True,growth_connection
lifthub,4.065,False,taken_parked,True,growth_connection
liftline,4.065,False,taken,True,growth_connection
liftlink,4.065,False,taken_parked,True,growth_connection
liftloop,4.065,False,taken,True,growth_connection
liftmeet,4.065,False,taken,True,growth_connection
liftnest,4.065,False,taken,True,growth_connection
liftnet,4.065,False,taken,True,growth_connection
liftpath,4.065,False,parked_or_active_no_ns,True,growth_connection
liftport,4.065,False,taken,True,growth_connection
liftrelay,4.065,False,taken,True,growth_connection
liftring,4.065,False,taken,True,growth_connection
liftroute,4.065,False,taken,True,growth_connection
liftsignal,4.065,False,taken_parked,True,growth_connection
liftspot,4.065,False,taken,True,growth_connection
liftsync,4.065,False,taken_parked,True,growth_connection
liftunion,4.065,False,taken,True,growth_connection
liftwave,4.065,False,taken,True,growth_connection
liftweb,4.065,False,taken,True,growth_connection
liftwire,4.065,False,taken,True,growth_connection
livelink,4.065,False,taken,True,audience_connection
nestalign,4.065,False,taken_parked,True,growth_connection
nestbase,4.065,False,taken,True,growth_connection
nestblend,4.065,False,taken_parked,True,growth_connection
nestbond,4.065,False,taken,True,growth_connection
nestbridge,4.065,False,taken,True,growth_connection
nestchain,4.065,False,taken_parked,True,growth_connection
nestcircle,4.065,False,taken,True,growth_connection
nestcore,4.065,False,taken_parked,True,growth_connection
nestdock,4.065,False,taken,True,growth_connection
nestecho,4.065,False,taken,True,growth_connection
nestflow,4.065,False,taken,True,growth_connection
nestfuse,4.065,False,taken_parked,True,growth_connection
nestgather,4.065,False,taken,True,growth_connection
nestgrid,4.065,False,taken_parked,True,growth_connection
nesthub,4.065,False,taken,True,growth_connection
nestknit,4.065,False,taken,True,growth_connection
nestlane,4.065,False,taken,True,growth_connection
nestline,4.065,False,taken_parked,True,growth_connection
nestlink,4.065,False,taken,True,growth_connection
nestloop,4.065,False,taken,True,growth_connection
nestmeet,4.065,False,taken_parked,True,growth_connection
nestmerge,4.065,False,taken_parked,True,growth_connection
nestnest,4.065,False,taken_parked,True,growth_connection
nestnet,4.065,False,taken,True,growth_connection
nestnode,4.065,False,taken_parked,True,growth_connection
nestpath,4.065,False,taken_parked,True,growth_connection
nestport,4.065,False,taken,True,growth_connection
nestrelay,4.065,False,taken,True,growth_connection
nestroute,4.065,False,taken_parked,True,growth_connection
nestsignal,4.065,False,taken,True,growth_connection
nestspot,4.065,False,taken_parked,True,growth_connection
nestsync,4.065,False,taken_parked,True,growth_connection
nestunion,4.065,False,taken,True,growth_connection
nestwave,4.065,False,taken,True,growth_connection
nestweave,4.065,False,taken,True,growth_connection
nestweb,4.065,False,taken,True,growth_connection
nestwire,4.065,False,taken_parked,True,growth_connection
novaalign,4.065,False,taken_parked,True,growth_connection
novabase,4.065,False,taken,True,growth_connection
novablend,4.065,False,taken_parked,True,growth_connection
novabond,4.065,False,taken_parked,True,growth_connection
novabridge,4.065,False,taken,True,growth_connection
novachain,4.065,False,taken,True,growth_connection
novacircle,4.065,False,taken,True,growth_connection
novacore,4.065,False,taken,True,growth_connection
novadock,4.065,False,taken_parked,True,growth_connection
novaecho,4.065,False,taken,True,growth_connection
novaflow,4.065,False,taken,True,growth_connection
novafuse,4.065,False,taken,True,growth_connection
novagather,4.065,False,taken_parked,True,growth_connection
novagrid,4.065,False,taken,True,growth_connection
novahub,4.065,False,taken,True,growth_connection
novajoin,4.065,False,taken,True,growth_connection
novaknit,4.065,False,taken_parked,True,growth_connection
novalane,4.065,False,taken,True,growth_connection
novaline,4.065,False,taken,True,growth_connection
novalink,4.065,False,taken,True,growth_connection
novaloop,4.065,False,taken,True,growth_connection
novameet,4.065,False,taken_parked,True,growth_connection
novamerge,4.065,False,taken,True,growth_connection
novanest,4.065,False,taken_parked,True,growth_connection
novanet,4.065,False,taken,True,growth_connection
novanode,4.065,False,taken,True,growth_connection
novapath,4.065,False,taken,True,growth_connection
novaport,4.065,False,taken,True,growth_connection
novarelay,4.065,False,taken_parked,True,growth_connection
novaring,4.065,False,taken,True,growth_connection
novaroute,4.065,False,taken_parked,True,growth_connection
novasignal,4.065,False,taken,True,growth_connection
novaspot,4.065,False,taken,True,growth_connection
novasync,4.065,False,taken_parked,True,growth_connection
novatie,4.065,False,taken_parked,True,growth_connection
novatrail,4.065,False,taken_parked,True,growth_connection
novaweave,4.065,False,taken,True,growth_connection
novaweb,4.065,False,taken_parked,True,growth_connection
novawire,4.065,False,taken_parked,True,growth_connection
openalign,4.065,False,taken,True,growth_connection
openbase,4.065,False,taken,True,growth_connection
openblend,4.065,False,taken,True,growth_connection
openbond,4.065,False,taken,True,growth_connection
openbridge,4.065,False,taken,True,growth_connection
openchain,4.065,False,taken,True,growth_connection
opencircle,4.065,False,taken,True,growth_connection
opencore,4.065,False,taken,True,growth_connection
opendock,4.065,False,taken,True,growth_connection
openecho,4.065,False,taken,True,growth_connection
openflow,4.065,False,taken,True,growth_connection
openfuse,4.065,False,taken_parked,True,growth_connection
opengather,4.065,False,taken_parked,True,growth_connection
opengrid,4.065,False,taken,True,growth_connection
openhub,4.065,False,taken,True,growth_connection
openjoin,4.065,False,taken_parked,True,growth_connection
openknit,4.065,False,taken,True,growth_connection
openlane,4.065,False,taken,True,growth_connection
openline,4.065,False,taken,True,growth_connection
openlink,4.065,False,taken,True,growth_connection
openloop,4.065,False,taken,True,growth_connection
openmeet,4.065,False,taken,True,growth_connection
openmerge,4.065,False,taken_parked,True,growth_connection
openpath,4.065,False,taken,True,growth_connection
openport,4.065,False,taken,True,growth_connection
openrelay,4.065,False,taken,True,growth_connection
openring,4.065,False,taken,True,growth_connection
openroute,4.065,False,taken,True,growth_connection
opensignal,4.065,False,taken,True,growth_connection
openspot,4.065,False,taken,True,growth_connection
opensync,4.065,False,taken,True,growth_connection
opentie,4.065,False,taken_parked,True,growth_connection
opentrail,4.065,False,taken,True,growth_connection
openunion,4.065,False,taken_parked,True,growth_connection
openwave,4.065,False,taken,True,growth_connection
openweave,4.065,False,taken,True,growth_connection
openweb,4.065,False,taken,True,growth_connection
openwire,4.065,False,taken,True,growth_connection
orbitalign,4.065,False,taken_parked,True,growth_connection
orbitbase,4.065,False,taken_parked,True,growth_connection
orbitblend,4.065,False,taken,True,growth_connection
orbitbond,4.065,False,taken_parked,True,growth_connection
orbitchain,4.065,False,taken_parked,True,growth_connection
orbitcore,4.065,False,taken,True,growth_connection
orbitdock,4.065,False,taken_parked,True,growth_connection
orbitecho,4.065,False,taken_parked,True,growth_connection
orbitflow,4.065,False,taken_parked,True,growth_connection
orbitfuse,4.065,False,taken_parked,True,growth_connection
orbitgrid,4.065,False,taken,True,growth_connection
orbithub,4.065,False,taken_parked,True,growth_connection
orbitlane,4.065,False,taken,True,growth_connection
orbitline,4.065,False,taken_parked,True,growth_connection
orbitlink,4.065,False,taken_parked,True,growth_connection
orbitloop,4.065,False,taken,True,growth_connection
orbitmeet,4.065,False,taken,True,growth_connection
orbitnest,4.065,False,taken,True,growth_connection
orbitnet,4.065,False,taken,True,growth_connection
orbitnode,4.065,False,taken_parked,True,growth_connection
orbitpath,4.065,False,taken,True,growth_connection
orbitport,4.065,False,taken_parked,True,growth_connection
orbitrelay,4.065,False,taken,True,growth_connection
orbitring,4.065,False,taken,True,growth_connection
orbitroute,4.065,False,taken,True,growth_connection
orbitspot,4.065,False,taken,True,growth_connection
orbitsync,4.065,False,taken,True,growth_connection
orbitunion,4.065,False,taken_parked,True,growth_connection
orbitwave,4.065,False,taken_parked,True,growth_connection
orbitweave,4.065,False,taken_parked,True,growth_connection
orbitweb,4.065,False,taken_parked,True,growth_connection
orbitwire,4.065,False,taken,True,growth_connection
ownlink,4.065,False,taken_parked,True,audience_connection
peakalign,4.065,False,taken_parked,True,growth_connection
peakbase,4.065,False,taken_parked,True,growth_connection
peakblend,4.065,False,taken_parked,True,growth_connection
peakbond,4.065,False,taken_parked,True,growth_connection
peakbridge,4.065,False,taken,True,growth_connection
peakchain,4.065,False,taken,True,growth_connection
peakcircle,4.065,False,taken_parked,True,growth_connection
peakcore,4.065,False,taken,True,growth_connection
peakdock,4.065,False,taken_parked,True,growth_connection
peakecho,4.065,False,taken_parked,True,growth_connection
peakfuse,4.065,False,taken,True,growth_connection
peakgather,4.065,False,taken,True,growth_connection
peakgrid,4.065,False,taken_parked,True,growth_connection
peakhub,4.065,False,taken_parked,True,growth_connection
peakjoin,4.065,False,taken,True,growth_connection
peaklane,4.065,False,taken_parked,True,growth_connection
peakline,4.065,False,taken,True,growth_connection
peaklink,4.065,False,taken,True,growth_connection
peakloop,4.065,False,taken,True,growth_connection
peakmeet,4.065,False,taken_parked,True,growth_connection
peakmerge,4.065,False,taken_parked,True,growth_connection
peaknest,4.065,False,taken,True,growth_connection
peaknet,4.065,False,taken,True,growth_connection
peaknode,4.065,False,taken_parked,True,growth_connection
peakpath,4.065,False,taken,True,growth_connection
peakport,4.065,False,taken,True,growth_connection
peakrelay,4.065,False,taken,True,growth_connection
peakring,4.065,False,taken,True,growth_connection
peakroute,4.065,False,taken_parked,True,growth_connection
peaksignal,4.065,False,taken,True,growth_connection
peakspot,4.065,False,taken,True,growth_connection
peaksync,4.065,False,taken,True,growth_connection
peakunion,4.065,False,taken,True,growth_connection
peakweave,4.065,False,taken_parked,True,growth_connection
peakweb,4.065,False,taken,True,growth_connection
peakwire,4.065,False,taken,True,growth_connection
primealign,4.065,False,taken,True,growth_connection
primebase,4.065,False,taken,True,growth_connection
primeblend,4.065,False,taken,True,growth_connection
primebond,4.065,False,taken_parked,True,growth_connection
primechain,4.065,False,taken_parked,True,growth_connection
primecore,4.065,False,taken,True,growth_connection
primedock,4.065,False,taken,True,growth_connection
primeecho,4.065,False,taken_parked,True,growth_connection
primeflow,4.065,False,taken,True,growth_connection
primefuse,4.065,False,taken_parked,True,growth_connection
primegrid,4.065,False,taken,True,growth_connection
primehub,4.065,False,taken,True,growth_connection
primejoin,4.065,False,taken,True,growth_connection
primeknit,4.065,False,taken_parked,True,growth_connection
primelane,4.065,False,taken,True,growth_connection
primeline,4.065,False,taken,True,growth_connection
primelink,4.065,False,taken,True,growth_connection
primeloop,4.065,False,taken_parked,True,growth_connection
primemerge,4.065,False,taken_parked,True,growth_connection
primenest,4.065,False,taken,True,growth_connection
primenet,4.065,False,taken,True,growth_connection
primenode,4.065,False,taken_parked,True,growth_connection
primepath,4.065,False,taken,True,growth_connection
primeport,4.065,False,taken_parked,True,growth_connection
primerelay,4.065,False,taken,True,growth_connection
primering,4.065,False,taken_parked,True,growth_connection
primeroute,4.065,False,taken,True,growth_connection
primespot,4.065,False,taken,True,growth_connection
primesync,4.065,False,taken_parked,True,growth_connection
primetie,4.065,False,taken_parked,True,growth_connection
primetrail,4.065,False,taken_parked,True,growth_connection
primeunion,4.065,False,taken,True,growth_connection
primeweave,4.065,False,taken,True,growth_connection
primeweb,4.065,False,taken_parked,True,growth_connection
primewire,4.065,False,taken,True,growth_connection
pulsealign,4.065,False,taken,True,growth_connection
pulsebase,4.065,False,taken_parked,True,growth_connection
pulseblend,4.065,False,taken,True,growth_connection
pulsebond,4.065,False,taken,True,growth_connection
pulsechain,4.065,False,taken,True,growth_connection
pulsecore,4.065,False,taken,True,growth_connection
pulsedock,4.065,False,taken_parked,True,growth_connection
pulseecho,4.065,False,taken_parked,True,growth_connection
pulseflow,4.065,False,taken,True,growth_connection
pulsefuse,4.065,False,taken_parked,True,growth_connection
pulsegrid,4.065,False,taken,True,growth_connection
pulsehub,4.065,False,taken,True,growth_connection
pulsejoin,4.065,False,taken_parked,True,growth_connection
pulselane,4.065,False,taken,True,growth_connection
pulselink,4.065,False,taken,True,growth_connection
pulseloop,4.065,False,taken_parked,True,growth_connection
pulsemeet,4.065,False,taken,True,growth_connection
pulsemerge,4.065,False,taken_parked,True,growth_connection
pulsenest,4.065,False,taken,True,growth_connection
pulsenet,4.065,False,taken,True,growth_connection
pulsenode,4.065,False,taken,True,growth_connection
pulsepath,4.065,False,parked_or_active_no_ns,True,growth_connection
pulseport,4.065,False,taken_parked,True,growth_connection
pulserelay,4.065,False,taken,True,growth_connection
pulsering,4.065,False,taken,True,growth_connection
pulseroute,4.065,False,taken_parked,True,growth_connection
pulsespot,4.065,False,taken_parked,True,growth_connection
pulsesync,4.065,False,taken,True,growth_connection
pulseunion,4.065,False,taken,True,growth_connection
pulsewave,4.065,False,taken,True,growth_connection
pulseweave,4.065,False,taken_parked,True,growth_connection
pulseweb,4.065,False,taken,True,growth_connection
purealign,4.065,False,taken_parked,True,growth_connection
purebase,4.065,False,taken,True,growth_connection
pureblend,4.065,False,taken,True,growth_connection
purebond,4.065,False,taken,True,growth_connection
purebridge,4.065,False,taken,True,growth_connection
purechain,4.065,False,taken,True,growth_connection
purecircle,4.065,False,taken,True,growth_connection
purecore,4.065,False,taken,True,growth_connection
puredock,4.065,False,taken_parked,True,growth_connection
pureecho,4.065,False,taken,True,growth_connection
pureflow,4.065,False,taken,True,growth_connection
purefuse,4.065,False,taken_parked,True,growth_connection
puregather,4.065,False,taken,True,growth_connection
puregrid,4.065,False,taken_parked,True,growth_connection
purehub,4.065,False,taken,True,growth_connection
purejoin,4.065,False,taken,True,growth_connection
pureknit,4.065,False,taken,True,growth_connection
purelane,4.065,False,taken,True,growth_connection
pureline,4.065,False,taken,True,growth_connection
purelink,4.065,False,taken,True,growth_connection
pureloop,4.065,False,taken,True,growth_connection
puremeet,4.065,False,taken_parked,True,growth_connection
puremerge,4.065,False,taken,True,growth_connection
purenest,4.065,False,taken,True,growth_connection
purenet,4.065,False,taken,True,growth_connection
purenode,4.065,False,taken,True,growth_connection
purepath,4.065,False,taken,True,growth_connection
pureport,4.065,False,taken,True,growth_connection
purering,4.065,False,taken_parked,True,growth_connection
pureroute,4.065,False,taken,True,growth_connection
puresignal,4.065,False,taken,True,growth_connection
purespot,4.065,False,taken,True,growth_connection
puresync,4.065,False,taken,True,growth_connection
puretie,4.065,False,taken_parked,True,growth_connection
puretrail,4.065,False,taken,True,growth_connection
pureunion,4.065,False,taken_parked,True,growth_connection
purewave,4.065,False,taken,True,growth_connection
pureweave,4.065,False,taken,True,growth_connection
pureweb,4.065,False,taken,True,growth_connection
purewire,4.065,False,taken,True,growth_connection
pushblend,4.065,False,taken_parked,True,growth_connection
pushbridge,4.065,False,taken_parked,True,growth_connection
pushchain,4.065,False,taken_parked,True,growth_connection
pushcircle,4.065,False,taken,True,growth_connection
pushcore,4.065,False,taken,True,growth_connection
pushdock,4.065,False,taken_parked,True,growth_connection
pushecho,4.065,False,taken,True,growth_connection
pushflow,4.065,False,taken_parked,True,growth_connection
pushfuse,4.065,False,taken,True,growth_connection
pushgrid,4.065,False,taken_parked,True,growth_connection
pushknit,4.065,False,taken,True,growth_connection
pushlane,4.065,False,taken_parked,True,growth_connection
pushline,4.065,False,taken,True,growth_connection
pushlink,4.065,False,taken,True,growth_connection
pushloop,4.065,False,taken_parked,True,growth_connection
pushmeet,4.065,False,taken_parked,True,growth_connection
pushmerge,4.065,False,taken,True,growth_connection
pushnet,4.065,False,taken,True,growth_connection
pushnode,4.065,False,taken,True,growth_connection
pushpath,4.065,False,taken,True,growth_connection
pushport,4.065,False,taken,True,growth_connection
pushrelay,4.065,False,taken,True,growth_connection
pushring,4.065,False,taken,True,growth_connection
pushroute,4.065,False,taken_parked,True,growth_connection
pushsignal,4.065,False,taken_parked,True,growth_connection
pushspot,4.065,False,taken,True,growth_connection
pushsync,4.065,False,taken_parked,True,growth_connection
pushtrail,4.065,False,taken_parked,True,growth_connection
pushunion,4.065,False,taken,True,growth_connection
pushwave,4.065,False,taken,True,growth_connection
pushweb,4.065,False,taken_parked,True,growth_connection
pushwire,4.065,False,taken_parked,True,growth_connection
rapidalign,4.065,False,taken,True,growth_connection
rapidblend,4.065,False,taken_parked,True,growth_connection
rapidbond,4.065,False,taken_parked,True,growth_connection
rapidchain,4.065,False,taken_parked,True,growth_connection
rapidcore,4.065,False,taken,True,growth_connection
rapidflow,4.065,False,taken_parked,True,growth_connection
rapidfuse,4.065,False,taken,True,growth_connection
rapidgrid,4.065,False,taken,True,growth_connection
rapidhub,4.065,False,taken,True,growth_connection
rapidjoin,4.065,False,taken,True,growth_connection
rapidknit,4.065,False,taken,True,growth_connection
rapidlane,4.065,False,taken_parked,True,growth_connection
rapidline,4.065,False,taken,True,growth_connection
rapidlink,4.065,False,taken,True,growth_connection
rapidloop,4.065,False,taken,True,growth_connection
rapidmeet,4.065,False,taken,True,growth_connection
rapidmerge,4.065,False,taken_parked,True,growth_connection
rapidnest,4.065,False,taken_parked,True,growth_connection
rapidnet,4.065,False,taken,True,growth_connection
rapidnode,4.065,False,taken,True,growth_connection
rapidpath,4.065,False,taken,True,growth_connection
rapidport,4.065,False,taken_parked,True,growth_connection
rapidrelay,4.065,False,taken_parked,True,growth_connection
rapidring,4.065,False,taken,True,growth_connection
rapidroute,4.065,False,taken,True,growth_connection
rapidspot,4.065,False,taken,True,growth_connection
rapidsync,4.065,False,taken_parked,True,growth_connection
rapidtrail,4.065,False,taken_parked,True,growth_connection
rapidunion,4.065,False,taken_parked,True,growth_connection
rapidweave,4.065,False,taken,True,growth_connection
rapidwire,4.065,False,taken,True,growth_connection
risealign,4.065,False,taken_parked,True,growth_connection
risebase,4.065,False,taken_parked,True,growth_connection
riseblend,4.065,False,taken,True,growth_connection
risebond,4.065,False,taken_parked,True,growth_connection
risebridge,4.065,False,taken,True,growth_connection
risechain,4.065,False,taken,True,growth_connection
risecircle,4.065,False,taken_parked,True,growth_connection
risecore,4.065,False,taken_parked,True,growth_connection
risedock,4.065,False,taken_parked,True,growth_connection
riseecho,4.065,False,taken,True,growth_connection
risefuse,4.065,False,taken_parked,True,growth_connection
risegrid,4.065,False,taken_parked,True,growth_connection
risehub,4.065,False,taken_parked,True,growth_connection
risejoin,4.065,False,taken,True,growth_connection
riseknit,4.065,False,taken,True,growth_connection
riselane,4.065,False,taken_parked,True,growth_connection
riseline,4.065,False,taken,True,growth_connection
riselink,4.065,False,taken,True,growth_connection
riseloop,4.065,False,taken_parked,True,growth_connection
risemeet,4.065,False,taken_parked,True,growth_connection
risemerge,4.065,False,taken_parked,True,growth_connection
risenest,4.065,False,taken_parked,True,growth_connection
risenet,4.065,False,taken_parked,True,growth_connection
risenode,4.065,False,taken,True,growth_connection
risepath,4.065,False,taken,True,growth_connection
riseport,4.065,False,taken_parked,True,growth_connection
riserelay,4.065,False,taken_parked,True,growth_connection
risering,4.065,False,taken_parked,True,growth_connection
riseroute,4.065,False,taken_parked,True,growth_connection
risesignal,4.065,False,taken,True,growth_connection
risespot,4.065,False,taken,True,growth_connection
risesync,4.065,False,taken,True,growth_connection
risetrail,4.065,False,taken_parked,True,growth_connection
riseunion,4.065,False,taken,True,growth_connection
risewave,4.065,False,taken,True,growth_connection
riseweave,4.065,False,taken,True,growth_connection
riseweb,4.065,False,taken_parked,True,growth_connection
risewire,4.065,False,taken,True,growth_connection
rootbase,4.065,False,taken,True,growth_connection
rootblend,4.065,False,parked_or_active_no_ns,True,growth_connection
rootbond,4.065,False,taken_parked,True,growth_connection
rootbridge,4.065,False,taken,True,growth_connection
rootchain,4.065,False,taken,True,growth_connection
rootcircle,4.065,False,taken_parked,True,growth_connection
rootcore,4.065,False,taken_parked,True,growth_connection
rootdock,4.065,False,taken,True,growth_connection
rootecho,4.065,False,taken,True,growth_connection
rootflow,4.065,False,taken_parked,True,growth_connection
rootfuse,4.065,False,taken,True,growth_connection
rootgrid,4.065,False,taken,True,growth_connection
roothub,4.065,False,taken,True,growth_connection
rootlane,4.065,False,taken,True,growth_connection
rootline,4.065,False,taken,True,growth_connection
rootloop,4.065,False,taken_parked,True,growth_connection
rootmeet,4.065,False,taken_parked,True,growth_connection
rootmerge,4.065,False,taken,True,growth_connection
rootnest,4.065,False,taken,True,growth_connection
rootnet,4.065,False,taken,True,growth_connection
rootnode,4.065,False,taken,True,growth_connection
rootpath,4.065,False,taken,True,growth_connection
rootport,4.065,False,taken,True,growth_connection
rootrelay,4.065,False,taken,True,growth_connection
rootroute,4.065,False,taken,True,growth_connection
rootsignal,4.065,False,taken_parked,True,growth_connection
rootspot,4.065,False,taken,True,growth_connection
rootsync,4.065,False,taken,True,growth_connection
rootunion,4.065,False,taken_parked,True,growth_connection
rootwave,4.065,False,taken,True,growth_connection
rootweb,4.065,False,taken,True,growth_connection
rootwire,4.065,False,taken,True,growth_connection
scalealign,4.065,False,taken_parked,True,growth_connection
scalebase,4.065,False,taken,True,growth_connection
scaleblend,4.065,False,taken_parked,True,growth_connection
scalebond,4.065,False,taken,True,growth_connection
scalechain,4.065,False,taken_parked,True,growth_connection
scalecore,4.065,False,taken_parked,True,growth_connection
scaledock,4.065,False,taken,True,growth_connection
scaleecho,4.065,False,taken_parked,True,growth_connection
scaleflow,4.065,False,taken,True,growth_connection
scalefuse,4.065,False,taken,True,growth_connection
scalegrid,4.065,False,taken,True,growth_connection
scalehub,4.065,False,taken,True,growth_connection
scalejoin,4.065,False,taken,True,growth_connection
scaleknit,4.065,False,taken,True,growth_connection
scalelane,4.065,False,taken,True,growth_connection
scaleline,4.065,False,taken,True,growth_connection
scalelink,4.065,False,taken,True,growth_connection
scaleloop,4.065,False,taken,True,growth_connection
scalemeet,4.065,False,taken,True,growth_connection
scalemerge,4.065,False,taken_parked,True,growth_connection
scalenest,4.065,False,taken_parked,True,growth_connection
scalenet,4.065,False,taken,True,growth_connection
scalenode,4.065,False,taken,True,growth_connection
scalepath,4.065,False,taken,True,growth_connection
scaleport,4.065,False,taken_parked,True,growth_connection
scalerelay,4.065,False,taken,True,growth_connection
scalering,4.065,False,taken,True,growth_connection
scaleroute,4.065,False,taken,True,growth_connection
scalespot,4.065,False,taken,True,growth_connection
scalesync,4.065,False,taken,True,growth_connection
scaletrail,4.065,False,taken_parked,True,growth_connection
scaleunion,4.065,False,taken,True,growth_connection
scalewave,4.065,False,taken,True,growth_connection
scaleweave,4.065,False,taken,True,growth_connection
scaleweb,4.065,False,taken_parked,True,growth_connection
scalewire,4.065,False,taken,True,growth_connection
scenelink,4.065,False,taken_parked,True,audience_connection
seedbase,4.065,False,taken,True,growth_connection
seedblend,4.065,False,taken_parked,True,growth_connection
seedbond,4.065,False,taken_parked,True,growth_connection
seedbridge,4.065,False,taken,True,growth_connection
seedchain,4.065,False,taken,True,growth_connection
seedcircle,4.065,False,taken,True,growth_connection
seedcore,4.065,False,taken,True,growth_connection
seedecho,4.065,False,taken,True,growth_connection
seedflow,4.065,False,taken,True,growth_connection
seedfuse,4.065,False,taken_parked,True,growth_connection
seedgather,4.065,False,taken,True,growth_connection
seedgrid,4.065,False,taken_parked,True,growth_connection
seedhub,4.065,False,taken,True,growth_connection
seedlane,4.065,False,taken_parked,True,growth_connection
seedline,4.065,False,taken,True,growth_connection
seedloop,4.065,False,taken,True,growth_connection
seedmeet,4.065,False,taken_parked,True,growth_connection
seednest,4.065,False,taken,True,growth_connection
seednet,4.065,False,taken,True,growth_connection
seednode,4.065,False,taken,True,growth_connection
seedpath,4.065,False,taken_parked,True,growth_connection
seedport,4.065,False,taken_parked,True,growth_connection
seedrelay,4.065,False,taken,True,growth_connection
seedring,4.065,False,taken_parked,True,growth_connection
seedroute,4.065,False,taken,True,growth_connection
seedsignal,4.065,False,taken,True,growth_connection
seedspot,4.065,False,taken,True,growth_connection
seedsync,4.065,False,taken_parked,True,growth_connection
seedtrail,4.065,False,taken,True,growth_connection
seedunion,4.065,False,taken_parked,True,growth_connection
seedwave,4.065,False,taken_parked,True,growth_connection
seedweave,4.065,False,taken_parked,True,growth_connection
seedweb,4.065,False,taken,True,growth_connection
seedwire,4.065,False,taken,True,growth_connection
shinealign,4.065,False,taken_parked,True,growth_connection
shinebase,4.065,False,taken_parked,True,growth_connection
shineblend,4.065,False,taken_parked,True,growth_connection
shinechain,4.065,False,taken,True,growth_connection
shinecore,4.065,False,taken_parked,True,growth_connection
shinedock,4.065,False,taken,True,growth_connection
shineecho,4.065,False,taken,True,growth_connection
shineflow,4.065,False,taken_parked,True,growth_connection
shinefuse,4.065,False,taken_parked,True,growth_connection
shinegrid,4.065,False,taken_parked,True,growth_connection
shinehub,4.065,False,taken,True,growth_connection
shinejoin,4.065,False,taken_parked,True,growth_connection
shinelane,4.065,False,taken_parked,True,growth_connection
shineline,4.065,False,taken,True,growth_connection
shinelink,4.065,False,taken,True,growth_connection
shineloop,4.065,False,taken,True,growth_connection
shinemeet,4.065,False,taken_parked,True,growth_connection
shinemerge,4.065,False,taken,True,growth_connection
shinenest,4.065,False,taken_parked,True,growth_connection
shinenet,4.065,False,taken_parked,True,growth_connection
shinenode,4.065,False,taken_parked,True,growth_connection
shinepath,4.065,False,taken_parked,True,growth_connection
shineport,4.065,False,taken_parked,True,growth_connection
shinering,4.065,False,taken,True,growth_connection
shineroute,4.065,False,taken,True,growth_connection
shinespot,4.065,False,taken,True,growth_connection
shinesync,4.065,False,taken,True,growth_connection
shinetie,4.065,False,taken,True,growth_connection
shinetrail,4.065,False,taken_parked,True,growth_connection
shineunion,4.065,False,taken_parked,True,growth_connection
shinewave,4.065,False,taken,True,growth_connection
shineweave,4.065,False,taken_parked,True,growth_connection
shineweb,4.065,False,taken,True,growth_connection
shinewire,4.065,False,taken,True,growth_connection
soarbase,4.065,False,taken_parked,True,growth_connection
soarbridge,4.065,False,taken,True,growth_connection
soarchain,4.065,False,taken,True,growth_connection
soarcircle,4.065,False,taken,True,growth_connection
soarcore,4.065,False,taken,True,growth_connection
soardock,4.065,False,taken,True,growth_connection
soarflow,4.065,False,taken,True,growth_connection
soarhub,4.065,False,taken,True,growth_connection
soarlane,4.065,False,taken,True,growth_connection
soarline,4.065,False,taken_parked,True,growth_connection
soarlink,4.065,False,taken,True,growth_connection
soarloop,4.065,False,parked_or_active_no_ns,True,growth_connection
soarnest,4.065,False,taken,True,growth_connection
soarnet,4.065,False,taken,True,growth_connection
soarpath,4.065,False,taken_parked,True,growth_connection
soarport,4.065,False,taken_parked,True,growth_connection
soarsignal,4.065,False,taken,True,growth_connection
soarspot,4.065,False,taken_parked,True,growth_connection
soarsync,4.065,False,taken,True,growth_connection
soarunion,4.065,False,taken,True,growth_connection
soarwave,4.065,False,taken_parked,True,growth_connection
soarweb,4.065,False,taken,True,growth_connection
soarwire,4.065,False,taken,True,growth_connection
sparkalign,4.065,False,taken_parked,True,growth_connection
sparkbase,4.065,False,taken,True,growth_connection
sparkblend,4.065,False,taken,True,growth_connection
sparkbond,4.065,False,taken_parked,True,growth_connection
sparkchain,4.065,False,taken,True,growth_connection
sparkcore,4.065,False,taken,True,growth_connection
sparkdock,4.065,False,taken,True,growth_connection
sparkecho,4.065,False,taken_parked,True,growth_connection
sparkflow,4.065,False,taken,True,growth_connection
sparkfuse,4.065,False,taken_parked,True,growth_connection
sparkgrid,4.065,False,taken,True,growth_connection
sparkhub,4.065,False,taken,True,growth_connection
sparkjoin,4.065,False,taken_parked,True,growth_connection
sparklane,4.065,False,taken,True,growth_connection
sparkline,4.065,False,taken,True,growth_connection
sparklink,4.065,False,taken,True,growth_connection
sparkloop,4.065,False,taken,True,growth_connection
sparkmeet,4.065,False,taken,True,growth_connection
sparkmerge,4.065,False,taken_parked,True,growth_connection
sparknet,4.065,False,taken,True,growth_connection
sparknode,4.065,False,taken,True,growth_connection
sparkpath,4.065,False,taken,True,growth_connection
sparkport,4.065,False,taken_parked,True,growth_connection
sparkrelay,4.065,False,taken_parked,True,growth_connection
sparkring,4.065,False,taken,True,growth_connection
sparkroute,4.065,False,taken,True,growth_connection
sparkspot,4.065,False,taken,True,growth_connection
sparksync,4.065,False,taken_parked,True,growth_connection
sparktie,4.065,False,taken,True,growth_connection
sparktrail,4.065,False,taken,True,growth_connection
sparkunion,4.065,False,taken_parked,True,growth_connection
sparkwave,4.065,False,taken,True,growth_connection
sparkweave,4.065,False,taken,True,growth_connection
sparkwire,4.065,False,taken,True,growth_connection
stagelink,4.065,False,taken,True,audience_connection
surgealign,4.065,False,taken_parked,True,growth_connection
surgebase,4.065,False,taken_parked,True,growth_connection
surgebond,4.065,False,taken,True,growth_connection
surgechain,4.065,False,taken_parked,True,growth_connection
surgecore,4.065,False,taken_parked,True,growth_connection
surgedock,4.065,False,taken_parked,True,growth_connection
surgeecho,4.065,False,taken_parked,True,growth_connection
surgeflow,4.065,False,taken,True,growth_connection
surgefuse,4.065,False,taken,True,growth_connection
surgegrid,4.065,False,taken,True,growth_connection
surgehub,4.065,False,taken_parked,True,growth_connection
surgelane,4.065,False,taken_parked,True,growth_connection
surgeline,4.065,False,taken,True,growth_connection
surgelink,4.065,False,taken,True,growth_connection
surgeloop,4.065,False,taken_parked,True,growth_connection
surgemerge,4.065,False,taken_parked,True,growth_connection
surgenest,4.065,False,taken_parked,True,growth_connection
surgenet,4.065,False,taken,True,growth_connection
surgenode,4.065,False,taken_parked,True,growth_connection
surgepath,4.065,False,taken_parked,True,growth_connection
surgeport,4.065,False,taken,True,growth_connection
surgeroute,4.065,False,taken_parked,True,growth_connection
surgespot,4.065,False,taken_parked,True,growth_connection
surgesync,4.065,False,taken_parked,True,growth_connection
surgetrail,4.065,False,taken_parked,True,growth_connection
surgewave,4.065,False,taken_parked,True,growth_connection
surgeweb,4.065,False,taken,True,growth_connection
surgewire,4.065,False,taken,True,growth_connection
swiftalign,4.065,False,taken_parked,True,growth_connection
swiftbase,4.065,False,taken,True,growth_connection
swiftblend,4.065,False,taken_parked,True,growth_connection
swiftbond,4.065,False,taken_parked,True,growth_connection
swiftchain,4.065,False,taken_parked,True,growth_connection
swiftcore,4.065,False,taken,True,growth_connection
swiftdock,4.065,False,taken_parked,True,growth_connection
swiftecho,4.065,False,taken,True,growth_connection
swiftflow,4.065,False,taken,True,growth_connection
swiftfuse,4.065,False,taken,True,growth_connection
swiftgrid,4.065,False,taken,True,growth_connection
swifthub,4.065,False,taken,True,growth_connection
swiftjoin,4.065,False,taken,True,growth_connection
swiftknit,4.065,False,taken,True,growth_connection
swiftlane,4.065,False,taken,True,growth_connection
swiftline,4.065,False,taken,True,growth_connection
swiftlink,4.065,False,taken,True,growth_connection
swiftloop,4.065,False,taken,True,growth_connection
swiftmeet,4.065,False,taken_parked,True,growth_connection
swiftmerge,4.065,False,taken,True,growth_connection
swiftnest,4.065,False,taken,True,growth_connection
swiftnet,4.065,False,taken_parked,True,growth_connection
swiftnode,4.065,False,taken,True,growth_connection
swiftpath,4.065,False,taken,True,growth_connection
swiftport,4.065,False,taken_parked,True,growth_connection
swiftrelay,4.065,False,taken_parked,True,growth_connection
swiftring,4.065,False,taken_parked,True,growth_connection
swiftroute,4.065,False,taken,True,growth_connection
swiftsync,4.065,False,taken_parked,True,growth_connection
swiftunion,4.065,False,taken_parked,True,growth_connection
swiftwave,4.065,False,taken,True,growth_connection
swiftweave,4.065,False,taken_parked,True,growth_connection
swiftweb,4.065,False,taken,True,growth_connection
swiftwire,4.065,False,taken_parked,True,growth_connection
thrivebase,4.065,False,taken_parked,True,growth_connection
thrivebond,4.065,False,taken,True,growth_connection
thrivecore,4.065,False,taken_parked,True,growth_connection
thrivedock,4.065,False,taken_parked,True,growth_connection
thriveecho,4.065,False,taken_parked,True,growth_connection
thriveflow,4.065,False,taken,True,growth_connection
thrivefuse,4.065,False,taken_parked,True,growth_connection
thrivegrid,4.065,False,taken,True,growth_connection
thrivelane,4.065,False,taken_parked,True,growth_connection
thriveline,4.065,False,taken,True,growth_connection
thriveloop,4.065,False,taken_parked,True,growth_connection
thrivemeet,4.065,False,taken_parked,True,growth_connection
thrivenest,4.065,False,taken_parked,True,growth_connection
thrivenet,4.065,False,taken,True,growth_connection
thrivenode,4.065,False,taken_parked,True,growth_connection
thrivepath,4.065,False,taken,True,growth_connection
thriveport,4.065,False,taken,True,growth_connection
thrivering,4.065,False,taken_parked,True,growth_connection
thrivespot,4.065,False,taken_parked,True,growth_connection
thrivesync,4.065,False,taken_parked,True,growth_connection
thrivewave,4.065,False,taken_parked,True,growth_connection
thriveweb,4.065,False,taken,True,growth_connection
thrivewire,4.065,False,taken_parked,True,growth_connection
tribelink,4.065,False,taken,True,audience_connection
truealign,4.065,False,taken_parked,True,growth_connection
truebase,4.065,False,taken,True,growth_connection
trueblend,4.065,False,taken,True,growth_connection
truebond,4.065,False,taken,True,growth_connection
truebridge,4.065,False,taken,True,growth_connection
truecircle,4.065,False,taken,True,growth_connection
truedock,4.065,False,taken_parked,True,growth_connection
trueecho,4.065,False,taken,True,growth_connection
trueflow,4.065,False,taken,True,growth_connection
truefuse,4.065,False,taken_parked,True,growth_connection
truegather,4.065,False,taken_parked,True,growth_connection
truegrid,4.065,False,taken,True,growth_connection
truehub,4.065,False,taken,True,growth_connection
truejoin,4.065,False,taken,True,growth_connection
trueknit,4.065,False,taken,True,growth_connection
truelane,4.065,False,taken_parked,True,growth_connection
trueline,4.065,False,taken,True,growth_connection
truelink,4.065,False,taken,True,growth_connection
trueloop,4.065,False,taken_parked,True,growth_connection
truemeet,4.065,False,taken_parked,True,growth_connection
truemerge,4.065,False,taken_parked,True,growth_connection
truenest,4.065,False,taken,True,growth_connection
truenet,4.065,False,taken,True,growth_connection
truenode,4.065,False,taken,True,growth_connection
truepath,4.065,False,taken,True,growth_connection
trueport,4.065,False,taken,True,growth_connection
truerelay,4.065,False,taken_parked,True,growth_connection
truering,4.065,False,taken,True,growth_connection
trueroute,4.065,False,taken,True,growth_connection
truespot,4.065,False,taken,True,growth_connection
truesync,4.065,False,taken,True,growth_connection
truetie,4.065,False,taken,True,growth_connection
truetrail,4.065,False,taken_parked,True,growth_connection
truewave,4.065,False,taken_parked,True,growth_connection
trueweave,4.065,False,taken,True,growth_connection
trueweb,4.065,False,taken,True,growth_connection
truewire,4.065,False,taken_parked,True,growth_connection
venuelink,4.065,False,taken_parked,True,audience_connection
vividbase,4.065,False,parked_or_active_no_ns,True,growth_connection
vividblend,4.065,False,taken,True,growth_connection
vividchain,4.065,False,taken_parked,True,growth_connection
vividcore,4.065,False,taken,True,growth_connection
vividecho,4.065,False,taken,True,growth_connection
vividflow,4.065,False,taken,True,growth_connection
vividfuse,4.065,False,taken_parked,True,growth_connection
vividgrid,4.065,False,parked_or_active_no_ns,True,growth_connection
vividhub,4.065,False,parked_or_active_no_ns,True,growth_connection
vividknit,4.065,False,taken_parked,True,growth_connection
vividlane,4.065,False,taken_parked,True,growth_connection
vividline,4.065,False,taken,True,growth_connection
vividlink,4.065,False,taken,True,growth_connection
vividloop,4.065,False,taken_parked,True,growth_connection
vividmerge,4.065,False,taken_parked,True,growth_connection
vividnest,4.065,False,taken_parked,True,growth_connection
vividnet,4.065,False,taken,True,growth_connection
vividnode,4.065,False,taken,True,growth_connection
vividpath,4.065,False,taken_parked,True,growth_connection
vividport,4.065,False,taken_parked,True,growth_connection
vividrelay,4.065,False,taken,True,growth_connection
vividring,4.065,False,taken,True,growth_connection
vividroute,4.065,False,taken,True,growth_connection
vividspot,4.065,False,taken,True,growth_connection
vividsync,4.065,False,taken,True,growth_connection
vividtie,4.065,False,taken,True,growth_connection
vividtrail,4.065,False,taken_parked,True,growth_connection
vividunion,4.065,False,taken_parked,True,growth_connection
vividwave,4.065,False,parked_or_active_no_ns,True,growth_connection
vividweave,4.065,False,taken_parked,True,growth_connection
vividweb,4.065,False,taken,True,growth_connection
vividwire,4.065,False,taken,True,growth_connection
anchorlynk,4.037,False,taken,True,growth_connection
artistlynk,4.037,False,taken,True,audience_connection
beaconlynk,4.037,False,taken,True,growth_connection
bridgelynk,4.037,False,taken,True,blend
brightlynk,4.037,False,taken,True,growth_connection
directlynk,4.037,False,taken,True,audience_connection
anchorring,4.015,False,taken,True,growth_connection
beaconnest,4.015,False,taken_parked,True,growth_connection
beaconnet,4.015,False,taken,True,growth_connection
beaconnode,4.015,False,taken,True,growth_connection
bloommeet,4.015,False,taken,True,growth_connection
bloommerge,4.015,False,taken_parked,True,growth_connection
bolddock,4.015,False,taken_parked,True,growth_connection
boosttrail,4.015,False,taken_parked,True,growth_connection
brighttie,4.015,False,taken,True,growth_connection
builddock,4.015,False,taken_parked,True,growth_connection
clearring,4.015,False,taken_parked,True,growth_connection
clearroute,4.015,False,taken,True,growth_connection
dashhub,4.015,False,taken_parked,True,growth_connection
freshhub,4.015,False,parked_or_active_no_ns,True,growth_connection
fuellane,4.015,False,taken,True,growth_connection
fuelline,4.015,False,taken_parked,True,growth_connection
fuellink,4.015,False,taken_parked,True,growth_connection
fuelloop,4.015,False,taken,True,growth_connection
glowwave,4.015,False,taken,True,growth_connection
glowweave,4.015,False,taken_parked,True,growth_connection
glowweb,4.015,False,taken_parked,True,growth_connection
glowwire,4.015,False,taken_parked,True,growth_connection
growwave,4.015,False,taken_parked,True,growth_connection
growweave,4.015,False,taken,True,growth_connection
growweb,4.015,False,taken_parked,True,growth_connection
growwire,4.015,False,taken,True,growth_connection
harborring,4.015,False,taken_parked,True,growth_connection
launchhub,4.015,False,taken,True,growth_connection
lifttrail,4.015,False,taken,True,growth_connection
nesttrail,4.015,False,taken,True,growth_connection
opennest,4.015,False,taken,True,growth_connection
opennet,4.015,False,taken,True,growth_connection
opennode,4.015,False,taken,True,growth_connection
orbittie,4.015,False,taken,True,growth_connection
orbittrail,4.015,False,taken_parked,True,growth_connection
pushhub,4.015,False,taken_parked,True,growth_connection
rallybase,4.015,False,taken_parked,True,growth_connection
rallychain,4.015,False,taken,True,growth_connection
rallycore,4.015,False,taken,True,growth_connection
rallydock,4.015,False,taken,True,growth_connection
rallyflow,4.015,False,taken,True,growth_connection
rallygrid,4.015,False,taken,True,growth_connection
rallyjoin,4.015,False,taken,True,growth_connection
rallylane,4.015,False,taken,True,growth_connection
rallyline,4.015,False,taken_parked,True,growth_connection
rallylink,4.015,False,taken,True,growth_connection
rallyloop,4.015,False,taken,True,growth_connection
rallymeet,4.015,False,taken_parked,True,growth_connection
rallynest,4.015,False,taken,True,growth_connection
rallynet,4.015,False,parked_or_active_no_ns,True,growth_connection
rallynode,4.015,False,taken,True,growth_connection
rallypath,4.015,False,taken_parked,True,growth_connection
rallyport,4.015,False,taken,True,growth_connection
rallyroute,4.015,False,taken_parked,True,growth_connection
rallyspot,4.015,False,parked_or_active_no_ns,True,growth_connection
rallysync,4.015,False,taken_parked,True,growth_connection
rallytrail,4.015,False,taken_parked,True,growth_connection
rallyunion,4.015,False,taken_parked,True,growth_connection
rallywave,4.015,False,taken_parked,True,growth_connection
rallyweb,4.015,False,taken_parked,True,growth_connection
rallywire,4.015,False,taken_parked,True,growth_connection
rapiddock,4.015,False,taken_parked,True,growth_connection
roottrail,4.015,False,taken,True,growth_connection
seeddock,4.015,False,taken,True,growth_connection
soarring,4.015,False,taken_parked,True,growth_connection
swifttie,4.015,False,taken,True,growth_connection
swifttrail,4.015,False,taken_parked,True,growth_connection
beaconlink,4.01,False,taken_parked,True,growth_connection
brightlink,4.01,False,taken,True,growth_connection
directlink,4.01,False,taken,True,audience_connection
harborlink,4.01,False,taken,True,growth_connection
launchlink,4.01,False,taken_parked,True,growth_connection
thrivelink,4.01,False,taken,True,growth_connection
anchoralign,3.982,False,taken,True,growth_connection
anchorbridge,3.982,False,taken,True,growth_connection
anchorchain,3.982,False,taken,True,growth_connection
anchorcircle,3.982,False,taken_parked,True,growth_connection
anchorsignal,3.982,False,taken_parked,True,growth_connection
anchortrail,3.982,False,taken,True,growth_connection
anchorunion,3.982,False,taken,True,growth_connection
anchorweave,3.982,False,taken,True,growth_connection
beaconblend,3.982,False,taken_parked,True,growth_connection
beaconbridge,3.982,False,taken,True,growth_connection
beaconchain,3.982,False,taken,True,growth_connection
beaconcircle,3.982,False,taken,True,growth_connection
beaconroute,3.982,False,taken,True,growth_connection
beaconsignal,3.982,False,taken,True,growth_connection
beacontrail,3.982,False,taken_parked,True,growth_connection
beaconunion,3.982,False,taken,True,growth_connection
bloombridge,3.982,False,taken,True,growth_connection
bloomgather,3.982,False,taken,True,growth_connection
bloomsignal,3.982,False,taken,True,growth_connection
boostbridge,3.982,False,parked_or_active_no_ns,True,growth_connection
boostcircle,3.982,False,taken,True,growth_connection
boostgather,3.982,False,taken,True,growth_connection
boostsignal,3.982,False,taken,True,growth_connection
bravebridge,3.982,False,taken,True,growth_connection
bravecircle,3.982,False,taken,True,growth_connection
bravesignal,3.982,False,taken_parked,True,growth_connection
brightalign,3.982,False,taken_parked,True,growth_connection
brightblend,3.982,False,taken_parked,True,growth_connection
brightbridge,3.982,False,taken,True,growth_connection
brightchain,3.982,False,parked_or_active_no_ns,True,growth_connection
brightcircle,3.982,False,taken,True,growth_connection
brightgather,3.982,False,taken,True,growth_connection
brightmerge,3.982,False,taken,True,growth_connection
brightrelay,3.982,False,taken_parked,True,growth_connection
brightroute,3.982,False,taken_parked,True,growth_connection
brightsignal,3.982,False,taken_parked,True,growth_connection
brightweave,3.982,False,taken_parked,True,growth_connection
buildbridge,3.982,False,taken_parked,True,growth_connection
buildcircle,3.982,False,taken,True,growth_connection
buildgather,3.982,False,taken,True,growth_connection
buildsignal,3.982,False,taken,True,growth_connection
clearbridge,3.982,False,taken,True,growth_connection
clearcircle,3.982,False,taken,True,growth_connection
cleargather,3.982,False,taken,True,growth_connection
clearsignal,3.982,False,taken,True,growth_connection
drivebridge,3.982,False,taken_parked,True,growth_connection
drivecircle,3.982,False,taken_parked,True,growth_connection
drivegather,3.982,False,taken_parked,True,growth_connection
drivesignal,3.982,False,taken_parked,True,growth_connection
flamebridge,3.982,False,taken_parked,True,growth_connection
flamecircle,3.982,False,taken,True,growth_connection
flamesignal,3.982,False,taken_parked,True,growth_connection
flourcircle,3.982,False,taken,True,growth_connection
forgebridge,3.982,False,taken_parked,True,growth_connection
forgecircle,3.982,False,taken_parked,True,growth_connection
freshbridge,3.982,False,taken_parked,True,growth_connection
freshcircle,3.982,False,taken_parked,True,growth_connection
freshgather,3.982,False,taken_parked,True,growth_connection
freshsignal,3.982,False,taken_parked,True,growth_connection
harboralign,3.982,False,taken,True,growth_connection
harborbridge,3.982,False,taken_parked,True,growth_connection
harborchain,3.982,False,taken,True,growth_connection
harborcircle,3.982,False,taken_parked,True,growth_connection
harborgather,3.982,False,taken,True,growth_connection
harborsignal,3.982,False,taken,True,growth_connection
harbortrail,3.982,False,taken,True,growth_connection
harborunion,3.982,False,taken_parked,True,growth_connection
harborweave,3.982,False,taken,True,growth_connection
ignitealign,3.982,False,taken_parked,True,growth_connection
ignitechain,3.982,False,taken_parked,True,growth_connection
ignitetrail,3.982,False,taken_parked,True,growth_connection
launchalign,3.982,False,taken_parked,True,growth_connection
launchblend,3.982,False,taken_parked,True,growth_connection
launchbridge,3.982,False,taken,True,growth_connection
launchchain,3.982,False,taken,True,growth_connection
launchgather,3.982,False,taken,True,growth_connection
launchrelay,3.982,False,taken_parked,True,growth_connection
launchroute,3.982,False,taken,True,growth_connection
launchsignal,3.982,False,taken,True,growth_connection
launchtrail,3.982,False,taken_parked,True,growth_connection
launchunion,3.982,False,taken,True,growth_connection
launchweave,3.982,False,taken,True,growth_connection
lynkdirect,3.982,False,taken,True,blend
lynklaunch,3.982,False,taken_parked,True,blend
lynksignal,3.982,False,taken,True,blend
orbitbridge,3.982,False,taken_parked,True,growth_connection
orbitcircle,3.982,False,taken_parked,True,growth_connection
orbitsignal,3.982,False,taken_parked,True,growth_connection
primecircle,3.982,False,taken,True,growth_connection
primegather,3.982,False,taken,True,growth_connection
primesignal,3.982,False,taken_parked,True,growth_connection
pulsebridge,3.982,False,taken,True,growth_connection
pulsecircle,3.982,False,taken_parked,True,growth_connection
pulsegather,3.982,False,taken,True,growth_connection
pulsesignal,3.982,False,taken,True,growth_connection
rapidbridge,3.982,False,taken_parked,True,growth_connection
rapidcircle,3.982,False,taken,True,growth_connection
rapidsignal,3.982,False,taken_parked,True,growth_connection
scalebridge,3.982,False,taken,True,growth_connection
scalecircle,3.982,False,taken,True,growth_connection
scalegather,3.982,False,taken,True,growth_connection
scalesignal,3.982,False,taken,True,growth_connection
shinebridge,3.982,False,taken_parked,True,growth_connection
shinecircle,3.982,False,taken_parked,True,growth_connection
shinesignal,3.982,False,taken,True,growth_connection
sparkbridge,3.982,False,taken,True,growth_connection
sparkcircle,3.982,False,taken_parked,True,growth_connection
sparkgather,3.982,False,taken_parked,True,growth_connection
sparksignal,3.982,False,taken_parked,True,growth_connection
surgebridge,3.982,False,taken,True,growth_connection
surgecircle,3.982,False,taken,True,growth_connection
surgesignal,3.982,False,taken_parked,True,growth_connection
swiftbridge,3.982,False,taken,True,growth_connection
swiftcircle,3.982,False,taken,True,growth_connection
swiftgather,3.982,False,taken,True,growth_connection
swiftsignal,3.982,False,taken,True,growth_connection
thrivealign,3.982,False,parked_or_active_no_ns,True,growth_connection
thriveblend,3.982,False,taken_parked,True,growth_connection
thrivebridge,3.982,False,taken,True,growth_connection
thrivechain,3.982,False,taken,True,growth_connection
thrivecircle,3.982,False,taken,True,growth_connection
thrivegather,3.982,False,taken_parked,True,growth_connection
thrivemerge,3.982,False,taken_parked,True,growth_connection
thriveroute,3.982,False,taken,True,growth_connection
thrivesignal,3.982,False,taken,True,growth_connection
thrivetrail,3.982,False,taken_parked,True,growth_connection
thriveunion,3.982,False,taken,True,growth_connection
thriveweave,3.982,False,parked_or_active_no_ns,True,growth_connection
vividbridge,3.982,False,taken,True,growth_connection
vividsignal,3.982,False,taken,True,growth_connection
anchorrelay,3.933,False,taken,True,growth_connection
anchorroute,3.933,False,taken,True,growth_connection
brighttrail,3.933,False,taken,True,growth_connection
harborrelay,3.933,False,taken,True,growth_connection
harborroute,3.933,False,taken,True,growth_connection
rallybridge,3.933,False,taken,True,growth_connection
rallycircle,3.933,False,taken,True,growth_connection
rallysignal,3.933,False,taken_parked,True,growth_connection
creatorlink,3.927,False,taken,True,audience_connection
lynknetwork,3.9,False,taken_parked,True,blend
collectlink,3.878,False,taken,True,audience_connection
supportlink,3.878,False,taken_parked,True,audience_connection
artnect,3.85,False,taken,False,blend
crowdnect,3.85,False,taken,False,audience_connection
gignect,3.85,False,taken,False,audience_connection
livenect,3.85,False,taken,False,audience_connection
lynkhq,3.823,False,taken,True,blend
ignitebase,3.817,False,taken_parked,True,growth_connection
ignitecore,3.817,False,taken_parked,True,growth_connection
ignitefuse,3.817,False,taken_parked,True,growth_connection
ignitelane,3.817,False,taken_parked,True,growth_connection
igniteline,3.817,False,taken_parked,True,growth_connection
ignitenode,3.817,False,taken,True,growth_connection
ignitewave,3.817,False,taken_parked,True,growth_connection
ignitewire,3.817,False,taken_parked,True,growth_connection
artistmesh,3.815,False,taken,False,audience_connection
crowdmesh,3.815,False,taken,False,audience_connection
directmesh,3.815,False,taken,False,audience_connection
gigmesh,3.815,False,taken_parked,False,audience_connection
indiemesh,3.815,False,taken_parked,False,audience_connection
livemesh,3.815,False,taken,False,audience_connection
ownmesh,3.815,False,taken_parked,False,audience_connection
scenemesh,3.815,False,taken_parked,False,audience_connection
stagemesh,3.815,False,taken,False,audience_connection
tribemesh,3.815,False,taken,False,audience_connection
venuemesh,3.815,False,taken_parked,False,audience_connection
fannect,3.805,False,taken_parked,False,audience_connection
creatormesh,3.74,False,taken_parked,False,audience_connection
ignitebridge,3.735,False,taken_parked,True,growth_connection
ignitecircle,3.735,False,taken_parked,True,growth_connection
igniteroute,3.735,False,taken_parked,True,growth_connection
ignitesignal,3.735,False,taken,True,growth_connection
artistapex,3.695,False,taken,False,audience_growth
artistbold,3.695,False,taken,False,audience_growth
artistbond,3.695,False,taken,False,audience_connection
artistcore,3.695,False,taken_parked,False,audience_connection
artistdash,3.695,False,taken_parked,False,audience_growth
artistdock,3.695,False,taken_parked,False,audience_connection
artistecho,3.695,False,taken,False,audience_connection
artistflow,3.695,False,taken,False,audience_connection
artistfree,3.695,False,taken_parked,False,audience_growth
artistfuel,3.695,False,parked_or_active_no_ns,False,audience_growth
artistglow,3.695,False,taken,False,audience_growth
artistgrid,3.695,False,taken,False,audience_connection
artistgrow,3.695,False,taken,False,audience_growth
artisthub,3.695,False,taken,False,audience_connection
artistjoin,3.695,False,taken,False,audience_connection
artistlane,3.695,False,taken,False,audience_connection
artistlift,3.695,False,taken,False,audience_growth
artistline,3.695,False,taken_parked,False,audience_connection
artistloop,3.695,False,taken,False,audience_connection
artistmeet,3.695,False,taken_parked,False,audience_connection
artistnest,3.695,False,taken,False,audience_connection
artistnet,3.695,False,taken,False,audience_connection
artistnode,3.695,False,taken,False,audience_connection
artistnova,3.695,False,taken,False,audience_growth
artistpath,3.695,False,taken,False,audience_connection
artistpeak,3.695,False,taken,False,audience_growth
artistport,3.695,False,taken_parked,False,audience_connection
artistpure,3.695,False,taken,False,audience_growth
artistpush,3.695,False,taken_parked,False,audience_growth
artistring,3.695,False,taken_parked,False,audience_connection
artistrise,3.695,False,taken,False,audience_growth
artistroot,3.695,False,taken,False,audience_growth
artistseed,3.695,False,taken,False,audience_growth
artistspot,3.695,False,taken,False,audience_connection
artistsync,3.695,False,taken,False,audience_connection
artistwave,3.695,False,taken,False,audience_connection
artistweb,3.695,False,taken_parked,False,audience_connection
artistwire,3.695,False,taken,False,audience_connection
creatorhub,3.695,False,taken,False,audience_connection
creatornet,3.695,False,taken_parked,False,audience_connection
creatorweb,3.695,False,taken,False,audience_connection
crowdalign,3.695,False,taken_parked,False,audience_connection
crowdapex,3.695,False,taken,False,audience_growth
crowdbase,3.695,False,taken,False,audience_connection
crowdblend,3.695,False,taken_parked,False,audience_connection
crowdbloom,3.695,False,taken,False,audience_growth
crowdbold,3.695,False,taken,False,audience_growth
crowdbond,3.695,False,taken,False,audience_connection
crowdboost,3.695,False,taken,False,audience_growth
crowdbuild,3.695,False,taken_parked,False,audience_growth
crowdchain,3.695,False,taken,False,audience_connection
crowdclear,3.695,False,taken_parked,False,audience_growth
crowdcore,3.695,False,taken,False,audience_connection
crowdecho,3.695,False,taken,False,audience_connection
crowdflame,3.695,False,taken_parked,False,audience_growth
crowdflow,3.695,False,taken,False,audience_connection
crowdforge,3.695,False,taken,False,audience_growth
crowdfree,3.695,False,taken_parked,False,audience_growth
crowdfresh,3.695,False,parked_or_active_no_ns,False,audience_growth
crowdfuel,3.695,False,taken,False,audience_growth
crowdfuse,3.695,False,taken_parked,False,audience_connection
crowdglow,3.695,False,taken,False,audience_growth
crowdgrid,3.695,False,taken_parked,False,audience_connection
crowdgrow,3.695,False,parked_or_active_no_ns,False,audience_growth
crowdhub,3.695,False,taken,False,audience_connection
crowdjoin,3.695,False,taken_parked,False,audience_connection
crowdlane,3.695,False,taken_parked,False,audience_connection
crowdlift,3.695,False,taken,False,audience_growth
crowdline,3.695,False,taken,False,audience_connection
crowdloop,3.695,False,taken,False,audience_connection
crowdmerge,3.695,False,taken_parked,False,audience_connection
crowdnest,3.695,False,taken,False,audience_connection
crowdnet,3.695,False,taken_parked,False,audience_connection
crowdnode,3.695,False,taken,False,audience_connection
crowdnova,3.695,False,taken_parked,False,audience_growth
crowdopen,3.695,False,taken_parked,False,audience_growth
crowdorbit,3.695,False,taken_parked,False,audience_growth
crowdpath,3.695,False,taken,False,audience_connection
crowdpeak,3.695,False,taken,False,audience_growth
crowdport,3.695,False,taken_parked,False,audience_connection
crowdprime,3.695,False,taken,False,audience_growth
crowdpulse,3.695,False,taken,False,audience_growth
crowdpure,3.695,False,taken_parked,False,audience_growth
crowdpush,3.695,False,taken,False,audience_growth
crowdrelay,3.695,False,taken,False,audience_connection
crowdring,3.695,False,taken,False,audience_connection
crowdrise,3.695,False,taken,False,audience_growth
crowdroot,3.695,False,taken_parked,False,audience_growth
crowdroute,3.695,False,taken_parked,False,audience_connection
crowdscale,3.695,False,taken,False,audience_growth
crowdseed,3.695,False,taken,False,audience_growth
crowdshine,3.695,False,taken,False,audience_growth
crowdsoar,3.695,False,taken_parked,False,audience_growth
crowdspark,3.695,False,taken,False,audience_growth
crowdspot,3.695,False,taken,False,audience_connection
crowdsurge,3.695,False,taken,False,audience_growth
crowdswift,3.695,False,taken,False,audience_growth
crowdsync,3.695,False,taken,False,audience_connection
crowdtie,3.695,False,taken,False,audience_connection
crowdtrail,3.695,False,taken,False,audience_connection
crowdtrue,3.695,False,taken_parked,False,audience_growth
crowdunion,3.695,False,taken_parked,False,audience_connection
crowdwave,3.695,False,taken,False,audience_connection
crowdweave,3.695,False,taken,False,audience_connection
crowdweb,3.695,False,taken,False,audience_connection
crowdwire,3.695,False,taken,False,audience_connection
directapex,3.695,False,taken_parked,False,audience_growth
directbase,3.695,False,taken_parked,False,audience_connection
directbold,3.695,False,taken,False,audience_growth
directbond,3.695,False,taken_parked,False,audience_connection
directcore,3.695,False,taken,False,audience_connection
directdash,3.695,False,taken_parked,False,audience_growth
directdock,3.695,False,taken_parked,False,audience_connection
directecho,3.695,False,taken_parked,False,audience_connection
directflow,3.695,False,taken,False,audience_connection
directfree,3.695,False,taken_parked,False,audience_growth
directfuel,3.695,False,taken_parked,False,audience_growth
directfuse,3.695,False,taken,False,audience_connection
directglow,3.695,False,taken,False,audience_growth
directgrid,3.695,False,taken,False,audience_connection
directgrow,3.695,False,taken_parked,False,audience_growth
directhub,3.695,False,taken,False,audience_connection
directjoin,3.695,False,taken_parked,False,audience_connection
directlane,3.695,False,taken_parked,False,audience_connection
directlift,3.695,False,taken,False,audience_growth
directline,3.695,False,taken,False,audience_connection
directloop,3.695,False,taken,False,audience_connection
directmeet,3.695,False,taken_parked,False,audience_connection
directnest,3.695,False,taken,False,audience_connection
directnet,3.695,False,taken,False,audience_connection
directnode,3.695,False,taken_parked,False,audience_connection
directnova,3.695,False,taken_parked,False,audience_growth
directopen,3.695,False,taken_parked,False,audience_growth
directpath,3.695,False,taken,False,audience_connection
directpeak,3.695,False,taken_parked,False,audience_growth
directport,3.695,False,taken,False,audience_connection
directpure,3.695,False,taken_parked,False,audience_growth
directpush,3.695,False,taken_parked,False,audience_growth
directring,3.695,False,taken,False,audience_connection
directrise,3.695,False,taken_parked,False,audience_growth
directroot,3.695,False,taken_parked,False,audience_growth
directseed,3.695,False,taken,False,audience_growth
directspot,3.695,False,taken_parked,False,audience_connection
directsync,3.695,False,taken_parked,False,audience_connection
directwave,3.695,False,taken,False,audience_connection
directweb,3.695,False,taken,False,audience_connection
directwire,3.695,False,taken,False,audience_connection
fanalign,3.695,False,taken,False,audience_connection
fananchor,3.695,False,taken_parked,False,audience_growth
fanapex,3.695,False,parked_or_active_no_ns,False,audience_growth
fanbase,3.695,False,taken,False,audience_connection
fanbeacon,3.695,False,taken,False,audience_growth
fanblend,3.695,False,taken_parked,False,audience_connection
fanbloom,3.695,False,taken,False,audience_growth
fanbold,3.695,False,taken,False,audience_growth
fanbond,3.695,False,taken,False,audience_connection
fanboost,3.695,False,taken,False,audience_growth
fanbridge,3.695,False,taken,False,audience_connection
fanbright,3.695,False,taken_parked,False,audience_growth
fanbuild,3.695,False,taken,False,audience_growth
fanchain,3.695,False,taken,False,audience_connection
fancircle,3.695,False,taken,False,audience_connection
fancore,3.695,False,taken,False,audience_connection
fandash,3.695,False,taken,False,audience_growth
fandock,3.695,False,taken_parked,False,audience_connection
fandrive,3.695,False,taken_parked,False,audience_growth
fanecho,3.695,False,taken_parked,False,audience_connection
fanflame,3.695,False,taken_parked,False,audience_growth
fanflow,3.695,False,taken,False,audience_connection
fanforge,3.695,False,taken,False,audience_growth
fanfree,3.695,False,taken_parked,False,audience_growth
fanfresh,3.695,False,taken,False,audience_growth
fanfuel,3.695,False,taken,False,audience_growth
fanfuse,3.695,False,taken,False,audience_connection
fangather,3.695,False,taken,False,audience_connection
fanglow,3.695,False,taken,False,audience_growth
fangrid,3.695,False,taken,False,audience_connection
fangrow,3.695,False,taken,False,audience_growth
fanharbor,3.695,False,taken_parked,False,audience_growth
fanhub,3.695,False,taken,False,audience_connection
fanignite,3.695,False,taken,False,audience_growth
fanjoin,3.695,False,taken_parked,False,audience_connection
fanlane,3.695,False,taken_parked,False,audience_connection
fanlaunch,3.695,False,taken_parked,False,audience_growth
fanlift,3.695,False,taken,False,audience_growth
fanline,3.695,False,taken,False,audience_connection
fanloop,3.695,False,taken,False,audience_connection
fanmerge,3.695,False,parked_or_active_no_ns,False,audience_connection
fanopen,3.695,False,taken,False,audience_growth
fanorbit,3.695,False,taken_parked,False,audience_growth
fanpeak,3.695,False,taken,False,audience_growth
fanport,3.695,False,taken,False,audience_connection
fanprime,3.695,False,taken,False,audience_growth
fanpulse,3.695,False,taken,False,audience_growth
fanpure,3.695,False,taken_parked,False,audience_growth
fanpush,3.695,False,taken,False,audience_growth
fanrelay,3.695,False,taken_parked,False,audience_connection
fanrise,3.695,False,taken_parked,False,audience_growth
fanroot,3.695,False,taken_parked,False,audience_growth
fanroute,3.695,False,taken_parked,False,audience_connection
fanseed,3.695,False,taken,False,audience_growth
fanshine,3.695,False,taken,False,audience_growth
fansignal,3.695,False,taken,False,audience_connection
fansoar,3.695,False,taken,False,audience_growth
fanspark,3.695,False,taken,False,audience_growth
fanspot,3.695,False,parked_or_active_no_ns,False,audience_connection
fanswift,3.695,False,taken_parked,False,audience_growth
fansync,3.695,False,taken_parked,False,audience_connection
fanthrive,3.695,False,taken_parked,False,audience_growth
fantie,3.695,False,taken,False,audience_connection
fantrail,3.695,False,taken_parked,False,audience_connection
fantrue,3.695,False,taken_parked,False,audience_growth
fanunion,3.695,False,taken,False,audience_connection
fanwave,3.695,False,taken,False,audience_connection
fanweave,3.695,False,taken,False,audience_connection
fanweb,3.695,False,taken,False,audience_connection
fanwire,3.695,False,taken,False,audience_connection
gigalign,3.695,False,taken,False,audience_connection
giganchor,3.695,False,taken,False,audience_growth
gigapex,3.695,False,taken,False,audience_growth
gigbase,3.695,False,taken,False,audience_connection
gigbeacon,3.695,False,taken,False,audience_growth
gigblend,3.695,False,taken_parked,False,audience_connection
gigbloom,3.695,False,taken_parked,False,audience_growth
gigbold,3.695,False,taken_parked,False,audience_growth
gigbond,3.695,False,taken_parked,False,audience_connection
gigboost,3.695,False,taken_parked,False,audience_growth
gigbridge,3.695,False,taken,False,audience_connection
gigbright,3.695,False,taken_parked,False,audience_growth
gigchain,3.695,False,taken,False,audience_connection
gigcircle,3.695,False,taken_parked,False,audience_connection
gigclear,3.695,False,taken_parked,False,audience_growth
gigcore,3.695,False,taken,False,audience_connection
gigdash,3.695,False,taken,False,audience_growth
gigdock,3.695,False,taken,False,audience_connection
gigdrive,3.695,False,taken,False,audience_growth
gigecho,3.695,False,taken,False,audience_connection
gigelev,3.695,False,taken,False,audience_growth
gigflow,3.695,False,taken,False,audience_connection
gigforge,3.695,False,taken,False,audience_growth
gigfree,3.695,False,taken_parked,False,audience_growth
gigfresh,3.695,False,taken_parked,False,audience_growth
gigfuse,3.695,False,taken_parked,False,audience_connection
gigharbor,3.695,False,taken,False,audience_growth
gighub,3.695,False,taken,False,audience_connection
gigjoin,3.695,False,taken,False,audience_connection
giglane,3.695,False,taken_parked,False,audience_connection
giglaunch,3.695,False,taken_parked,False,audience_growth
giglift,3.695,False,taken,False,audience_growth
gigline,3.695,False,taken,False,audience_connection
gigloop,3.695,False,taken_parked,False,audience_connection
gigmeet,3.695,False,taken,False,audience_connection
gigmerge,3.695,False,taken_parked,False,audience_connection
gignest,3.695,False,taken_parked,False,audience_connection
gignet,3.695,False,taken,False,audience_connection
gignode,3.695,False,taken,False,audience_connection
gignova,3.695,False,taken_parked,False,audience_growth
gigorbit,3.695,False,taken_parked,False,audience_growth
gigpath,3.695,False,taken,False,audience_connection
gigpeak,3.695,False,taken,False,audience_growth
gigport,3.695,False,taken_parked,False,audience_connection
gigprime,3.695,False,taken_parked,False,audience_growth
gigpulse,3.695,False,taken_parked,False,audience_growth
gigpush,3.695,False,taken_parked,False,audience_growth
gigrelay,3.695,False,taken,False,audience_connection
gigring,3.695,False,taken_parked,False,audience_connection
gigrise,3.695,False,taken_parked,False,audience_growth
gigroot,3.695,False,taken,False,audience_growth
gigroute,3.695,False,taken_parked,False,audience_connection
gigscale,3.695,False,taken,False,audience_growth
gigseed,3.695,False,taken_parked,False,audience_growth
gigshine,3.695,False,taken,False,audience_growth
gigsignal,3.695,False,taken,False,audience_connection
gigspark,3.695,False,taken_parked,False,audience_growth
gigspot,3.695,False,taken,False,audience_connection
gigsurge,3.695,False,taken,False,audience_growth
gigswift,3.695,False,taken,False,audience_growth
gigsync,3.695,False,taken,False,audience_connection
gigthrive,3.695,False,taken_parked,False,audience_growth
gigtrail,3.695,False,taken_parked,False,audience_connection
gigtrue,3.695,False,taken,False,audience_growth
gigunion,3.695,False,taken_parked,False,audience_connection
gigvivid,3.695,False,taken,False,audience_growth
gigwave,3.695,False,taken,False,audience_connection
gigweave,3.695,False,taken,False,audience_connection
gigweb,3.695,False,parked_or_active_no_ns,False,audience_connection
gigwire,3.695,False,taken,False,audience_connection
indiealign,3.695,False,taken,False,audience_connection
indieapex,3.695,False,taken,False,audience_growth
indiebase,3.695,False,taken,False,audience_connection
indieblend,3.695,False,taken_parked,False,audience_connection
indiebloom,3.695,False,taken,False,audience_growth
indiebold,3.695,False,taken,False,audience_growth
indieboost,3.695,False,taken,False,audience_growth
indiebuild,3.695,False,taken,False,audience_growth
indiechain,3.695,False,taken,False,audience_connection
indieclear,3.695,False,taken,False,audience_growth
indiecore,3.695,False,taken_parked,False,audience_connection
indiedash,3.695,False,taken_parked,False,audience_growth
indiedock,3.695,False,taken,False,audience_connection
indiedrive,3.695,False,taken_parked,False,audience_growth
indieflame,3.695,False,taken,False,audience_growth
indieflow,3.695,False,taken_parked,False,audience_connection
indieforge,3.695,False,taken,False,audience_growth
indiefree,3.695,False,taken_parked,False,audience_growth
indiefresh,3.695,False,taken,False,audience_growth
indiefuel,3.695,False,parked_or_active_no_ns,False,audience_growth
indiefuse,3.695,False,taken,False,audience_connection
indieglow,3.695,False,taken_parked,False,audience_growth
indiegrid,3.695,False,taken_parked,False,audience_connection
indiegrow,3.695,False,taken,False,audience_growth
indiehub,3.695,False,taken,False,audience_connection
indielane,3.695,False,taken,False,audience_connection
indielift,3.695,False,taken,False,audience_growth
indieline,3.695,False,taken_parked,False,audience_connection
indieloop,3.695,False,taken,False,audience_connection
indiemeet,3.695,False,taken,False,audience_connection
indiemerge,3.695,False,taken,False,audience_connection
indienest,3.695,False,taken_parked,False,audience_connection
indienet,3.695,False,taken_parked,False,audience_connection
indienode,3.695,False,taken_parked,False,audience_connection
indienova,3.695,False,taken,False,audience_growth
indieopen,3.695,False,taken_parked,False,audience_growth
indieorbit,3.695,False,taken_parked,False,audience_growth
indiepath,3.695,False,taken_parked,False,audience_connection
indiepeak,3.695,False,taken,False,audience_growth
indieport,3.695,False,taken_parked,False,audience_connection
indieprime,3.695,False,taken,False,audience_growth
indiepulse,3.695,False,parked_or_active_no_ns,False,audience_growth
indiepure,3.695,False,taken_parked,False,audience_growth
indiepush,3.695,False,taken_parked,False,audience_growth
indierelay,3.695,False,taken,False,audience_connection
indiering,3.695,False,taken,False,audience_connection
indierise,3.695,False,taken,False,audience_growth
indieroot,3.695,False,taken_parked,False,audience_growth
indieroute,3.695,False,taken,False,audience_connection
indiescale,3.695,False,taken,False,audience_growth
indieshine,3.695,False,taken,False,audience_growth
indiespark,3.695,False,taken,False,audience_growth
indiespot,3.695,False,taken,False,audience_connection
indiesurge,3.695,False,taken,False,audience_growth
indiesync,3.695,False,taken_parked,False,audience_connection
indietrail,3.695,False,taken_parked,False,audience_connection
indieunion,3.695,False,taken_parked,False,audience_connection
indiewave,3.695,False,taken,False,audience_connection
indieweb,3.695,False,taken,False,audience_connection
indiewire,3.695,False,taken,False,audience_connection
livealign,3.695,False,taken_parked,False,audience_connection
liveapex,3.695,False,taken,False,audience_growth
livebase,3.695,False,taken,False,audience_connection
livebeacon,3.695,False,taken,False,audience_growth
liveblend,3.695,False,taken_parked,False,audience_connection
livebloom,3.695,False,taken_parked,False,audience_growth
livebold,3.695,False,taken,False,audience_growth
livebond,3.695,False,taken_parked,False,audience_connection
liveboost,3.695,False,taken_parked,False,audience_growth
livebrave,3.695,False,taken_parked,False,audience_growth
livebridge,3.695,False,taken,False,audience_connection
livebright,3.695,False,taken,False,audience_growth
livebuild,3.695,False,taken,False,audience_growth
livechain,3.695,False,taken,False,audience_connection
livecircle,3.695,False,taken,False,audience_connection
liveclear,3.695,False,taken,False,audience_growth
livecore,3.695,False,taken,False,audience_connection
livedash,3.695,False,taken,False,audience_growth
livedock,3.695,False,taken,False,audience_connection
livedrive,3.695,False,taken,False,audience_growth
liveecho,3.695,False,taken,False,audience_connection
liveflame,3.695,False,taken_parked,False,audience_growth
liveflow,3.695,False,taken,False,audience_connection
liveforge,3.695,False,taken,False,audience_growth
livefree,3.695,False,taken,False,audience_growth
livefresh,3.695,False,taken,False,audience_growth
livefuel,3.695,False,taken_parked,False,audience_growth
livefuse,3.695,False,taken_parked,False,audience_connection
livegather,3.695,False,taken,False,audience_connection
liveglow,3.695,False,taken_parked,False,audience_growth
livegrid,3.695,False,taken,False,audience_connection
livegrow,3.695,False,taken_parked,False,audience_growth
liveharbor,3.695,False,taken_parked,False,audience_growth
livehub,3.695,False,taken,False,audience_connection
liveignite,3.695,False,taken,False,audience_growth
livejoin,3.695,False,taken,False,audience_connection
liveknit,3.695,False,taken,False,audience_connection
livelane,3.695,False,taken,False,audience_connection
livelaunch,3.695,False,taken,False,audience_growth
livelift,3.695,False,taken,False,audience_growth
liveloop,3.695,False,taken,False,audience_connection
livemeet,3.695,False,taken_parked,False,audience_connection
livemerge,3.695,False,taken_parked,False,audience_connection
livenest,3.695,False,taken_parked,False,audience_connection
livenet,3.695,False,taken,False,audience_connection
livenode,3.695,False,taken,False,audience_connection
liveopen,3.695,False,taken_parked,False,audience_growth
liveorbit,3.695,False,taken_parked,False,audience_growth
livepath,3.695,False,taken,False,audience_connection
livepeak,3.695,False,taken_parked,False,audience_growth
liveport,3.695,False,taken,False,audience_connection
liveprime,3.695,False,taken_parked,False,audience_growth
livepulse,3.695,False,taken,False,audience_growth
livepure,3.695,False,taken,False,audience_growth
livepush,3.695,False,taken,False,audience_growth
liverapid,3.695,False,taken_parked,False,audience_growth
liverelay,3.695,False,taken,False,audience_connection
livering,3.695,False,taken,False,audience_connection
liverise,3.695,False,taken_parked,False,audience_growth
liveroot,3.695,False,taken_parked,False,audience_growth
liveroute,3.695,False,taken,False,audience_connection
livescale,3.695,False,taken,False,audience_growth
liveseed,3.695,False,taken_parked,False,audience_growth
liveshine,3.695,False,taken_parked,False,audience_growth
livesignal,3.695,False,taken,False,audience_connection
livesoar,3.695,False,taken,False,audience_growth
livespark,3.695,False,taken,False,audience_growth
livespot,3.695,False,taken,False,audience_connection
livesurge,3.695,False,taken,False,audience_growth
liveswift,3.695,False,taken_parked,False,audience_growth
livesync,3.695,False,taken,False,audience_connection
livethrive,3.695,False,taken,False,audience_growth
livetie,3.695,False,taken,False,audience_connection
livetrail,3.695,False,taken_parked,False,audience_connection
livetrue,3.695,False,taken,False,audience_growth
liveunion,3.695,False,taken,False,audience_connection
livevivid,3.695,False,taken_parked,False,audience_growth
livewave,3.695,False,taken,False,audience_connection
liveweave,3.695,False,taken,False,audience_connection
livewire,3.695,False,taken,False,audience_connection
ownbase,3.695,False,taken,False,audience_connection
ownbloom,3.695,False,taken_parked,False,audience_growth
ownbold,3.695,False,taken,False,audience_growth
ownbond,3.695,False,taken_parked,False,audience_connection
ownboost,3.695,False,taken,False,audience_growth
ownbrave,3.695,False,taken,False,audience_growth
ownbridge,3.695,False,taken_parked,False,audience_connection
ownbright,3.695,False,taken,False,audience_growth
ownbuild,3.695,False,taken_parked,False,audience_growth
ownchain,3.695,False,taken_parked,False,audience_connection
owncircle,3.695,False,taken_parked,False,audience_connection
ownclear,3.695,False,taken,False,audience_growth
owncore,3.695,False,taken,False,audience_connection
owndash,3.695,False,taken_parked,False,audience_growth
owndock,3.695,False,taken,False,audience_connection
owndrive,3.695,False,taken,False,audience_growth
ownecho,3.695,False,taken,False,audience_connection
ownflow,3.695,False,taken,False,audience_connection
ownforge,3.695,False,taken,False,audience_growth
ownfree,3.695,False,taken_parked,False,audience_growth
ownfresh,3.695,False,taken_parked,False,audience_growth
ownfuel,3.695,False,taken_parked,False,audience_growth
ownfuse,3.695,False,taken,False,audience_connection
ownglow,3.695,False,taken_parked,False,audience_growth
owngrid,3.695,False,taken_parked,False,audience_connection
owngrow,3.695,False,taken,False,audience_growth
ownharbor,3.695,False,taken,False,audience_growth
ownhub,3.695,False,taken_parked,False,audience_connection
ownknit,3.695,False,taken,False,audience_connection
ownlane,3.695,False,taken,False,audience_connection
ownlaunch,3.695,False,taken,False,audience_growth
ownlift,3.695,False,taken_parked,False,audience_growth
ownline,3.695,False,taken,False,audience_connection
ownloop,3.695,False,taken,False,audience_connection
ownmeet,3.695,False,taken,False,audience_connection
ownopen,3.695,False,taken,False,audience_growth
ownorbit,3.695,False,taken,False,audience_growth
ownpath,3.695,False,taken,False,audience_connection
ownpeak,3.695,False,taken,False,audience_growth
ownport,3.695,False,taken_parked,False,audience_connection
ownprime,3.695,False,taken,False,audience_growth
ownpulse,3.695,False,taken,False,audience_growth
ownpure,3.695,False,taken_parked,False,audience_growth
ownpush,3.695,False,taken_parked,False,audience_growth
ownrelay,3.695,False,taken,False,audience_connection
ownrise,3.695,False,taken_parked,False,audience_growth
ownroot,3.695,False,taken,False,audience_growth
ownroute,3.695,False,taken_parked,False,audience_connection
ownscale,3.695,False,taken_parked,False,audience_growth
ownseed,3.695,False,taken_parked,False,audience_growth
ownshine,3.695,False,taken_parked,False,audience_growth
ownsignal,3.695,False,taken_parked,False,audience_connection
ownspark,3.695,False,taken,False,audience_growth
ownspot,3.695,False,taken,False,audience_connection
ownswift,3.695,False,taken_parked,False,audience_growth
ownsync,3.695,False,taken,False,audience_connection
ownthrive,3.695,False,taken,False,audience_growth
owntrail,3.695,False,taken,False,audience_connection
owntrue,3.695,False,taken_parked,False,audience_growth
ownwave,3.695,False,taken,False,audience_connection
ownweave,3.695,False,taken,False,audience_connection
ownweb,3.695,False,taken,False,audience_connection
ownwire,3.695,False,taken_parked,False,audience_connection
scenebase,3.695,False,taken,False,audience_connection
sceneblend,3.695,False,taken_parked,False,audience_connection
scenebloom,3.695,False,taken,False,audience_growth
sceneboost,3.695,False,taken_parked,False,audience_growth
scenebuild,3.695,False,taken,False,audience_growth
scenechain,3.695,False,taken,False,audience_connection
sceneclear,3.695,False,taken_parked,False,audience_growth
scenecore,3.695,False,taken,False,audience_connection
scenedash,3.695,False,taken_parked,False,audience_growth
scenedock,3.695,False,taken_parked,False,audience_connection
sceneecho,3.695,False,taken,False,audience_connection
sceneflow,3.695,False,taken,False,audience_connection
sceneforge,3.695,False,taken_parked,False,audience_growth
scenefuse,3.695,False,taken,False,audience_connection
sceneglow,3.695,False,taken,False,audience_growth
scenegrid,3.695,False,taken,False,audience_connection
scenehub,3.695,False,taken,False,audience_connection
scenelane,3.695,False,taken,False,audience_connection
scenelift,3.695,False,taken,False,audience_growth
sceneline,3.695,False,taken,False,audience_connection
sceneloop,3.695,False,taken_parked,False,audience_connection
scenemeet,3.695,False,taken,False,audience_connection
scenenest,3.695,False,taken,False,audience_connection
scenenet,3.695,False,taken_parked,False,audience_connection
scenenode,3.695,False,taken,False,audience_connection
sceneopen,3.695,False,taken,False,audience_growth
sceneorbit,3.695,False,taken,False,audience_growth
scenepath,3.695,False,taken_parked,False,audience_connection
scenepeak,3.695,False,taken,False,audience_growth
sceneport,3.695,False,taken,False,audience_connection
scenepulse,3.695,False,taken_parked,False,audience_growth
scenepure,3.695,False,taken,False,audience_growth
scenerise,3.695,False,taken,False,audience_growth
sceneroot,3.695,False,taken,False,audience_growth
scenescale,3.695,False,taken,False,audience_growth
sceneseed,3.695,False,taken,False,audience_growth
sceneshine,3.695,False,taken_parked,False,audience_growth
scenespark,3.695,False,taken,False,audience_growth
scenesurge,3.695,False,taken,False,audience_growth
sceneswift,3.695,False,taken,False,audience_growth
scenetrail,3.695,False,taken,False,audience_connection
scenewave,3.695,False,taken,False,audience_connection
sceneweave,3.695,False,taken,False,audience_connection
sceneweb,3.695,False,taken_parked,False,audience_connection
scenewire,3.695,False,taken_parked,False,audience_connection
stagealign,3.695,False,taken_parked,False,audience_connection
stagebase,3.695,False,taken,False,audience_connection
stageblend,3.695,False,taken,False,audience_connection
stagebloom,3.695,False,taken,False,audience_growth
stageboost,3.695,False,taken,False,audience_growth
stagebrave,3.695,False,taken,False,audience_growth
stagebuild,3.695,False,taken_parked,False,audience_growth
stagechain,3.695,False,taken_parked,False,audience_connection
stageclear,3.695,False,taken,False,audience_growth
stagecore,3.695,False,taken,False,audience_connection
stagedash,3.695,False,taken_parked,False,audience_growth
stagedock,3.695,False,taken,False,audience_connection
stagedrive,3.695,False,taken_parked,False,audience_growth
stageecho,3.695,False,taken,False,audience_connection
stageflame,3.695,False,taken,False,audience_growth
stageflow,3.695,False,taken_parked,False,audience_connection
stageforge,3.695,False,taken,False,audience_growth
stagefree,3.695,False,taken_parked,False,audience_growth
stagefresh,3.695,False,taken,False,audience_growth
stagefuel,3.695,False,taken,False,audience_growth
stagefuse,3.695,False,taken,False,audience_connection
stageglow,3.695,False,taken_parked,False,audience_growth
stagegrid,3.695,False,taken_parked,False,audience_connection
stagegrow,3.695,False,taken_parked,False,audience_growth
stagehub,3.695,False,taken,False,audience_connection
stagelane,3.695,False,taken_parked,False,audience_connection
stagelift,3.695,False,taken,False,audience_growth
stageline,3.695,False,taken,False,audience_connection
stageloop,3.695,False,taken_parked,False,audience_connection
stagemeet,3.695,False,taken_parked,False,audience_connection
stagemerge,3.695,False,taken,False,audience_connection
stagenest,3.695,False,taken,False,audience_connection
stagenet,3.695,False,taken,False,audience_connection
stagenode,3.695,False,taken,False,audience_connection
stagenova,3.695,False,taken,False,audience_growth
stageopen,3.695,False,taken,False,audience_growth
stageorbit,3.695,False,taken,False,audience_growth
stagepath,3.695,False,taken,False,audience_connection
stagepeak,3.695,False,taken_parked,False,audience_growth
stageport,3.695,False,taken,False,audience_connection
stageprime,3.695,False,taken_parked,False,audience_growth
stagepulse,3.695,False,taken,False,audience_growth
stagepure,3.695,False,taken_parked,False,audience_growth
stagepush,3.695,False,taken,False,audience_growth
stagerelay,3.695,False,taken,False,audience_connection
stagering,3.695,False,taken_parked,False,audience_connection
stagerise,3.695,False,taken,False,audience_growth
stageroot,3.695,False,taken,False,audience_growth
stageroute,3.695,False,taken_parked,False,audience_connection
stagescale,3.695,False,taken,False,audience_growth
stageseed,3.695,False,taken_parked,False,audience_growth
stageshine,3.695,False,taken_parked,False,audience_growth
stagespark,3.695,False,taken_parked,False,audience_growth
stagespot,3.695,False,taken,False,audience_connection
stagesurge,3.695,False,taken_parked,False,audience_growth
stageswift,3.695,False,taken,False,audience_growth
stagesync,3.695,False,taken_parked,False,audience_connection
stagetie,3.695,False,taken,False,audience_connection
stagetrail,3.695,False,taken,False,audience_connection
stagetrue,3.695,False,taken,False,audience_growth
stageunion,3.695,False,taken,False,audience_connection
stagewave,3.695,False,taken,False,audience_connection
stageweave,3.695,False,taken,False,audience_connection
stageweb,3.695,False,taken,False,audience_connection
stagewire,3.695,False,taken,False,audience_connection
supportmesh,3.695,False,taken_parked,False,audience_connection
tribealign,3.695,False,taken_parked,False,audience_connection
tribebase,3.695,False,taken,False,audience_connection
tribeblend,3.695,False,taken,False,audience_connection
tribebloom,3.695,False,taken_parked,False,audience_growth
tribebond,3.695,False,taken_parked,False,audience_connection
tribeboost,3.695,False,taken,False,audience_growth
tribebuild,3.695,False,taken,False,audience_growth
tribechain,3.695,False,taken_parked,False,audience_connection
tribecore,3.695,False,taken_parked,False,audience_connection
tribedash,3.695,False,taken,False,audience_growth
tribedock,3.695,False,taken,False,audience_connection
tribedrive,3.695,False,taken,False,audience_growth
tribeecho,3.695,False,taken,False,audience_connection
tribeflame,3.695,False,taken,False,audience_growth
tribeflow,3.695,False,taken,False,audience_connection
tribeforge,3.695,False,taken_parked,False,audience_growth
tribefree,3.695,False,taken_parked,False,audience_growth
tribefresh,3.695,False,taken_parked,False,audience_growth
tribefuel,3.695,False,taken,False,audience_growth
tribefuse,3.695,False,taken_parked,False,audience_connection
tribeglow,3.695,False,taken_parked,False,audience_growth
tribegrid,3.695,False,taken_parked,False,audience_connection
tribegrow,3.695,False,taken,False,audience_growth
tribehub,3.695,False,taken,False,audience_connection
tribejoin,3.695,False,taken,False,audience_connection
tribelane,3.695,False,taken_parked,False,audience_connection
tribelift,3.695,False,taken,False,audience_growth
tribeline,3.695,False,taken_parked,False,audience_connection
tribemeet,3.695,False,taken_parked,False,audience_connection
tribenest,3.695,False,taken_parked,False,audience_connection
tribenet,3.695,False,taken_parked,False,audience_connection
tribenode,3.695,False,taken,False,audience_connection
tribenova,3.695,False,taken_parked,False,audience_growth
tribeopen,3.695,False,taken,False,audience_growth
tribepath,3.695,False,taken,False,audience_connection
tribepeak,3.695,False,taken_parked,False,audience_growth
tribeport,3.695,False,taken,False,audience_connection
tribeprime,3.695,False,taken_parked,False,audience_growth
tribepulse,3.695,False,taken,False,audience_growth
tribepure,3.695,False,taken,False,audience_growth
tribering,3.695,False,taken,False,audience_connection
triberise,3.695,False,taken_parked,False,audience_growth
triberoot,3.695,False,taken_parked,False,audience_growth
triberoute,3.695,False,taken,False,audience_connection
tribescale,3.695,False,taken,False,audience_growth
tribeseed,3.695,False,taken_parked,False,audience_growth
tribespark,3.695,False,taken_parked,False,audience_growth
tribespot,3.695,False,taken_parked,False,audience_connection
tribesync,3.695,False,taken,False,audience_connection
tribetie,3.695,False,taken_parked,False,audience_connection
tribetrail,3.695,False,taken_parked,False,audience_connection
tribetrue,3.695,False,taken,False,audience_growth
tribeunion,3.695,False,taken_parked,False,audience_connection
tribewave,3.695,False,taken_parked,False,audience_connection
tribeweb,3.695,False,taken,False,audience_connection
tribewire,3.695,False,taken,False,audience_connection
venuebase,3.695,False,taken,False,audience_connection
venuebloom,3.695,False,taken,False,audience_growth
venueboost,3.695,False,taken_parked,False,audience_growth
venuebuild,3.695,False,parked_or_active_no_ns,False,audience_growth
venuechain,3.695,False,taken,False,audience_connection
venueclear,3.695,False,taken,False,audience_growth
venuecore,3.695,False,taken_parked,False,audience_connection
venuedash,3.695,False,taken_parked,False,audience_growth
venuedock,3.695,False,taken,False,audience_connection
venuedrive,3.695,False,taken,False,audience_growth
venueecho,3.695,False,taken,False,audience_connection
venueflow,3.695,False,taken,False,audience_connection
venueforge,3.695,False,taken,False,audience_growth
venuefree,3.695,False,taken,False,audience_growth
venuefresh,3.695,False,parked_or_active_no_ns,False,audience_growth
venuefuel,3.695,False,taken,False,audience_growth
venuefuse,3.695,False,taken_parked,False,audience_connection
venuegrid,3.695,False,taken,False,audience_connection
venuegrow,3.695,False,taken,False,audience_growth
venuehub,3.695,False,taken,False,audience_connection
venuelane,3.695,False,taken_parked,False,audience_connection
venuelift,3.695,False,taken,False,audience_growth
venueline,3.695,False,parked_or_active_no_ns,False,audience_connection
venueloop,3.695,False,taken,False,audience_connection
venuemeet,3.695,False,taken,False,audience_connection
venuenest,3.695,False,taken,False,audience_connection
venuenet,3.695,False,taken,False,audience_connection
venuenode,3.695,False,taken,False,audience_connection
venueorbit,3.695,False,taken,False,audience_growth
venuepath,3.695,False,taken,False,audience_connection
venuepeak,3.695,False,taken_parked,False,audience_growth
venueport,3.695,False,taken,False,audience_connection
venueprime,3.695,False,taken_parked,False,audience_growth
venuepulse,3.695,False,taken_parked,False,audience_growth
venuepure,3.695,False,taken_parked,False,audience_growth
venuepush,3.695,False,taken,False,audience_growth
venuerelay,3.695,False,taken,False,audience_connection
venuerise,3.695,False,taken,False,audience_growth
venueroute,3.695,False,taken,False,audience_connection
venueseed,3.695,False,taken_parked,False,audience_growth
venueshine,3.695,False,taken,False,audience_growth
venuespark,3.695,False,taken,False,audience_growth
venuespot,3.695,False,taken,False,audience_connection
venuesurge,3.695,False,taken,False,audience_growth
venuesync,3.695,False,taken_parked,False,audience_connection
venuetrail,3.695,False,taken,False,audience_connection
venuetrue,3.695,False,taken,False,audience_growth
venuewave,3.695,False,taken,False,audience_connection
venueweb,3.695,False,parked_or_active_no_ns,False,audience_connection
venuewire,3.695,False,taken,False,audience_connection
collecthub,3.65,False,taken,False,audience_connection
collectnet,3.65,False,taken,False,audience_connection
collectweb,3.65,False,taken,False,audience_connection
crowddash,3.65,False,taken_parked,False,audience_growth
crowddock,3.65,False,taken,False,audience_connection
crowddrive,3.65,False,taken_parked,False,audience_growth
crowdrally,3.65,False,taken_parked,False,audience_growth
directtie,3.65,False,taken,False,audience_connection
fannest,3.65,False,taken_parked,False,audience_connection
fannet,3.65,False,taken,False,audience_connection
fannode,3.65,False,taken,False,audience_connection
fannova,3.65,False,taken,False,audience_growth
fanrally,3.65,False,taken,False,audience_growth
gigglow,3.65,False,taken,False,audience_growth
giggrid,3.65,False,taken_parked,False,audience_connection
giggrow,3.65,False,taken_parked,False,audience_growth
gigrally,3.65,False,taken_parked,False,audience_growth
liverally,3.65,False,parked_or_active_no_ns,False,audience_growth
ownnest,3.65,False,taken_parked,False,audience_connection
ownnet,3.65,False,taken,False,audience_connection
ownnova,3.65,False,taken,False,audience_growth
stagerally,3.65,False,taken_parked,False,audience_growth
supportnet,3.65,False,taken,False,audience_connection
supportweb,3.65,False,taken,False,audience_connection
triberally,3.65,False,taken,False,audience_growth
beatlynk,3.63,False,taken,True,blend
soundlynk,3.63,False,taken,True,blend
artistalign,3.62,False,taken,False,audience_connection
artistanchor,3.62,False,taken_parked,False,audience_growth
artistblend,3.62,False,taken,False,audience_connection
artistbloom,3.62,False,taken_parked,False,audience_growth
artistboost,3.62,False,taken,False,audience_growth
artistbridge,3.62,False,taken,False,audience_connection
artistbright,3.62,False,taken,False,audience_growth
artistbuild,3.62,False,taken,False,audience_growth
artistchain,3.62,False,taken_parked,False,audience_connection
artistcircle,3.62,False,taken_parked,False,audience_connection
artistclear,3.62,False,taken,False,audience_growth
artistdrive,3.62,False,taken_parked,False,audience_growth
artistflame,3.62,False,parked_or_active_no_ns,False,audience_growth
artistforge,3.62,False,taken_parked,False,audience_growth
artistgather,3.62,False,taken,False,audience_connection
artistharbor,3.62,False,taken,False,audience_growth
artistlaunch,3.62,False,taken,False,audience_growth
artistorbit,3.62,False,taken,False,audience_growth
artistprime,3.62,False,taken,False,audience_growth
artistpulse,3.62,False,taken,False,audience_growth
artistrelay,3.62,False,taken,False,audience_connection
artistroute,3.62,False,taken,False,audience_connection
artistshine,3.62,False,parked_or_active_no_ns,False,audience_growth
artistsignal,3.62,False,taken_parked,False,audience_connection
artistspark,3.62,False,taken_parked,False,audience_growth
artistunion,3.62,False,taken,False,audience_connection
creatoralign,3.62,False,taken,False,audience_connection
creatorapex,3.62,False,taken_parked,False,audience_growth
creatorbase,3.62,False,taken,False,audience_connection
creatorblend,3.62,False,taken_parked,False,audience_connection
creatorbloom,3.62,False,taken_parked,False,audience_growth
creatorbold,3.62,False,taken,False,audience_growth
creatorbond,3.62,False,taken,False,audience_connection
creatorboost,3.62,False,taken,False,audience_growth
creatorbrave,3.62,False,taken,False,audience_growth
creatorbuild,3.62,False,taken_parked,False,audience_growth
creatorchain,3.62,False,taken,False,audience_connection
creatorclear,3.62,False,taken,False,audience_growth
creatorcore,3.62,False,taken,False,audience_connection
creatordash,3.62,False,taken,False,audience_growth
creatordock,3.62,False,taken_parked,False,audience_connection
creatordrive,3.62,False,taken_parked,False,audience_growth
creatorecho,3.62,False,taken,False,audience_connection
creatorflame,3.62,False,taken,False,audience_growth
creatorflow,3.62,False,taken_parked,False,audience_connection
creatorforge,3.62,False,taken,False,audience_growth
creatorfree,3.62,False,taken_parked,False,audience_growth
creatorfresh,3.62,False,taken,False,audience_growth
creatorfuel,3.62,False,taken_parked,False,audience_growth
creatorglow,3.62,False,taken,False,audience_growth
creatorgrid,3.62,False,taken,False,audience_connection
creatorgrow,3.62,False,taken,False,audience_growth
creatorjoin,3.62,False,taken,False,audience_connection
creatorlift,3.62,False,taken,False,audience_growth
creatorline,3.62,False,taken_parked,False,audience_connection
creatorloop,3.62,False,taken,False,audience_connection
creatormeet,3.62,False,taken_parked,False,audience_connection
creatormerge,3.62,False,taken,False,audience_connection
creatornest,3.62,False,taken_parked,False,audience_connection
creatornode,3.62,False,taken,False,audience_connection
creatornova,3.62,False,taken,False,audience_growth
creatoropen,3.62,False,taken,False,audience_growth
creatororbit,3.62,False,taken,False,audience_growth
creatorpath,3.62,False,taken_parked,False,audience_connection
creatorpeak,3.62,False,taken_parked,False,audience_growth
creatorport,3.62,False,taken_parked,False,audience_connection
creatorpulse,3.62,False,taken_parked,False,audience_growth
creatorpush,3.62,False,taken,False,audience_growth
creatorscale,3.62,False,taken,False,audience_growth
creatorseed,3.62,False,taken_parked,False,audience_growth
creatorspark,3.62,False,taken,False,audience_growth
creatorsurge,3.62,False,taken,False,audience_growth
creatorswift,3.62,False,taken,False,audience_growth
creatorsync,3.62,False,taken,False,audience_connection
creatortrail,3.62,False,taken,False,audience_connection
creatorunion,3.62,False,taken,False,audience_connection
creatorwave,3.62,False,taken_parked,False,audience_connection
creatorweave,3.62,False,taken,False,audience_connection
creatorwire,3.62,False,taken,False,audience_connection
crowdbeacon,3.62,False,taken,False,audience_growth
crowdbridge,3.62,False,taken,False,audience_connection
crowdbright,3.62,False,taken_parked,False,audience_growth
crowdcircle,3.62,False,taken_parked,False,audience_connection
crowdgather,3.62,False,taken,False,audience_connection
crowdharbor,3.62,False,taken,False,audience_growth
crowdignite,3.62,False,taken,False,audience_growth
crowdlaunch,3.62,False,taken,False,audience_growth
crowdsignal,3.62,False,taken,False,audience_connection
crowdthrive,3.62,False,taken_parked,False,audience_growth
directalign,3.62,False,taken_parked,False,audience_connection
directanchor,3.62,False,taken,False,audience_growth
directbeacon,3.62,False,taken_parked,False,audience_growth
directblend,3.62,False,taken_parked,False,audience_connection
directbloom,3.62,False,taken,False,audience_growth
directboost,3.62,False,taken_parked,False,audience_growth
directbridge,3.62,False,taken_parked,False,audience_connection
directbright,3.62,False,taken_parked,False,audience_growth
directbuild,3.62,False,taken,False,audience_growth
directchain,3.62,False,taken,False,audience_connection
directcircle,3.62,False,taken_parked,False,audience_connection
directclear,3.62,False,taken_parked,False,audience_growth
directdrive,3.62,False,taken,False,audience_growth
directflame,3.62,False,taken_parked,False,audience_growth
directforge,3.62,False,taken_parked,False,audience_growth
directfresh,3.62,False,taken,False,audience_growth
directharbor,3.62,False,taken_parked,False,audience_growth
directlaunch,3.62,False,taken_parked,False,audience_growth
directmerge,3.62,False,taken_parked,False,audience_connection
directorbit,3.62,False,taken_parked,False,audience_growth
directprime,3.62,False,parked_or_active_no_ns,False,audience_growth
directpulse,3.62,False,taken,False,audience_growth
directrapid,3.62,False,taken_parked,False,audience_growth
directrelay,3.62,False,taken,False,audience_connection
directroute,3.62,False,taken_parked,False,audience_connection
directscale,3.62,False,taken,False,audience_growth
directshine,3.62,False,taken,False,audience_growth
directsignal,3.62,False,taken_parked,False,audience_connection
directspark,3.62,False,taken,False,audience_growth
directsurge,3.62,False,taken_parked,False,audience_growth
directswift,3.62,False,taken,False,audience_growth
directunion,3.62,False,taken_parked,False,audience_connection
directweave,3.62,False,taken,False,audience_connection
indieanchor,3.62,False,taken,False,audience_growth
indiebridge,3.62,False,taken_parked,False,audience_connection
indiecircle,3.62,False,taken_parked,False,audience_connection
indieharbor,3.62,False,taken,False,audience_growth
indieignite,3.62,False,taken_parked,False,audience_growth
indielaunch,3.62,False,parked_or_active_no_ns,False,audience_growth
indiesignal,3.62,False,taken,False,audience_connection
indiethrive,3.62,False,taken_parked,False,audience_growth
sceneanchor,3.62,False,taken,False,audience_growth
scenebridge,3.62,False,taken,False,audience_connection
scenecircle,3.62,False,taken,False,audience_connection
sceneharbor,3.62,False,taken,False,audience_growth
scenelaunch,3.62,False,taken,False,audience_growth
scenesignal,3.62,False,taken,False,audience_connection
scenethrive,3.62,False,taken,False,audience_growth
stageanchor,3.62,False,taken,False,audience_growth
stagebeacon,3.62,False,taken,False,audience_growth
stagebridge,3.62,False,taken,False,audience_connection
stagebright,3.62,False,taken_parked,False,audience_growth
stagecircle,3.62,False,taken,False,audience_connection
stageharbor,3.62,False,taken,False,audience_growth
stagelaunch,3.62,False,taken_parked,False,audience_growth
stagethrive,3.62,False,taken,False,audience_growth
tribebridge,3.62,False,taken_parked,False,audience_connection
tribebright,3.62,False,taken_parked,False,audience_growth
tribecircle,3.62,False,taken_parked,False,audience_connection
tribegather,3.62,False,taken,False,audience_connection
tribeignite,3.62,False,taken_parked,False,audience_growth
tribelaunch,3.62,False,taken_parked,False,audience_growth
tribesignal,3.62,False,taken_parked,False,audience_connection
tribethrive,3.62,False,taken_parked,False,audience_growth
venuebeacon,3.62,False,taken_parked,False,audience_growth
venuebridge,3.62,False,taken_parked,False,audience_connection
venuebright,3.62,False,taken,False,audience_growth
venuecircle,3.62,False,taken_parked,False,audience_connection
venueharbor,3.62,False,taken,False,audience_growth
venueignite,3.62,False,taken,False,audience_growth
venuelaunch,3.62,False,taken,False,audience_growth
venuesignal,3.62,False,taken,False,audience_connection
artistthrive,3.575,False,taken,False,audience_growth
collectapex,3.575,False,taken,False,audience_growth
collectbase,3.575,False,taken,False,audience_connection
collectboost,3.575,False,taken_parked,False,audience_growth
collectchain,3.575,False,taken_parked,False,audience_connection
collectclear,3.575,False,taken,False,audience_growth
collectcore,3.575,False,taken,False,audience_connection
collectecho,3.575,False,taken,False,audience_connection
collectflow,3.575,False,taken,False,audience_connection
collectforge,3.575,False,taken,False,audience_growth
collectfree,3.575,False,taken,False,audience_growth
collectfresh,3.575,False,taken,False,audience_growth
collectgrid,3.575,False,taken,False,audience_connection
collectlane,3.575,False,taken,False,audience_connection
collectline,3.575,False,taken,False,audience_connection
collectnest,3.575,False,taken_parked,False,audience_connection
collectnode,3.575,False,taken_parked,False,audience_connection
collectnova,3.575,False,taken,False,audience_growth
collectorbit,3.575,False,taken_parked,False,audience_growth
collectpath,3.575,False,taken,False,audience_connection
collectpeak,3.575,False,taken,False,audience_growth
collectport,3.575,False,taken,False,audience_connection
collectprime,3.575,False,taken,False,audience_growth
collectpulse,3.575,False,taken,False,audience_growth
collectpure,3.575,False,taken,False,audience_growth
collectrelay,3.575,False,taken,False,audience_connection
collectring,3.575,False,taken,False,audience_connection
collectroute,3.575,False,taken,False,audience_connection
collectseed,3.575,False,taken,False,audience_growth
collectshine,3.575,False,taken,False,audience_growth
collectspot,3.575,False,taken,False,audience_connection
collectswift,3.575,False,taken,False,audience_growth
collectsync,3.575,False,taken,False,audience_connection
collectwave,3.575,False,taken,False,audience_connection
collectwire,3.575,False,taken,False,audience_connection
creatorrapid,3.575,False,taken,False,audience_growth
creatorrelay,3.575,False,taken,False,audience_connection
creatorrise,3.575,False,taken,False,audience_growth
creatorroot,3.575,False,taken,False,audience_growth
creatorroute,3.575,False,taken,False,audience_connection
directrally,3.575,False,taken,False,audience_growth
directthrive,3.575,False,taken,False,audience_growth
directtrail,3.575,False,taken_parked,False,audience_connection
supportapex,3.575,False,taken,False,audience_growth
supportbase,3.575,False,taken,False,audience_connection
supportblend,3.575,False,taken,False,audience_connection
supportbloom,3.575,False,taken,False,audience_growth
supportboost,3.575,False,taken,False,audience_growth
supportbuild,3.575,False,taken,False,audience_growth
supportchain,3.575,False,taken,False,audience_connection
supportclear,3.575,False,taken,False,audience_growth
supportcore,3.575,False,taken_parked,False,audience_connection
supportdash,3.575,False,taken_parked,False,audience_growth
supportdock,3.575,False,taken,False,audience_connection
supportdrive,3.575,False,taken_parked,False,audience_growth
supportecho,3.575,False,taken,False,audience_connection
supportflame,3.575,False,taken,False,audience_growth
supportflow,3.575,False,taken_parked,False,audience_connection
supportforge,3.575,False,taken,False,audience_growth
supportfree,3.575,False,taken,False,audience_growth
supportfresh,3.575,False,parked_or_active_no_ns,False,audience_growth
supportfuel,3.575,False,taken_parked,False,audience_growth
supportfuse,3.575,False,taken,False,audience_connection
supportgrid,3.575,False,taken,False,audience_connection
supportgrow,3.575,False,taken,False,audience_growth
supportjoin,3.575,False,taken,False,audience_connection
supportlane,3.575,False,taken,False,audience_connection
supportlift,3.575,False,taken,False,audience_growth
supportline,3.575,False,taken_parked,False,audience_connection
supportloop,3.575,False,taken_parked,False,audience_connection
supportnest,3.575,False,taken_parked,False,audience_connection
supportnode,3.575,False,taken,False,audience_connection
supportnova,3.575,False,taken,False,audience_growth
supportopen,3.575,False,taken_parked,False,audience_growth
supportorbit,3.575,False,taken_parked,False,audience_growth
supportpath,3.575,False,taken,False,audience_connection
supportpeak,3.575,False,taken_parked,False,audience_growth
supportport,3.575,False,taken_parked,False,audience_connection
supportprime,3.575,False,taken_parked,False,audience_growth
supportpulse,3.575,False,taken_parked,False,audience_growth
supportpure,3.575,False,taken_parked,False,audience_growth
supportpush,3.575,False,taken,False,audience_growth
supportrelay,3.575,False,taken_parked,False,audience_connection
supportring,3.575,False,taken,False,audience_connection
supportrise,3.575,False,taken_parked,False,audience_growth
supportroot,3.575,False,taken,False,audience_growth
supportroute,3.575,False,taken_parked,False,audience_connection
supportscale,3.575,False,taken,False,audience_growth
supportseed,3.575,False,taken,False,audience_growth
supportshine,3.575,False,taken,False,audience_growth
supportspark,3.575,False,taken,False,audience_growth
supportspot,3.575,False,taken,False,audience_connection
supportsurge,3.575,False,taken,False,audience_growth
supportswift,3.575,False,taken,False,audience_growth
supportsync,3.575,False,taken,False,audience_connection
supportunion,3.575,False,taken_parked,False,audience_connection
supportwave,3.575,False,taken,False,audience_connection
supportweave,3.575,False,taken,False,audience_connection
supportwire,3.575,False,taken,False,audience_connection
creatorrally,3.53,False,taken_parked,False,audience_growth
supporttrue,3.53,False,taken_parked,False,audience_growth
